TradDt,BizDt,Sgmt,Src,FinInstrmTp,FinInstrmId,ISIN,TckrSymb,SctySrs,XpryDt,FininstrmActlXpryDt,StrkPric,OptnTp,FinInstrmNm,OpnPric,HghPric,LwPric,ClsPric,LastPric,PrvsClsgPric,UndrlygPric,SttlmPric,OpnIntrst,ChngInOpnIntrst,TtlTradgVol,TtlTrfVal,TtlNbOfTxsExctd,SsnId,NewBrdLotQty,Rmks,Rsvd1,Rsvd2,Rsvd3,Rsvd4
10-09-2026,10-09-2026,CM,BSE,STK,500002,INE117A01022,ABB,A,,,,,ABB INDIA LIMITED,7434.35,7434.35,7290.1,7330,7330,7393.3,,7329,,,1945,14292177,372,F1,1,,,,,
10-09-2026,10-09-2026,CM,BSE,STK,500003,INE208C01025,AEGISLOG,A,,,,,AEGIS LOGISTICS LTD.,1354.65,1384,1300.3,1306.6,1306.6,1341.45,,1307.58,,,46253,62075089,2866,F1,1,,,,,
10-09-2026,10-09-2026,CM,BSE,STK,500008,INE885A01032,ARE&M,A,,,,,Amara Raja Energy & Mobility L,830.05,837.45,817,819.2,817.8,832.55,,819.2,,,58833,48655842,3595,F1,1,,,,,
10-09-2026,10-09-2026,CM,BSE,STK,500009,INE432A01017,AMBALALSA,T,,,,,AMBALAL SARABHAI ENTERPRISES L,42.15,42.15,41.02,41.45,41.16,42.15,,41.51,,,10674,441631,39,F1,1,,,,,
10-09-2026,10-09-2026,CM,BSE,STK,500012,INE714B01016,ANDHRAPET,X,,,,,ANDHRA PETROCHEMICALS LTD.,47.01,47.9,45.36,45.51,45.51,47.01,,45.51,,,51987,2393674,438,F1,1,,,,,
10-09-2026,10-09-2026,CM,BSE,STK,500013,INE436A01026,ANSALAPI,Z,,,,,ANSAL PROPERTIES & INFRASTRUCT,3.49,3.49,3.44,3.49,3.49,3.46,,3.39,,,8194,28350,14,F1,1,,,,,
10-09-2026,10-09-2026,CM,BSE,STK,500014,INE096A01010,UTIQUE,X,,,,,UTIQUE ENTERPRISES LIMITED,3.97,3.97,3.8,3.83,3.83,3.87,,3.83,,,5112,19806,50,F1,1,,,,,
10-09-2026,10-09-2026,CM,BSE,STK,500016,INE957C01019,ARUNAHTEL,X,,,,,ARUNA HOTELS LTD.,7.42,7.99,7.14,7.48,7.5,7.42,,7.48,,,27540,203117,47,F1,1,,,,,
10-09-2026,10-09-2026,CM,BSE,STK,500020,INE032A01023,BOMDYEING,B,,,,,BOMBAY DYEING & MFG.CO.LTD.,113.9,114.05,111.75,112.75,112.75,112.9,,112.52,,,30173,3399061,408,F1,1,,,,,
10-09-2026,10-09-2026,CM,BSE,STK,500023,INE363A01022,ASIANHOTNR,B,,,,,ASIAN HOTELS (NORTH) LIMITED,389.85,402.1,380.9,385.4,387.45,408.2,,382.41,,,844,324632,70,F1,1,,,,,
10-09-2026,10-09-2026,CM,BSE,STK,500027,INE100A01010,ATUL,A,,,,,ATUL LTD.,6225.9,6379.9,6225.9,6345.45,6346,6217.65,,6355.88,,,466,2940594,128,F1,1,,,,,
10-09-2026,10-09-2026,CM,BSE,STK,500028,INE447A01015,ATVPR,X,,,,,ATV PROJECTS INDIA LTD.,25.9,25.98,24.99,25,25,25.29,,25,,,14493,366436,95,F1,1,,,,,
10-09-2026,10-09-2026,CM,BSE,STK,500031,INE193E01025,BAJAJELEC,A,,,,,BAJAJ ELECTRICALS LTD.,341.8,345.45,335.65,338.35,339.5,339.4,,337.76,,,18495,6268580,442,F1,1,,,,,
10-09-2026,10-09-2026,CM,BSE,STK,500032,INE306A01021,BAJAJHIND,B,,,,,BAJAJ HINDUSTHAN SUGAR LIMITED,21.38,21.88,21.24,21.42,21.42,21.37,,21.4,,,1064008,22901950,2165,F1,1,,,,,
10-09-2026,10-09-2026,CM,BSE,STK,500033,INE451A01017,FORCEMOT,A,,,,,FORCE MOTORS LTD.,17410,18331,17375,18160,18160,17378.65,,18174.61,,,20335,366820578,5250,F1,1,,,,,
10-09-2026,10-09-2026,CM,BSE,STK,500034,INE296A01032,BAJFINANCE,A,,,,,BAJAJ FINANCE LIMITED,1038.15,1048.8,1036.1,1046,1046,1040,,1043.91,,,230365,240435844,6959,F1,1,,,,,
10-09-2026,10-09-2026,CM,BSE,STK,500038,INE119A01028,BALRAMCHIN,A,,,,,BALRAMPUR CHINI MILLS LTD,704,714.25,694.95,707.05,707.05,699.2,,705.2,,,78954,55716239,1993,F1,1,,,,,
10-09-2026,10-09-2026,CM,BSE,STK,500039,INE213C01025,BANCOINDIA,A,,,,,BANCO PRODUCTS (INDIA) LTD.,641,641,624.6,630.9,629.05,635.05,,628.4,,,23247,14670264,502,F1,1,,,,,
10-09-2026,10-09-2026,CM,BSE,STK,500040,INE055A01016,ABREL,A,,,,,ADITYA BIRLA REAL ESTATE LIMIT,1337.05,1345.3,1322.45,1336.5,1336.5,1341.65,,1337.34,,,3055,4072238,321,F1,1,,,,,
10-09-2026,10-09-2026,CM,BSE,STK,500041,INE459A01010,BANARISUG,B,,,,,BANNARI AMMAN SUGARS LTD.,3620,3620,3564.9,3570.2,3570.2,3682.15,,3590.13,,,20,71735,9,F1,1,,,,,
10-09-2026,10-09-2026,CM,BSE,STK,500042,INE373A01013,BASF,A,,,,,BASF INDIA LTD.,3730,3775.75,3680.95,3692.2,3680.95,3745.25,,3688.48,,,692,2572100,216,F1,1,,,,,
10-09-2026,10-09-2026,CM,BSE,STK,500043,INE176A01028,BATAINDIA,A,,,,,BATA INDIA LTD.,660.1,663.45,652.1,653.7,653.5,660.95,,653.29,,,7812,5137669,456,F1,1,,,,,
10-09-2026,10-09-2026,CM,BSE,STK,500048,INE258A01024,BEML,A,,,,,BEML LTD.,2101.65,2108.55,2025,2029.95,2029.95,2097.05,,2029.05,,,32515,66695860,1567,F1,1,,,,,
10-09-2026,10-09-2026,CM,BSE,STK,500049,INE263A01024,BEL,A,,,,,BHARAT ELECTRONICS LTD.,406.2,407,402,403,403,406.2,,404.9,,,854493,345660892,12634,F1,1,,,,,
10-09-2026,10-09-2026,CM,BSE,STK,500051,INE099C01010,BHAGGAS,XT,,,,,BHAGAWATI GAS LIMITED,7.61,7.64,7.23,7.23,7.23,7.61,,7.23,,,13143,95583,101,F1,1,,,,,
10-09-2026,10-09-2026,CM,BSE,STK,500052,INE922A01025,BEPL,B,,,,,BHANSALI ENGINEERING POLYMERS,133.75,135.9,129.6,130.5,131,133.6,,130.3,,,137661,18224781,1656,F1,1,,,,,
10-09-2026,10-09-2026,CM,BSE,STK,500058,INE819C01011,BIHSPONG,X,,,,,BIHAR SPONGE IRON LTD.,12.08,12.2,11.6,12.01,12.09,11.87,,12.01,,,13074,155409,75,F1,1,,,,,
10-09-2026,10-09-2026,CM,BSE,STK,500059,INE071A01013,BILVYAPAR,T,,,,,BIL VYAPAR LIMITED,4.12,4.12,3.88,3.95,3.95,4,,4,,,3133,12718,11,F1,1,,,,,
10-09-2026,10-09-2026,CM,BSE,STK,500060,INE800A01015,BIRLACABLE,B,,,,,Birla Cable Limited,369.85,373.3,360.15,373.3,373.3,355.55,,374.65,,,80616,29885663,1127,F1,1,,,,,
10-09-2026,10-09-2026,CM,BSE,STK,500067,INE472A01039,BLUESTARCO,A,,,,,BLUE STAR LTD.,1454.2,1519.2,1454.2,1513.6,1513.6,1455.8,,1513.99,,,29274,43803939,1625,F1,1,,,,,
10-09-2026,10-09-2026,CM,BSE,STK,500069,INE418C01012,QUESTCAP,X,,,,,QUEST CAPITAL MARKETS LIMITED,256.9,256.9,250.5,250.5,250.5,250,,250.5,,,178,44879,13,F1,1,,,,,
10-09-2026,10-09-2026,CM,BSE,STK,500074,INE110A01019,BPL,B,,,,,BPL LTD.,48.35,49,47,47.24,47.45,48.05,,47.32,,,6603,313763,108,F1,1,,,,,
10-09-2026,10-09-2026,CM,BSE,STK,500078,INE959C01023,OAL,B,,,,,ORIENTAL AROMATICS LIMITED,540.85,559,521.4,524.95,524.95,540.85,,524.79,,,7202,3890289,660,F1,1,,,,,
10-09-2026,10-09-2026,CM,BSE,STK,500083,INE281A01026,CENTEXT,B,,,,,CENTURY EXTRUSIONS LTD.,21.98,22.89,21.98,22.83,22.83,21.92,,22.8,,,46198,1043591,411,F1,1,,,,,
10-09-2026,10-09-2026,CM,BSE,STK,500084,INE486A01021,CESC,A,,,,,CESC LTD.,149.15,152.45,146.45,147.05,147.05,149.7,,147.53,,,99761,14872464,2046,F1,1,,,,,
10-09-2026,10-09-2026,CM,BSE,STK,500085,INE085A01013,CHAMBLFERT,A,,,,,CHAMBAL FERTILISERS & CHEMICAL,414,423,414,417.6,417.6,415.7,,417.74,,,41188,17274921,1634,F1,1,,,,,
10-09-2026,10-09-2026,CM,BSE,STK,500086,INE302A01020,EXIDEIND,A,,,,,EXIDE INDUSTRIES LTD.,410.05,423.95,410,420.8,420.8,410.9,,420.85,,,232069,97485396,5231,F1,1,,,,,
10-09-2026,10-09-2026,CM,BSE,STK,500087,INE059A01026,CIPLA,A,,,,,CIPLA LTD.,1364.5,1380,1363.95,1380,1380,1368,,1373.34,,,15545,21324149,1195,F1,1,,,,,
10-09-2026,10-09-2026,CM,BSE,STK,500089,INE303A01010,DICIND,B,,,,,DIC INDIA LTD.,618.9,618.9,600.3,600.35,600.35,618.9,,601.08,,,213,128880,54,F1,1,,,,,
10-09-2026,10-09-2026,CM,BSE,STK,500092,INE007A01025,CRISIL,A,,,,,CRISIL LTD.,4699.95,4778.05,4682.15,4720.35,4718.7,4682.85,,4721.66,,,834,3941795,225,F1,1,,,,,
10-09-2026,10-09-2026,CM,BSE,STK,500093,INE067A01029,CGPOWER,A,,,,,CG Power and Industrial Soluti,927.05,930.6,906,908,908,927,,914.51,,,134771,123465695,5045,F1,1,,,,,
10-09-2026,10-09-2026,CM,BSE,STK,500096,INE016A01026,DABUR,A,,,,,DABUR INDIA LTD.,369.55,377.65,368.45,377.5,377.5,372,,376.46,,,81355,30414192,2525,F1,1,,,,,
10-09-2026,10-09-2026,CM,BSE,STK,500097,INE495A01022,DALMIASUG,B,,,,,DALMIA BHARAT SUGAR AND INDUST,404.35,442.75,404.35,433.45,431.1,432.85,,431.57,,,8103,3530392,294,F1,1,,,,,
10-09-2026,10-09-2026,CM,BSE,STK,500101,INE034A01011,ARVIND,A,,,,,ARVIND LTD.,585.9,585.9,484,569.6,570,571.85,,569.8,,,15023,8622259,796,F1,1,,,,,
10-09-2026,10-09-2026,CM,BSE,STK,500103,INE257A01026,BHEL,A,,,,,BHARAT HEAVY ELECTRICALS LTD.,433.75,435.6,427.35,432,432,433.3,,429.55,,,344714,148700094,4213,F1,1,,,,,
10-09-2026,10-09-2026,CM,BSE,STK,500104,INE094A01015,HINDPETRO,A,,,,,HINDUSTAN PETROLEUM CORPORATIO,346.95,354,346.9,354,354,349,,352.72,,,161738,56833098,2708,F1,1,,,,,
10-09-2026,10-09-2026,CM,BSE,STK,500106,INE039A01010,IFCI,A,,,,,IFCI LTD.,89.21,90.38,84.61,85.14,85.14,89.04,,85.15,,,7057166,614968079,32155,F1,1,,,,,
10-09-2026,10-09-2026,CM,BSE,STK,500108,INE153A01019,MTNL,B,,,,,MAHANAGAR TELEPHONE NIGAM LTD.,25.05,25.45,24.97,25.14,25.16,25.21,,25.1,,,71886,1811858,257,F1,1,,,,,
10-09-2026,10-09-2026,CM,BSE,STK,500109,INE103A01014,MRPL,A,,,,,MANGALORE REFINERY & PETROCHEM,185.2,191.95,148.1,181.35,181.1,184.25,,181.32,,,1199285,221705498,11687,F1,1,,,,,
10-09-2026,10-09-2026,CM,BSE,STK,500110,INE178A01016,CHENNPETRO,A,,,,,CHENNAI PETROLEUM CORPORATION,1602.95,1660.6,1571.1,1625.9,1625.9,1602.95,,1626.38,,,209784,338770019,8449,F1,1,,,,,
10-09-2026,10-09-2026,CM,BSE,STK,500112,INE062A01020,SBIN,A,,,,,STATE BANK OF INDIA,1001.75,1011.9,1001.5,1004.5,1004.5,1001.6,,1009.41,,,303789,305757015,13031,F1,1,,,,,
10-09-2026,10-09-2026,CM,BSE,STK,500113,INE114A01011,SAIL,A,,,,,STEEL AUTHORITY OF INDIA LTD.,186.65,187.25,183,184,184,186.25,,183.75,,,234122,43361497,3255,F1,1,,,,,
10-09-2026,10-09-2026,CM,BSE,STK,500114,INE280A01028,TITAN,A,,,,,TITAN COMPANY LIMITED,5005,5021.5,4976,5010,5010,4989.8,,5020.37,,,27133,135777320,3454,F1,1,,,,,
10-09-2026,10-09-2026,CM,BSE,STK,500116,INE008A01015,IDBI,A,,,,,IDBI BANK LTD.,81.79,82.43,81.06,81.6,81.6,81.63,,81.62,,,780233,63882432,3561,F1,1,,,,,
10-09-2026,10-09-2026,CM,BSE,STK,500117,INE500A01029,DCW,B,,,,,DCW LTD.,48.1,48.8,46.89,47.02,47.02,48.14,,47.06,,,74368,3540993,457,F1,1,,,,,
10-09-2026,10-09-2026,CM,BSE,STK,500119,INE041A01016,DHAMPURSUG,B,,,,,DHAMPUR SUGAR MILLS LTD.,170.85,172.25,165.4,166.45,166.45,170.85,,166.33,,,20766,3507881,314,F1,1,,,,,
10-09-2026,10-09-2026,CM,BSE,STK,500120,INE591D01014,DIAMINESQ,B,,,,,DIAMINES & CHEMICALS LTD.,255.05,260,249.75,253.5,253.5,254.65,,258.09,,,93,23644,23,F1,1,,,,,
10-09-2026,10-09-2026,CM,BSE,STK,500123,INE280B01018,ELANTAS,B,,,,,ELANTAS BECK INDIA LTD.,13685.1,13877.85,13303.1,13398.2,13305,13613.35,,13397.05,,,219,2958419,93,F1,1,,,,,
10-09-2026,10-09-2026,CM,BSE,STK,500124,INE089A01031,DRREDDY,A,,,,,DR.REDDYS LABORATORIES LTD.,1143.2,1147.25,1135.2,1140.8,1140.8,1143.2,,1143,,,24597,28047689,1421,F1,1,,,,,
10-09-2026,10-09-2026,CM,BSE,STK,500125,INE126A01031,EIDPARRY,A,,,,,E.I.D.-PARRY (INDIA) LTD.,755,761.95,719.55,734.15,735.55,756,,733.95,,,14142,10519048,809,F1,1,,,,,
10-09-2026,10-09-2026,CM,BSE,STK,500126,INE199A01012,PGHL,A,,,,,PROCTER & GAMBLE HEALTH LIMITE,5444,5501.2,5413.5,5421.6,5413.5,5476.1,,5425.27,,,390,2126382,91,F1,1,,,,,
10-09-2026,10-09-2026,CM,BSE,STK,500128,INE086A01029,ELECTCAST,A,,,,,ELECTROSTEEL CASTINGS LTD.,78.6,80.49,78.6,80.08,79.88,78.23,,79.87,,,73042,5809202,636,F1,1,,,,,
10-09-2026,10-09-2026,CM,BSE,STK,500133,INE284A01012,ESABINDIA,B,,,,,ESAB INDIA LTD.,5889.3,5918.05,5809.75,5831.7,5832.4,5935.75,,5824.06,,,261,1540848,59,F1,1,,,,,
10-09-2026,10-09-2026,CM,BSE,STK,500135,INE255A01020,EPL,A,,,,,EPL LIMITED,249.9,251.15,244.5,245.65,244.5,245.9,,245.25,,,73689,18138928,813,F1,1,,,,,
10-09-2026,10-09-2026,CM,BSE,STK,500136,INE778B01029,ESTER,B,,,,,ESTER INDUSTRIES LTD.,91.98,92.54,90.26,90.76,90.8,90.84,,90.55,,,2137,193964,42,F1,1,,,,,
10-09-2026,10-09-2026,CM,BSE,STK,500142,INE512A01016,FGP,XT,,,,,FGP LTD.,13.36,13.36,12.81,13.36,13.36,13.36,,13.36,,,278,3589,4,F1,1,,,,,
10-09-2026,10-09-2026,CM,BSE,STK,500143,INE160F01013,PHCAP,XT,,,,,P H CAPITAL LIMITED,1060,1060,1030,1051.6,1059,1036.55,,1051.6,,,847,889216,231,F1,1,,,,,
10-09-2026,10-09-2026,CM,BSE,STK,500144,INE235A01022,FINCABLES,A,,,,,FINOLEX CABLES LTD.,1355,1428,1337.6,1420.5,1420.5,1352.55,,1418.51,,,88752,123222133,4637,F1,1,,,,,
10-09-2026,10-09-2026,CM,BSE,STK,500147,INE515A01019,COCKERILL,B,,,,,JOHN COCKERILL INDIA LIMITED,8100,8289.85,7999,8026.45,7999.85,8124,,8009.67,,,325,2645266,125,F1,1,,,,,
10-09-2026,10-09-2026,CM,BSE,STK,500148,INE516A01017,UFLEX,B,,,,,UFLEX LTD.,682,694.55,671.15,673.85,674,678.6,,672.62,,,4557,3084377,164,F1,1,,,,,
10-09-2026,10-09-2026,CM,BSE,STK,500150,INE519A01011,FOSECOIND,B,,,,,FOSECO INDIA LTD.,6119.5,6318.65,6119.5,6194.15,6172.45,6072.05,,6194,,,319,1994429,91,F1,1,,,,,
10-09-2026,10-09-2026,CM,BSE,STK,500151,INE973A01010,GOLDENTOBC,Z,,,,,GOLDEN TOBACCO LTD.,26,26,24.01,24.01,24.01,25.27,,24.5,,,1063,25635,11,F1,1,,,,,
10-09-2026,10-09-2026,CM,BSE,STK,500153,INE388A01029,GANESHBE,T,,,,,GANESH BENZOPLAST LTD.,130,135,125.35,134.25,134,129.25,,133.6,,,37268,4967832,245,F1,1,,,,,
10-09-2026,10-09-2026,CM,BSE,STK,500159,INE085D01033,METROGLOBL,B,,,,,METROGLOBAL LIMITED,139.75,142.5,139.75,141.9,142.5,140.45,,141.06,,,123,17407,6,F1,1,,,,,
10-09-2026,10-09-2026,CM,BSE,STK,500160,INE043A01012,GTL,B,,,,,GTL LTD.,7.23,7.28,7.1,7.23,7.27,7.14,,7.21,,,38192,276335,123,F1,1,,,,,
10-09-2026,10-09-2026,CM,BSE,STK,500163,INE260B01028,GODFRYPHLP,A,,,,,GODFREY PHILLIPS INDIA LTD.,1978.55,2002,1965,1971,1971,1976,,1971.99,,,9855,19513331,1162,F1,1,,,,,
10-09-2026,10-09-2026,CM,BSE,STK,500164,INE233A01035,GODREJIND,A,,,,,GODREJ INDUSTRIES LTD.,1132,1133.95,1120.05,1123.2,1128.4,1132.45,,1122.35,,,2997,3375155,221,F1,1,,,,,
10-09-2026,10-09-2026,CM,BSE,STK,500165,INE531A01024,KANSAINER,A,,,,,KANSAI NEROLAC PAINTS LTD.,189.85,192.15,189.65,190.8,190.9,191.2,,191.1,,,6626,1261963,220,F1,1,,,,,
10-09-2026,10-09-2026,CM,BSE,STK,500166,INE300A01016,GOODRICKE,X,,,,,GOODRICKE GROUP LTD.,222.95,229.8,220.1,221,221,222.2,,221,,,27859,6211813,129,F1,1,,,,,
10-09-2026,10-09-2026,CM,BSE,STK,500168,INE533A01012,GOODYEAR,B,,,,,GOODYEAR INDIA LTD.,748,748,723.15,724.95,723.15,729.2,,724.71,,,212,154808,80,F1,1,,,,,
10-09-2026,10-09-2026,CM,BSE,STK,500170,INE537A01013,GTNINDS,X,,,,,GTN INDUSTRIES LTD.,23.27,24.38,22.95,23.4,23.4,24.38,,23.4,,,2010,46982,21,F1,1,,,,,
10-09-2026,10-09-2026,CM,BSE,STK,500171,INE539A01019,GHCL,A,,,,,GHCL LTD.,426.35,428,421.75,425.05,424.95,426.3,,424.71,,,3607,1531664,521,F1,1,,,,,
10-09-2026,10-09-2026,CM,BSE,STK,500173,INE538A01037,GFLLIMITED,B,,,,,GFL LIMITED,58.23,59.89,57.44,58.11,57.75,57.12,,58.44,,,8569,499668,255,F1,1,,,,,
10-09-2026,10-09-2026,CM,BSE,STK,500174,INE540A01017,GLFL,B,,,,,GUJARAT LEASE FINANCING LTD.,5.59,5.59,5.32,5.33,5.33,5.6,,5.26,,,885,4723,10,F1,1,,,,,
10-09-2026,10-09-2026,CM,BSE,STK,500178,INE905C01034,HARCR,XT,,,,,HARIG CRANKSHAFTS LTD.,31.23,31.23,31.23,31.23,31.23,30.62,,31.23,,,165,5152,11,F1,1,,,,,
10-09-2026,10-09-2026,CM,BSE,STK,500179,INE236A01020,HCL-INSYS,B,,,,,HCL INFOSYSTEMS LTD.,10.16,10.25,10.01,10.1,10.1,10.11,,10.11,,,74786,759176,487,F1,1,,,,,
10-09-2026,10-09-2026,CM,BSE,STK,500180,INE040A01034,HDFCBANK,A,,,,,HDFC BANK LTD.,687.25,694.5,686.2,694,694,687.25,,693.82,,,1421203,981430157,38245,F1,1,,,,,
10-09-2026,10-09-2026,CM,BSE,STK,500182,INE158A01026,HEROMOTOCO,A,,,,,HERO MOTOCORP LTD.,5221.95,5280,5172,5280,5280,5238,,5280,,,190916,1001954315,3792,F1,1,,,,,
10-09-2026,10-09-2026,CM,BSE,STK,500183,INE548A01028,HFCL,T,,,,,HFCL LIMITED,240.95,245.6,233.5,233.6,233.6,245.75,,233.34,,,540220,127585388,6321,F1,1,,,,,
10-09-2026,10-09-2026,CM,BSE,STK,500184,INE019C01026,HSCL,A,,,,,Himadri Speciality Chemical Lt,666,675,661.7,663.8,664,665.7,,663.75,,,42528,28321846,818,F1,1,,,,,
10-09-2026,10-09-2026,CM,BSE,STK,500185,INE549A01026,HCC,A,,,,,HINDUSTAN CONSTRUCTION CO.LTD.,23.37,23.62,22.65,22.82,22.82,23.44,,22.81,,,1413941,32582508,1929,F1,1,,,,,
10-09-2026,10-09-2026,CM,BSE,STK,500186,INE345A01011,HINDOILEXP,B,,,,,HINDUSTAN OIL EXPLORATION CO.L,192.85,196.15,187,187.7,188,195.65,,187.66,,,55240,10510717,1072,F1,1,,,,,
10-09-2026,10-09-2026,CM,BSE,STK,500187,INE415A01038,AGI,B,,,,,AGI GREENPAC LIMITED,801,801,761.1,773.05,777.8,796.35,,777.89,,,9227,7193777,558,F1,1,,,,,
10-09-2026,10-09-2026,CM,BSE,STK,500188,INE267A01025,HINDZINC,A,,,,,HINDUSTAN ZINC LTD.,609,610.95,592.25,593.8,593.8,606,,593.63,,,391819,235866485,9331,F1,1,,,,,
10-09-2026,10-09-2026,CM,BSE,STK,500189,INE353A01023,NDLVENTURE,B,,,,,NDL Ventures Limited,121.75,128.8,121.75,126,126,125.5,,126.46,,,263,33772,7,F1,1,,,,,
10-09-2026,10-09-2026,CM,BSE,STK,500191,INE262A01018,HMT,Z,,,,,HMT LTD.,65.1,66.8,63.7,63.95,63.95,66.77,,63.93,,,3712,239916,66,F1,1,,,,,
10-09-2026,10-09-2026,CM,BSE,STK,500192,INE962B01011,PRAGBOS,X,,,,,PRAG BOSIMI SYNTHETICS LTD.,2.08,2.19,2.01,2.03,2.03,2.08,,2.03,,,8892,18347,40,F1,1,,,,,
10-09-2026,10-09-2026,CM,BSE,STK,500193,INE102A01024,HLVLTD,B,,,,,HLV LIMITED,6.4,6.55,6.3,6.39,6.39,6.47,,6.38,,,28883,184351,167,F1,1,,,,,
10-09-2026,10-09-2026,CM,BSE,STK,500199,INE204A01010,IGPL,B,,,,,I G PETROCHEMICALS LTD.,553.5,565.7,551.6,553.1,552.25,557.15,,553.49,,,2693,1505447,145,F1,1,,,,,
10-09-2026,10-09-2026,CM,BSE,STK,500201,INE560A01023,INDIAGLYCO,T,,,,,INDIA GLYCOLS LTD.,318,323.25,295,311.25,311.25,307.9,,310.42,,,90031,28699411,1260,F1,1,,,,,
10-09-2026,10-09-2026,CM,BSE,STK,500202,INE333C01013,INDLEASE,X,,,,,INDIA LEASE DEVELOPMENT LTD.,7.87,7.87,7.5,7.51,7.5,7.87,,7.51,,,166,1299,6,F1,1,,,,,
10-09-2026,10-09-2026,CM,BSE,STK,500206,INE680B01019,MARGOFIN,X,,,,,MARGO FINANCE LIMITED,61.01,63,61.01,62.99,62.99,64.69,,62.99,,,435,27196,12,F1,1,,,,,
10-09-2026,10-09-2026,CM,BSE,STK,500207,INE156A01020,INDORAMA,B,,,,,INDO RAMA SYNTHETICS (INDIA) L,85.79,90,81.77,82.74,82.74,86.14,,82.91,,,220225,18831131,2041,F1,1,,,,,
10-09-2026,10-09-2026,CM,BSE,STK,500209,INE009A01021,INFY,A,,,,,INFOSYS LTD.,1036.55,1046.5,1028,1031.55,1031.55,1035,,1036.29,,,350541,362971788,14446,F1,1,,,,,
10-09-2026,10-09-2026,CM,BSE,STK,500210,INE177A01018,INGERRAND,B,,,,,INGERSOLL-RAND (INDIA) LTD.,4680.05,4712.35,4566.6,4601.75,4601.75,4676.8,,4604.54,,,964,4435601,204,F1,1,,,,,
10-09-2026,10-09-2026,CM,BSE,STK,500213,INE262B01016,ITHL,X,,,,,INTERNATIONAL TRAVEL HOUSE LTD,282.2,289,278.2,281.85,281.85,281.15,,281.85,,,4572,1308039,94,F1,1,,,,,
10-09-2026,10-09-2026,CM,BSE,STK,500214,INE570A01022,IONEXCHANG,A,,,,,ION EXCHANGE (INDIA) LTD.,434.65,448.8,433.35,435.05,437,438.55,,435.43,,,38842,17106178,1177,F1,1,,,,,
10-09-2026,10-09-2026,CM,BSE,STK,500215,INE209A01019,SUNDROP,B,,,,,SUNDROP BRANDS LIMITED,665,682.8,663.8,670.75,670.75,667,,669.18,,,307,205887,34,F1,1,,,,,
10-09-2026,10-09-2026,CM,BSE,STK,500219,INE175A01038,JISLJALEQS,A,,,,,JAIN IRRIGATION SYSTEMS LTD.,30.24,30.87,29.77,30.01,30.01,30.52,,30.02,,,156761,4739296,469,F1,1,,,,,
10-09-2026,10-09-2026,CM,BSE,STK,500220,INE711C01028,JASCH,XT,,,,,JASCH INDUSTRIES LTD.,284,294.2,284,289,289,281.2,,289,,,1110,321326,25,F1,1,,,,,
10-09-2026,10-09-2026,CM,BSE,STK,500227,INE197D01010,JINDALPOLY,B,,,,,JINDAL POLY FILMS LIMITED,678,690,674,675.1,675.15,673.7,,676.8,,,1181,801903,126,F1,1,,,,,
10-09-2026,10-09-2026,CM,BSE,STK,500228,INE019A01038,JSWSTEEL,A,,,,,JSW STEEL LTD.,1304.1,1311,1292.7,1308,1308,1310.35,,1304.02,,,20883,27155635,1173,F1,1,,,,,
10-09-2026,10-09-2026,CM,BSE,STK,500233,INE217B01036,KAJARIACER,A,,,,,KAJARIA CERAMICS LTD.,1232.25,1254.6,1229.25,1244,1244.4,1240.35,,1243.91,,,5517,6875400,375,F1,1,,,,,
10-09-2026,10-09-2026,CM,BSE,STK,500234,INE437B01014,KAKATCEM,B,,,,,KAKATIYA CEMENT SUGAR & INDUST,115,115,108.15,111,111,110,,109.42,,,650,73128,11,F1,1,,,,,
10-09-2026,10-09-2026,CM,BSE,STK,500235,INE907A01026,KSL,B,,,,,KALYANI STEELS LTD.,909.95,992.6,909.95,966.8,967,914.85,,968.13,,,30108,29187226,1858,F1,1,,,,,
10-09-2026,10-09-2026,CM,BSE,STK,500236,INE252C01023,KANELIND,XT,,,,,KANEL INDUSTRIES LIMITED,79.87,79.87,75.9,77.26,78.9,79.87,,77.26,,,370,28147,24,F1,1,,,,,
10-09-2026,10-09-2026,CM,BSE,STK,500238,INE716A01013,WHIRLPOOL,A,,,,,WHIRLPOOL OF INDIA LTD.,793.85,799.15,788.45,795.55,797.25,793.8,,795.65,,,5053,4006153,236,F1,1,,,,,
10-09-2026,10-09-2026,CM,BSE,STK,500239,INE104A01012,KGDENIM,X,,,,,KG DENIM LTD.,15,15,13.5,14.03,14.03,14.46,,14.03,,,7163,100347,57,F1,1,,,,,
10-09-2026,10-09-2026,CM,BSE,STK,500240,INE266B01017,KINETICENG,XT,,,,,KINETIC ENGINEERING LTD.,221.7,232.75,220,232.75,232.75,221.7,,232.75,,,31125,7135926,238,F1,1,,,,,
10-09-2026,10-09-2026,CM,BSE,STK,500241,INE732A01036,KIRLOSBROS,A,,,,,KIRLOSKAR BROTHERS LTD.,1850.15,1853.2,1815,1818.65,1815.1,1849,,1818.31,,,1436,2635382,134,F1,1,,,,,
10-09-2026,10-09-2026,CM,BSE,STK,500243,INE250A01039,KIRLOSIND,B,,,,,KIRLOSKAR INDUSTRIES LTD,3610,3620.5,3571,3580.65,3600,3646.5,,3576.9,,,44,158308,22,F1,1,,,,,
10-09-2026,10-09-2026,CM,BSE,STK,500245,INE884B01025,KIRLFER,B,,,,,KIRLOSKAR FERROUS INDUSTRIES L,466.95,471.85,463.6,466.6,466,466.05,,466.12,,,5285,2471933,283,F1,1,,,,,
10-09-2026,10-09-2026,CM,BSE,STK,500247,INE237A01036,KOTAKBANK,A,,,,,KOTAK MAHINDRA BANK LTD.,413.15,416.95,412.7,416.95,416.95,414.4,,416.58,,,214692,89126800,2556,F1,1,,,,,
10-09-2026,10-09-2026,CM,BSE,STK,500249,INE999A01023,KSB,A,,,,,KSB LIMITED,800.6,807.55,796.35,803.85,805,807.1,,804.19,,,7867,6302850,361,F1,1,,,,,
10-09-2026,10-09-2026,CM,BSE,STK,500250,INE337A01034,LGBBROSLTD,A,,,,,L.G.BALAKRISHNAN & BROS.LTD.,1727.6,1729.9,1708.95,1720.85,1729.9,1723.65,,1715.58,,,452,776381,62,F1,1,,,,,
10-09-2026,10-09-2026,CM,BSE,STK,500251,INE849A01020,TRENT,A,,,,,TRENT LTD.,2820.35,2831,2789.7,2789.7,2789.7,2821.3,,2816.89,,,188214,529413181,2706,F1,1,,,,,
10-09-2026,10-09-2026,CM,BSE,STK,500252,INE269B01029,LMW,A,,,,,LMW Limited,18386.1,18386.1,17500,17603.55,17500,18070.25,,17613.37,,,439,7871517,236,F1,1,,,,,
10-09-2026,10-09-2026,CM,BSE,STK,500253,INE115A01026,LICHSGFIN,A,,,,,LIC HOUSING FINANCE LTD.,556.6,556.6,537.05,537.05,537.05,556.6,,551.9,,,66019,36357689,1905,F1,1,,,,,
10-09-2026,10-09-2026,CM,BSE,STK,500257,INE326A01037,LUPIN,A,,,,,LUPIN LTD.,2090,2098.2,2060.55,2075,2075,2092,,2077.78,,,135054,280434966,4048,F1,1,,,,,
10-09-2026,10-09-2026,CM,BSE,STK,500259,INE933A01014,LYKALABS,T,,,,,LYKA LABS LTD.,83.29,84,83.14,84,84,83.13,,84,,,1446,121106,13,F1,1,,,,,
10-09-2026,10-09-2026,CM,BSE,STK,500260,INE331A01037,RAMCOCEM,A,,,,,THE RAMCO CEMENTS LIMITED,864,875,852.85,870.8,874.05,865.45,,869.77,,,156870,135000174,512,F1,1,,,,,
10-09-2026,10-09-2026,CM,BSE,STK,500262,INE965B01022,HYBRIDFIN,T,,,,,HYBRID FINANCIAL SERVICES LIMI,16.85,17,16.34,16.99,16.99,17.2,,17.09,,,2808,46336,18,F1,1,,,,,
10-09-2026,10-09-2026,CM,BSE,STK,500264,INE270B01035,MAFATIND,B,,,,,MAFATLAL INDUSTRIES LTD.,121.25,123,120.4,122.55,122.4,121.4,,122.84,,,2270,276077,70,F1,1,,,,,
10-09-2026,10-09-2026,CM,BSE,STK,500265,INE271B01025,MAHSEAMLES,A,,,,,MAHARASHTRA SEAMLESS LTD.,679.95,724.75,675.55,718.1,718.1,675.9,,718.9,,,54895,39219012,1797,F1,1,,,,,
10-09-2026,10-09-2026,CM,BSE,STK,500266,INE288A01013,MAHSCOOTER,A,,,,,MAHARASHTRA SCOOTERS LTD.,13292,13315.1,13039.75,13098.5,13039.9,13294.9,,13098.1,,,337,4425898,120,F1,1,,,,,
10-09-2026,10-09-2026,CM,BSE,STK,500267,INE201B01022,MAJESAUT,T,,,,,MAJESTIC AUTO LTD.,364.6,374.85,360,371.95,374,361,,372.09,,,582,214039,41,F1,1,,,,,
10-09-2026,10-09-2026,CM,BSE,STK,500268,INE201A01024,MANALIPETC,B,,,,,MANALI PETROCHEMICAL LTD.,88.26,89.37,85.88,86.21,86.56,87.21,,86.27,,,140400,12282632,926,F1,1,,,,,
10-09-2026,10-09-2026,CM,BSE,STK,500270,INE461A01024,BARODARY,X,,,,,BARODA RAYON CORPORATION LTD.,121.85,123.8,121,123.8,123.8,122.85,,123.8,,,691,83710,24,F1,1,,,,,
10-09-2026,10-09-2026,CM,BSE,STK,500271,INE180A01020,MFSL,A,,,,,Max Financial Services Limited,1465,1481.65,1453,1474.3,1469,1461.1,,1479.9,,,3326,4870089,405,F1,1,,,,,
10-09-2026,10-09-2026,CM,BSE,STK,500277,INE401C01018,MIDINDIA,X,,,,,MID INDIA INDUSTRIES LTD.,5.93,6.19,5.92,5.94,5.92,5.92,,5.94,,,1181,7018,12,F1,1,,,,,
10-09-2026,10-09-2026,CM,BSE,STK,500279,INE831A01028,ONIDA,B,,,,,ONIDA ELECTRONICS LIMITED,34.21,34.32,32.9,33.03,32.9,34.09,,32.98,,,21405,718257,171,F1,1,,,,,
10-09-2026,10-09-2026,CM,BSE,STK,500280,INE485A01015,CENTENKA,B,,,,,CENTURY ENKA LTD.,574.1,575.5,565.5,570.25,566,570.45,,569.11,,,2783,1586028,163,F1,1,,,,,
10-09-2026,10-09-2026,CM,BSE,STK,500282,INE794W01014,MODTHREAD,B,,,,,MODERN THREADS (INDIA) LTD.,54,55,50.31,52.04,50.31,52.31,,51.77,,,1020,54061,36,F1,1,,,,,
10-09-2026,10-09-2026,CM,BSE,STK,500284,INE846D01012,LORDSCHLO,B,,,,,LORDS CHLORO ALKALI LTD.,140,140.25,137.5,138.1,137.55,138.3,,139.08,,,297,41106,57,F1,1,,,,,
10-09-2026,10-09-2026,CM,BSE,STK,500285,INE285B01017,SPICEJET,B,,,,,SPICEJET LTD.,9.3,9.39,8.85,8.89,8.89,9.39,,8.89,,,8681865,78891601,10686,F1,1,,,,,
10-09-2026,10-09-2026,CM,BSE,STK,500288,INE083A01026,MOREPENLAB,B,,,,,MOREPEN LABORATORIES LTD.,116.85,119.9,114.5,115.15,115.15,116.55,,115.27,,,847362,99238782,4793,F1,1,,,,,
10-09-2026,10-09-2026,CM,BSE,STK,500290,INE883A01011,MRF,A,,,,,MRF LTD.,128894.3,129200,128000,128210.5,128350,128476.05,,128265.48,,,218,28013937,201,F1,1,,,,,
10-09-2026,10-09-2026,CM,BSE,STK,500292,INE578A01017,HEIDELBERG,B,,,,,HEIDELBERGCEMENT INDIA LTD.,160,160.6,158.1,158.75,159,159.6,,158.79,,,35724,5687022,517,F1,1,,,,,
10-09-2026,10-09-2026,CM,BSE,STK,500294,INE868B01028,NCC,A,,,,,NCC LIMITED,145.55,146.8,141,143.25,143.25,145.55,,143.16,,,247815,35562808,2705,F1,1,,,,,
10-09-2026,10-09-2026,CM,BSE,STK,500295,INE205A01025,VEDL,A,,,,,VEDANTA LIMITED,273.8,275,268.8,269.15,269.15,273.8,,269.05,,,397746,108012059,7142,F1,1,,,,,
10-09-2026,10-09-2026,CM,BSE,STK,500296,INE290A01027,NAHARSPING,B,,,,,NAHAR SPINNING MILLS LTD.,280,280,270,271.85,270,277.15,,271,,,6245,1716206,148,F1,1,,,,,
10-09-2026,10-09-2026,CM,BSE,STK,500298,INE585A01020,NAPEROL,X,,,,,Naperol Investments Limited,675,676,662,675.9,675.8,674.35,,675.9,,,1012,680313,63,F1,1,,,,,
10-09-2026,10-09-2026,CM,BSE,STK,500300,INE047A01021,GRASIM,A,,,,,GRASIM INDUSTRIES LTD.,3286.35,3323.2,3282.1,3318.9,3318.9,3307.2,,3319,,,4954,16376019,866,F1,1,,,,,
10-09-2026,10-09-2026,CM,BSE,STK,500304,INE161A01038,NIITLTD,B,,,,,NIIT LTD.,94.8,95.05,93.45,93.9,93.95,94.8,,94.07,,,9705,912825,138,F1,1,,,,,
10-09-2026,10-09-2026,CM,BSE,STK,500306,INE903A01025,JAYKAY,B,,,,,Jaykay Enterprises Limited,169,171.55,163,165.4,165.2,168.6,,165.12,,,19426,3220293,416,F1,1,,,,,
10-09-2026,10-09-2026,CM,BSE,STK,500307,INE910A01012,NIRLON,B,,,,,NIRLON LTD.,623,623,618.4,620.9,620.9,619.05,,620.07,,,103,64008,10,F1,1,,,,,
10-09-2026,10-09-2026,CM,BSE,STK,500312,INE213A01029,ONGC,A,,,,,OIL AND NATURAL GAS CORPORATIO,236.3,239.85,235.6,237,237,233.8,,237.27,,,363642,86450447,4667,F1,1,,,,,
10-09-2026,10-09-2026,CM,BSE,STK,500313,INE591A01010,OILCOUNTUB,T,,,,,OIL COUNTRY TUBULAR LTD.,61.22,61.22,61.22,61.22,61.22,62.46,,60.87,,,25,1530,3,F1,1,,,,,
10-09-2026,10-09-2026,CM,BSE,STK,500314,INE750A01020,ORIENTHOT,B,,,,,ORIENTAL HOTELS LTD.,139.65,140.55,138.85,139.6,139.4,139.7,,139.81,,,4335,605452,97,F1,1,,,,,
10-09-2026,10-09-2026,CM,BSE,STK,500317,INE142A01012,OSWALAGRO,B,,,,,OSWAL AGRO MILLS LTD.,35.08,36.5,34.3,34.54,34.54,35.53,,34.36,,,11919,421558,230,F1,1,,,,,
10-09-2026,10-09-2026,CM,BSE,STK,500319,INE557C01017,INDSUCR,X,,,,,INDIAN SUCROSE LTD.,79.04,79.5,78,79.27,78.5,79.04,,79.27,,,742,58292,28,F1,1,,,,,
10-09-2026,10-09-2026,CM,BSE,STK,500322,INE167E01037,PANCM,XT,,,,,PANYAM CEMENTS & MINERAL INDUS,118.05,118.05,118,118,118,121.45,,118,,,31,3658,3,F1,1,,,,,
10-09-2026,10-09-2026,CM,BSE,STK,500325,INE002A01018,RELIANCE,A,,,,,RELIANCE INDUSTRIES LTD.,1279.7,1285,1267,1275,1275,1281,,1274.11,,,940647,1197785131,26906,F1,1,,,,,
10-09-2026,10-09-2026,CM,BSE,STK,500327,INE600A01035,PILITA,B,,,,,Pil Italica Lifestyle Limited,7.9,8.02,7.76,7.98,8,8.08,,7.9,,,2814,22116,26,F1,1,,,,,
10-09-2026,10-09-2026,CM,BSE,STK,500330,INE301A01014,RAYMOND,A,,,,,RAYMOND LTD.,810.1,858,810.1,853.5,852,809,,853.84,,,183128,152737355,4964,F1,1,,,,,
10-09-2026,10-09-2026,CM,BSE,STK,500331,INE318A01026,PIDILITIND,A,,,,,PIDILITE INDUSTRIES LTD.,1565.55,1575,1554.35,1569,1569,1572.5,,1569,,,15981,24991133,1364,F1,1,,,,,
10-09-2026,10-09-2026,CM,BSE,STK,500333,INE751B01018,PIXTRANS,B,,,,,PIX TRANSMISSIONS LTD.,1741.85,1750,1726,1726.35,1726.1,1747.05,,1728.01,,,775,1345444,124,F1,1,,,,,
10-09-2026,10-09-2026,CM,BSE,STK,500335,INE340A01012,BIRLACORPN,A,,,,,BIRLA CORPORATION LTD.,840,844.95,833.3,836.95,833.3,836.25,,836.7,,,958,804645,165,F1,1,,,,,
10-09-2026,10-09-2026,CM,BSE,STK,500336,INE335A01020,SURYAROSNI,B,,,,,SURYA ROSHNI LTD.,218.9,221.1,215.95,216.1,215.95,220.2,,216.05,,,7995,1746923,369,F1,1,,,,,
10-09-2026,10-09-2026,CM,BSE,STK,500337,INE032B01021,PRIMESECU,B,,,,,PRIME SECURITIES LTD.,277.9,278,276,277.85,276,279.25,,277,,,1050,291765,122,F1,1,,,,,
10-09-2026,10-09-2026,CM,BSE,STK,500338,INE010A01011,PRSMJOHNSN,B,,,,,PRISM JOHNSON LIMITED.,113.4,117.45,112,115.15,115,112.65,,115.22,,,70648,8164192,652,F1,1,,,,,
10-09-2026,10-09-2026,CM,BSE,STK,500339,INE855B01025,RAIN,A,,,,,RAIN INDUSTRIES LIMITED,223.3,225.1,216.05,216.85,216.85,222.5,,217.27,,,191980,42233511,1653,F1,1,,,,,
10-09-2026,10-09-2026,CM,BSE,STK,500342,INE024D01016,PRUDMOULI,T,,,,,PRUDENTIAL SUGAR CORPORATION L,17.5,17.5,16.04,16.14,16.04,16.68,,16.14,,,9004,154023,15,F1,1,,,,,
10-09-2026,10-09-2026,CM,BSE,STK,500343,INE606A01024,AMJLAND,B,,,,,AMJ LAND HOLDINGS LIMITED,38,39.44,38,39,39,39.2,,38.32,,,805,30945,12,F1,1,,,,,
10-09-2026,10-09-2026,CM,BSE,STK,500346,INE609A01010,PUNJCOMMU,B,,,,,PUNJAB COMMUNICATIONS LTD.,62.12,64.4,61.81,62.08,62.99,61.93,,62.08,,,2413,149651,58,F1,1,,,,,
10-09-2026,10-09-2026,CM,BSE,STK,500350,INE611A01016,RSWM,T,,,,,RSWM LTD.,217.75,220,215,215,215,217.75,,214.47,,,1135,247443,23,F1,1,,,,,
10-09-2026,10-09-2026,CM,BSE,STK,500354,INE562B01019,RAJSREESUG,B,,,,,RAJSHREE SUGARS & CHEMICALS LT,35.33,35.33,33.3,33.6,33.38,35.79,,33.66,,,3605,123374,108,F1,1,,,,,
10-09-2026,10-09-2026,CM,BSE,STK,500355,INE613A01020,RALLIS,A,,,,,RALLIS INDIA LTD.,204.95,205,202,203,203.15,203.9,,203.06,,,22016,4486642,435,F1,1,,,,,
10-09-2026,10-09-2026,CM,BSE,STK,500356,INE278B01020,RAMANEWS,B,,,,,SHREE RAMA NEWSPRINT LTD.,30.8,33.18,30.8,32.33,32.35,32.7,,32.17,,,1910,61775,22,F1,1,,,,,
10-09-2026,10-09-2026,CM,BSE,STK,500357,INE425E01013,RAMAPPR-B,Z,,,,,RAMA PAPER MILLS LTD.,16,16,15.92,15.92,15.92,15.92,,15.92,,,103,1647,2,F1,1,,,,,
10-09-2026,10-09-2026,CM,BSE,STK,500360,INE350D01015,RAPICUT,XT,,,,,RAPICUT CARBIDES LTD.,350.5,350.5,343.05,343.05,343.05,350.05,,343.05,,,2830,985403,37,F1,1,,,,,
10-09-2026,10-09-2026,CM,BSE,STK,500365,INE731F01037,WELSPLSOL,B,,,,,WELSPUN SPECIALTY SOLUTIONS LI,56.19,57.69,55.77,56.52,56.39,57,,56.44,,,73192,4151679,520,F1,1,,,,,
10-09-2026,10-09-2026,CM,BSE,STK,500367,INE642C01025,RUBFILA,B,,,,,RUBFILA INTERNATIONAL LTD.,66.9,68.58,66.89,67.58,67.58,68.22,,68.09,,,13080,890518,101,F1,1,,,,,
10-09-2026,10-09-2026,CM,BSE,STK,500368,INE619A01035,PATANJALI,A,,,,,Patanjali Foods Limited,341,341.65,337.7,340.5,340.5,341.25,,340,,,108567,36924474,19880,F1,1,,,,,
10-09-2026,10-09-2026,CM,BSE,STK,500370,INE924A01013,SALORAINTL,X,,,,,SALORA INTERNATIONAL LTD.,23.15,25.44,23.15,24.9,24.9,24.43,,24.9,,,379,9369,7,F1,1,,,,,
10-09-2026,10-09-2026,CM,BSE,STK,500371,INE538C01017,SAMTELIN,XT,,,,,SAMTEL INDIA LTD.,40,40.25,40,40.25,40.25,39.52,,40.25,,,3078,123719,14,F1,1,,,,,
10-09-2026,10-09-2026,CM,BSE,STK,500378,INE324A01032,JINDALSAW,A,,,,,JINDAL SAW LTD.,312.05,319.95,308.5,317.6,317.65,311.85,,317.5,,,249512,78667697,4314,F1,1,,,,,
10-09-2026,10-09-2026,CM,BSE,STK,500380,INE786A01032,JKLAKSHMI,A,,,,,JK LAKSHMI CEMENT LTD.,498.95,507.25,497.45,505.85,506.85,498.95,,505.9,,,3732,1870339,230,F1,1,,,,,
10-09-2026,10-09-2026,CM,BSE,STK,500387,INE070A01015,SHREECEM,A,,,,,SHREE CEMENT LTD.,22950,22950,22695.65,22760.05,22760.05,22911.3,,22784.91,,,327,7450661,183,F1,1,,,,,
10-09-2026,10-09-2026,CM,BSE,STK,500388,INE970C01012,SKPMIL,XT,,,,,SHREE KRISHNA PAPER MILLS & IN,85.5,90,85.5,90,90,90,,90,,,28,2434,5,F1,1,,,,,
10-09-2026,10-09-2026,CM,BSE,STK,500390,INE036A01016,RELINFRA,T,,,,,RELIANCE INFRASTRUCTURE LTD.,54.9,55.96,54.85,54.85,54.85,55.96,,54.76,,,29089,1601890,268,F1,1,,,,,
10-09-2026,10-09-2026,CM,BSE,STK,500399,INE629B01032,STEELCO,XT,,,,,STEELCO GUJARAT LTD.,238.4,238.4,238.4,238.4,238.4,243.25,,238.4,,,259,61745,11,F1,1,,,,,
10-09-2026,10-09-2026,CM,BSE,STK,500400,INE245A01021,TATAPOWER,A,,,,,TATA POWER CO.LTD.,369.25,369.75,363.8,367,367,369,,367,,,118340,43409474,2310,F1,1,,,,,
10-09-2026,10-09-2026,CM,BSE,STK,500402,INE937A01023,SPMLINFRA,B,,,,,SPML INFRA LIMITED,172.4,176.1,172.4,173.2,173.7,173.95,,173,,,7658,1331508,159,F1,1,,,,,
10-09-2026,10-09-2026,CM,BSE,STK,500403,INE387A01021,SUNDRMFAST,A,,,,,SUNDRAM FASTENERS LTD.,1227,1346.45,1226.95,1259.5,1259.5,1218.3,,1256.21,,,85492,109631601,4178,F1,1,,,,,
10-09-2026,10-09-2026,CM,BSE,STK,500404,INE947A01014,SUNFLAG,B,,,,,SUNFLAG IRON & STEEL CO.LTD.,339,347.35,331.05,344.6,344.6,331.4,,345.37,,,18630,6343698,363,F1,1,,,,,
10-09-2026,10-09-2026,CM,BSE,STK,500405,INE663A01033,SPLPETRO,A,,,,,SUPREME PETROCHEM LTD.,817.35,843.65,810.75,829.65,828.6,813.2,,828.16,,,12233,10106345,625,F1,1,,,,,
10-09-2026,10-09-2026,CM,BSE,STK,500407,INE277A01016,SWARAJENG,B,,,,,SWARAJ ENGINES LTD.,3578.75,3600,3545.95,3554.95,3559.85,3598.7,,3551.05,,,512,1829957,122,F1,1,,,,,
10-09-2026,10-09-2026,CM,BSE,STK,500408,INE670A01012,TATAELXSI,A,,,,,TATA ELXSI LTD.,3375.1,3455,3359.4,3408,3408,3387.75,,3408.94,,,17807,60725948,2861,F1,1,,,,,
10-09-2026,10-09-2026,CM,BSE,STK,500410,INE012A01025,ACC,A,,,,,ACC LTD.,1256.05,1260.5,1251.15,1254.9,1254.9,1257.8,,1254.34,,,7577,9506434,832,F1,1,,,,,
10-09-2026,10-09-2026,CM,BSE,STK,500411,INE152A01029,THERMAX,A,,,,,THERMAX LTD.,3636,3716.05,3627.5,3641.75,3644.5,3635.85,,3645.34,,,3004,10993432,423,F1,1,,,,,
10-09-2026,10-09-2026,CM,BSE,STK,500412,INE338A01024,TIRUMALCHM,B,,,,,THIRUMALAI CHEMICALS LTD.,159.05,163.6,156.9,157.25,157.25,157.85,,157.51,,,73304,11673846,1881,F1,1,,,,,
10-09-2026,10-09-2026,CM,BSE,STK,500413,INE332A01027,THOMASCOOK,A,,,,,THOMAS COOK (INDIA) LTD.,108.3,110.65,107,108.05,108.6,109.2,,108.33,,,17487,1903524,200,F1,1,,,,,
10-09-2026,10-09-2026,CM,BSE,STK,500414,INE064A01026,TIMEX,B,,,,,TIMEX GROUP INDIA LTD.,631.15,638,617.9,626.7,626.7,624.2,,627.07,,,32857,20645998,1360,F1,1,,,,,
10-09-2026,10-09-2026,CM,BSE,STK,500418,INE932C01012,TOKYOPLAST,B,,,,,TOKYO PLAST INTERNATIONAL LTD.,78.75,78.75,78.75,78.75,78.75,75,,76.81,,,105,8268,2,F1,1,,,,,
10-09-2026,10-09-2026,CM,BSE,STK,500420,INE685A01028,TORNTPHARM,A,,,,,TORRENT PHARMACEUTICALS LTD.,4999,4999,4922.1,4928.4,4928.4,4931.9,,4930,,,18703,92391213,2604,F1,1,,,,,
10-09-2026,10-09-2026,CM,BSE,STK,500421,INE578C01021,TPINDIA,XT,,,,,TPI INDIA LTD.,19.13,19.59,18.32,19.21,19.21,18.75,,19.21,,,57978,1110584,41,F1,1,,,,,
10-09-2026,10-09-2026,CM,BSE,STK,500422,INE019B01010,TRANSCHEM,XT,,,,,TRANSCHEM LTD.,372.5,381.9,372.5,379.55,379.5,375.1,,379.55,,,2099,790551,57,F1,1,,,,,
10-09-2026,10-09-2026,CM,BSE,STK,500425,INE079A01024,AMBUJACEM,A,,,,,AMBUJA CEMENTS LTD.,396,397.15,394.25,396,396,396.05,,395.6,,,443840,176017299,1584,F1,1,,,,,
10-09-2026,10-09-2026,CM,BSE,STK,500426,INE184E01024,UTLINDS,X,,,,,UTL INDUSTRIES LIMITED,1.41,1.5,1.41,1.46,1.46,1.4,,1.46,,,3848,5619,20,F1,1,,,,,
10-09-2026,10-09-2026,CM,BSE,STK,500429,INE037A01022,UNIENTER,B,,,,,UNIPHOS ENTERPRISES LTD.,91.01,93,91.01,91.8,91.8,92.9,,91.57,,,1270,116808,31,F1,1,,,,,
10-09-2026,10-09-2026,CM,BSE,STK,500439,INE701A01023,VHL,B,,,,,VARDHMAN HOLDINGS LTD.,3500.7,3588.6,3400,3426.3,3400,3432.05,,3442.84,,,11,38594,10,F1,1,,,,,
10-09-2026,10-09-2026,CM,BSE,STK,500440,INE038A01020,HINDALCO,A,,,,,HINDALCO INDUSTRIES LTD.,1026.7,1030.95,1007.55,1019,1019,1025,,1014.03,,,33574,34092245,1356,F1,1,,,,,
10-09-2026,10-09-2026,CM,BSE,STK,500444,INE976A01021,WSTCSTPAPR,B,,,,,West Coast Paper Mills Limited,671.35,714,667.2,709.45,713,667.3,,710.05,,,26564,18640058,1035,F1,1,,,,,
10-09-2026,10-09-2026,CM,BSE,STK,500449,INE048A01011,HOCL,B,,,,,HINDUSTAN ORGANIC CHEMICALS LT,37.01,37.41,36.05,37.06,36.67,36.98,,37.06,,,26254,969894,209,F1,1,,,,,
10-09-2026,10-09-2026,CM,BSE,STK,500456,INE818B01023,PASUPTAC,T,,,,,PASUPATI ACRYLON LTD.,68.99,68.99,66.56,67.36,68.25,68.04,,67.68,,,11248,763333,81,F1,1,,,,,
10-09-2026,10-09-2026,CM,BSE,STK,500458,INE601A01017,TEAM24,X,,,,,TEAM24 CONSUMER PRODUCTS LIMIT,28,28,25,25.28,25.28,27.99,,25.28,,,45222,1158571,87,F1,1,,,,,
10-09-2026,10-09-2026,CM,BSE,STK,500459,INE179A01014,PGHH,A,,,,,PROCTER & GAMBLE HYGIENE & HEA,7586.65,7663.55,7575,7584.1,7575,7620.5,,7581.74,,,641,4871232,272,F1,1,,,,,
10-09-2026,10-09-2026,CM,BSE,STK,500460,INE304A01026,MUKANDLTD,B,,,,,MUKAND LTD.,141.1,145,139.95,142.1,141.35,139.05,,142.51,,,34612,4953557,883,F1,1,,,,,
10-09-2026,10-09-2026,CM,BSE,STK,500463,INE676A01027,BBOX,A,,,,,BLACK BOX LIMITED,762.95,774.35,742.45,745.45,745.45,762.8,,744.87,,,10170,7718890,517,F1,1,,,,,
10-09-2026,10-09-2026,CM,BSE,STK,500464,INE139B01016,UCAL,T,,,,,UCAL LIMITED,145,147.5,145,147.5,147.5,145,,145.81,,,305,44237,2,F1,1,,,,,
10-09-2026,10-09-2026,CM,BSE,STK,500467,INE544A01019,HARRMALAYA,B,,,,,HARRISONS MALAYALAM LTD.,189.55,189.55,185.55,186.1,185.55,189.2,,186.79,,,181,34116,23,F1,1,,,,,
10-09-2026,10-09-2026,CM,BSE,STK,500469,INE171A01029,FEDERALBNK,A,,,,,FEDERAL BANK LTD.,344.85,347,344,347,347,344.85,,346.01,,,60334,20839808,1127,F1,1,,,,,
10-09-2026,10-09-2026,CM,BSE,STK,500470,INE081A01020,TATASTEEL,A,,,,,TATA STEEL LTD.,189.2,189.2,185.15,185.95,185.95,188.55,,186.75,,,1262858,235295139,7771,F1,1,,,,,
10-09-2026,10-09-2026,CM,BSE,STK,500472,INE640A01023,SKFINDIA,A,,,,,SKF INDIA LIMITED,1528.1,1541.4,1524.05,1530.3,1535.9,1532.05,,1531.59,,,614,939611,90,F1,1,,,,,
10-09-2026,10-09-2026,CM,BSE,STK,500477,INE208A01029,ASHOKLEY,A,,,,,ASHOK LEYLAND LTD.,165.65,167,164.7,166.3,166.3,167.1,,166.14,,,624990,103626870,7378,F1,1,,,,,
10-09-2026,10-09-2026,CM,BSE,STK,500480,INE298A01020,CUMMINSIND,A,,,,,CUMMINS INDIA LTD.,5179.55,5236.35,5072.5,5140.1,5140.1,5168.5,,5154.97,,,26254,134861158,2784,F1,1,,,,,
10-09-2026,10-09-2026,CM,BSE,STK,500483,INE151A01013,TATACOMM,A,,,,,TATA COMMUNICATIONS LTD.,1758.2,1783.5,1754,1763.9,1768,1774.6,,1764.39,,,9971,17625235,1365,F1,1,,,,,
10-09-2026,10-09-2026,CM,BSE,STK,500488,INE358A01014,ABBOTINDIA,A,,,,,ABBOTT INDIA LTD.,25225,25400,25201,25272.6,25235,25223.4,,25260.57,,,411,10399549,281,F1,1,,,,,
10-09-2026,10-09-2026,CM,BSE,STK,500490,INE118A01012,BAJAJHLDNG,A,,,,,BAJAJ HOLDINGS & INVESTMENT LT,11018.55,11065.85,10960,10971,10971,11093.25,,10991.8,,,1022,11229216,268,F1,1,,,,,
10-09-2026,10-09-2026,CM,BSE,STK,500493,INE465A01025,BHARATFORG,A,,,,,BHARAT FORGE LTD.,1970.15,1979.65,1945,1950,1950,1976.6,,1954.9,,,6354,12462439,700,F1,1,,,,,
10-09-2026,10-09-2026,CM,BSE,STK,500495,INE042A01014,ESCORTS,A,,,,,Escorts Kubota Limited,2995.7,2995.7,2952.3,2958.3,2955.3,2987,,2958.4,,,8747,26082108,147,F1,1,,,,,
10-09-2026,10-09-2026,CM,BSE,STK,500500,INE253A01025,HINDMOTORS,X,,,,,HINDUSTAN MOTORS LTD.,14.08,14.22,13.85,13.98,13.98,14.08,,13.98,,,112129,1564700,799,F1,1,,,,,
10-09-2026,10-09-2026,CM,BSE,STK,500510,INE018A01030,LT,A,,,,,LARSEN & TOUBRO LTD.,3942.1,3965,3911,3955,3955,3925,,3955,,,74492,293017773,7791,F1,1,,,,,
10-09-2026,10-09-2026,CM,BSE,STK,500520,INE101A01026,M&M,A,,,,,MAHINDRA & MAHINDRA LTD.,3145,3149.7,3099,3149.7,3149.7,3150,,3124.91,,,78434,245039606,5360,F1,1,,,,,
10-09-2026,10-09-2026,CM,BSE,STK,500530,INE323A01026,BOSCHLTD,A,,,,,BOSCH LTD.,48899.55,48940,48500.05,48602.6,48602.6,48900,,48774.72,,,803,39175991,283,F1,1,,,,,
10-09-2026,10-09-2026,CM,BSE,STK,500540,INE342A01018,PREMIER,T,,,,,PREMIER LTD.,2.76,2.84,2.76,2.84,2.84,2.72,,2.83,,,53,150,5,F1,1,,,,,
10-09-2026,10-09-2026,CM,BSE,STK,500547,INE029A01011,BPCL,A,,,,,BHARAT PETROLEUM CORPORATION L,302.85,306,301.8,303,303,303.4,,303,,,116015,35203018,2171,F1,1,,,,,
10-09-2026,10-09-2026,CM,BSE,STK,500550,INE003A01024,SIEMENS,A,,,,,SIEMENS LTD.,3979.5,3979.5,3907.2,3972,3972,3947.5,,3954.74,,,4823,18958555,1235,F1,1,,,,,
10-09-2026,10-09-2026,CM,BSE,STK,500570,INE155A01022,TMPV,A,,,,,TATA MOTORS PASSENGER VEHICLES,302.1,304.45,300.1,300.5,300.5,303.7,,300.5,,,2942800,885423344,16451,F1,1,,,,,
10-09-2026,10-09-2026,CM,BSE,STK,500575,INE226A01021,VOLTAS,A,,,,,VOLTAS LTD.,1143.65,1159,1132,1158,1158,1141.8,,1158.5,,,15658,17949499,890,F1,1,,,,,
10-09-2026,10-09-2026,CM,BSE,STK,500620,INE017A01032,GESHIP,A,,,,,GREAT EASTERN SHIPPING CO.LTD.,1392.25,1426.75,1392.25,1399.95,1399.95,1393.7,,1400.19,,,97861,137731834,5146,F1,1,,,,,
10-09-2026,10-09-2026,CM,BSE,STK,500645,INE501A01019,DEEPAKFERT,A,,,,,DEEPAK FERTILISERS & PETROCHEM,1358,1364,1329.5,1335.35,1338.1,1358.7,,1335.59,,,15294,20580622,1337,F1,1,,,,,
10-09-2026,10-09-2026,CM,BSE,STK,500650,INE369A01029,EXCELINDUS,B,,,,,EXCEL INDUSTRIES LTD.,989.8,997.7,989.25,995.9,993.5,989.85,,992.93,,,207,205735,21,F1,1,,,,,
10-09-2026,10-09-2026,CM,BSE,STK,500655,INE291A01017,GRWRHITECH,A,,,,,GARWARE HI-TECH FILMS LIMITED,6786.6,7025,6786.6,6911.4,6860.05,6755.75,,6905.24,,,2477,17166335,448,F1,1,,,,,
10-09-2026,10-09-2026,CM,BSE,STK,500660,INE159A01016,GLAXO,A,,,,,GLAXOSMITHKLINE PHARMACEUTICAL,2883.35,2960,2836.25,2840.8,2840.8,2886.15,,2840.9,,,2065,5958861,353,F1,1,,,,,
10-09-2026,10-09-2026,CM,BSE,STK,500670,INE113A01013,GNFC,A,,,,,GUJARAT NARMADA VALLEY FERTILI,572.85,574,565,569.1,569.1,574.15,,570.65,,,32129,18294872,824,F1,1,,,,,
10-09-2026,10-09-2026,CM,BSE,STK,500672,INE234A01025,NOVARTIND,B,,,,,NOVARTIS INDIA LTD.,2252,2588,2238.35,2425.05,2425.05,2188,,2428.13,,,82335,200054733,7691,F1,1,,,,,
10-09-2026,10-09-2026,CM,BSE,STK,500674,INE058A01010,SANOFI,A,,,,,SANOFI INDIA LTD,3101.15,3116.85,3092.3,3107,3110,3104.45,,3106.35,,,1129,3506655,117,F1,1,,,,,
10-09-2026,10-09-2026,CM,BSE,STK,500680,INE182A01018,PFIZER,A,,,,,PFIZER LTD.,4171.55,4195.15,4085,4096.25,4096.25,4171.35,,4095.47,,,4351,17930687,896,F1,1,,,,,
10-09-2026,10-09-2026,CM,BSE,STK,500690,INE026A01025,GSFC,A,,,,,GUJARAT STATE FERTILIZERS & CH,160,161.8,159.2,160.5,160.5,160.05,,160.39,,,102239,16378069,1229,F1,1,,,,,
10-09-2026,10-09-2026,CM,BSE,STK,500696,INE030A01027,HINDUNILVR,A,,,,,HINDUSTAN UNILEVER LTD.,1940,1950,1937,1937.5,1937.5,1945,,1942.09,,,31099,60389770,3218,F1,1,,,,,
10-09-2026,10-09-2026,CM,BSE,STK,500710,INE133A01011,JSWDULUX,A,,,,,JSW Dulux Limited,3203.8,3204.2,3165.6,3182.4,3186,3176.65,,3179.71,,,162,515103,32,F1,1,,,,,
10-09-2026,10-09-2026,CM,BSE,STK,500730,INE163A01018,NOCIL,B,,,,,NOCIL LTD.,188.05,200.75,186.9,195.6,195.6,188.4,,195.31,,,398493,77862618,5736,F1,1,,,,,
10-09-2026,10-09-2026,CM,BSE,STK,500770,INE092A01019,TATACHEM,A,,,,,TATA CHEMICALS LTD.,602.4,620,602.4,610.3,612,602.95,,610.54,,,32921,20132765,956,F1,1,,,,,
10-09-2026,10-09-2026,CM,BSE,STK,500777,INE148A01019,TNPETRO,B,,,,,TAMILNADU PETROPRODUCTS LTD.,138,139.85,132,132.5,133.45,137.8,,133.09,,,66452,9030557,721,F1,1,,,,,
10-09-2026,10-09-2026,CM,BSE,STK,500780,INE217A01012,ZUARIIND,B,,,,,Zuari Industries Limited,276.5,276.5,271.05,271.1,271.05,273.5,,271.49,,,838,229072,43,F1,1,,,,,
10-09-2026,10-09-2026,CM,BSE,STK,500790,INE239A01024,NESTLEIND,A,,,,,NESTLE INDIA LTD.,1393.9,1402,1378,1396,1396,1393.1,,1386.32,,,15242,21137185,1347,F1,1,,,,,
10-09-2026,10-09-2026,CM,BSE,STK,500800,INE192A01025,TATACONSUM,A,,,,,TATA CONSUMER PRODUCTS LIMITED,1002.75,1005.85,994,999.85,999.85,1003.5,,999.6,,,49118,49163535,3255,F1,1,,,,,
10-09-2026,10-09-2026,CM,BSE,STK,500820,INE021A01026,ASIANPAINT,A,,,,,ASIAN PAINTS LTD.,2488.95,2493.35,2469,2480,2480,2482.1,,2497.2,,,14434,35845776,1213,F1,1,,,,,
10-09-2026,10-09-2026,CM,BSE,STK,500825,INE216A01030,BRITANNIA,A,,,,,BRITANNIA INDUSTRIES LTD.,5099.95,5099.95,5000,5011,5011,5099.5,,5009.01,,,5973,30001070,1474,F1,1,,,,,
10-09-2026,10-09-2026,CM,BSE,STK,500830,INE259A01022,COLPAL,A,,,,,COLGATE-PALMOLIVE (INDIA) LTD.,1796.45,1810,1796.45,1810,1810,1804.85,,1808.52,,,7611,13721009,1123,F1,1,,,,,
10-09-2026,10-09-2026,CM,BSE,STK,500840,INE230A01023,EIHOTEL,A,,,,,EIH LTD.,287.75,289.4,284.15,285.9,285.9,289.45,,285.1,,,18255,5233892,613,F1,1,,,,,
10-09-2026,10-09-2026,CM,BSE,STK,500850,INE053A01029,INDHOTEL,A,,,,,THE INDIAN HOTELS COMPANY LTD,722,722,712.75,720.5,720.5,722,,715.76,,,34049,24421633,1220,F1,1,,,,,
10-09-2026,10-09-2026,CM,BSE,STK,500870,INE172A01027,CASTROLIND,A,,,,,CASTROL INDIA LTD.,188.65,191.05,187.15,188.15,187.15,189.4,,188.06,,,114662,21617028,1742,F1,1,,,,,
10-09-2026,10-09-2026,CM,BSE,STK,500875,INE154A01025,ITC,A,,,,,ITC LTD.,260.3,263.9,259,259,259,261.2,,259.26,,,1867672,489215333,19223,F1,1,,,,,
10-09-2026,10-09-2026,CM,BSE,STK,500877,INE438A01022,APOLLOTYRE,A,,,,,APOLLO TYRES LTD.,424.25,424.25,416.65,419.4,418.3,421.95,,419.55,,,10781,4518446,567,F1,1,,,,,
10-09-2026,10-09-2026,CM,BSE,STK,500878,INE482A01020,CEATLTD,A,,,,,CEAT LTD.,3280.4,3312,3280,3294.2,3301.8,3294,,3295.61,,,2957,9744224,688,F1,1,,,,,
10-09-2026,10-09-2026,CM,BSE,STK,500890,INE832A01018,MODIRUBBER,B,,,,,MODI RUBBER LTD.,124,124,124,124,124,125.95,,125.39,,,20,2480,1,F1,1,,,,,
10-09-2026,10-09-2026,CM,BSE,STK,500940,INE183A01024,FINPIPE,A,,,,,FINOLEX INDUSTRIES LTD.,156,158.1,156,157.05,157,156.7,,157.08,,,21589,3389147,418,F1,1,,,,,
10-09-2026,10-09-2026,CM,BSE,STK,501150,INE660C01027,CENTRUM,B,,,,,CENTRUM CAPITAL LTD.,22.39,22.71,21.73,21.87,21.89,22.53,,21.91,,,17659,388918,369,F1,1,,,,,
10-09-2026,10-09-2026,CM,BSE,STK,501151,INE524U01019,KARTKIN,XT,,,,,KARTIK INVESTMENTS TRUST LTD.,7470.1,7470.1,7470,7470,7470,7858,,7470,,,3,22410,3,F1,1,,,,,
10-09-2026,10-09-2026,CM,BSE,STK,501242,INE911B01018,TCIFINANCE,T,,,,,TCI FINANCE LTD.,15,15.7,15,15.56,15.56,15.05,,15.11,,,413,6304,8,F1,1,,,,,
10-09-2026,10-09-2026,CM,BSE,STK,501261,INE567L01025,LORDSMARK,XT,,,,,Lords Mark Industries Limited,83.9,84.34,82,82.95,83.35,83.12,,82.95,,,148219,12315690,338,F1,1,,,,,
10-09-2026,10-09-2026,CM,BSE,STK,501270,INE825M01017,ANTARIKSH,XT,,,,,ANTARIKSH INDUSTRIES LIMITED,17.31,17.31,17.31,17.31,17.31,16.98,,17.31,,,1,17,1,F1,1,,,,,
10-09-2026,10-09-2026,CM,BSE,STK,501295,INE886A01014,IITL,B,,,,,INDUSTRIAL INVESTMENT TRUST LT,150.85,152,147.05,148.5,152,146,,147.23,,,9368,1401366,181,F1,1,,,,,
10-09-2026,10-09-2026,CM,BSE,STK,501298,INE620D01011,INDPRUD,B,,,,,INDUSTRIAL & PRUDENTIAL INVEST,6289.95,6289.95,6282.45,6285.75,6282.45,6175,,6217.21,,,4,25150,4,F1,1,,,,,
10-09-2026,10-09-2026,CM,BSE,STK,501301,INE672A01026,TATAINVEST,A,,,,,TATA INVESTMENT CORPORATION LT,618.55,679,618.55,646.7,646.7,618.3,,645.22,,,352541,230696766,8364,F1,1,,,,,
10-09-2026,10-09-2026,CM,BSE,STK,501311,INE998D01011,JAYBHCR,X,,,,,JAYABHARAT CREDIT LTD.,14.17,14.17,14.17,14.17,14.17,14.17,,14.17,,,3,42,1,F1,1,,,,,
10-09-2026,10-09-2026,CM,BSE,STK,501314,INE286N01028,PRISMX,B,,,,,PRISMX GLOBAL VENTURES LIMITED,0.58,0.6,0.48,0.58,0.6,0.57,,0.59,,,152361,83928,81,F1,1,,,,,
10-09-2026,10-09-2026,CM,BSE,STK,501343,INE861B01023,MOTOGENFIN,B,,,,,MOTOR & GENERAL FINANCE LTD.,27.06,27.3,26.7,26.7,26.7,27.06,,26.78,,,1996,53869,22,F1,1,,,,,
10-09-2026,10-09-2026,CM,BSE,STK,501351,INE154M01012,RAPIDIN,X,,,,,RAPID INVESTMENTS LTD.,100,100,99.9,99.9,99.9,99,,99.9,,,11,1099,2,F1,1,,,,,
10-09-2026,10-09-2026,CM,BSE,STK,501370,INE695D01021,WALCHPF,X,,,,,WALCHAND PEOPLEFIRST LTD.,138,139,138,139,139,138,,139,,,500,69300,3,F1,1,,,,,
10-09-2026,10-09-2026,CM,BSE,STK,501391,INE855A01019,WHBRADY,B,,,,,W.H.BRADY & CO.LTD.,482,489.8,481,489.8,489.8,488,,485.15,,,65,31719,10,F1,1,,,,,
10-09-2026,10-09-2026,CM,BSE,STK,501421,INE314H01012,TECHNVISN,B,,,,,TechNVision Ventures Limited,4950,4950,4711,4839.9,4839.9,4868.05,,4809.52,,,21,100210,7,F1,1,,,,,
10-09-2026,10-09-2026,CM,BSE,STK,501423,INE151G01028,SHAILY,A,,,,,SHAILY ENGINEERING PLASTICS LT,3453.45,3463.4,3359.1,3371.35,3382.85,3445.35,,3381.74,,,6802,23134346,508,F1,1,,,,,
10-09-2026,10-09-2026,CM,BSE,STK,501425,INE050A01025,BBTC,A,,,,,The Bombay Burmah Trading Corp,1441.75,1454.5,1431,1436.5,1444.75,1446.45,,1434.9,,,1983,2850985,227,F1,1,,,,,
10-09-2026,10-09-2026,CM,BSE,STK,501430,INE691K01017,BOMBCYC,X,,,,,BOMBAY CYCLE & MOTOR AGENCY LT,1554.2,1555,1554.2,1555,1555,1562,,1555,,,9,13989,3,F1,1,,,,,
10-09-2026,10-09-2026,CM,BSE,STK,501455,INE224A01026,GREAVESCOT,A,,,,,GREAVES COTTON LTD.,193.05,199.6,192,193.6,193.5,192.25,,193.6,,,63502,12469872,945,F1,1,,,,,
10-09-2026,10-09-2026,CM,BSE,STK,501477,INE003F01015,MULLER,X,,,,,MULLER & PHIPPS (INDIA) LTD.,204,209,204,209,209,199.4,,209,,,135,28131,11,F1,1,,,,,
10-09-2026,10-09-2026,CM,BSE,STK,501700,INE131H01028,INDIANVSH,X,,,,,INDIANIVESH LTD.,6.99,6.99,6.53,6.58,6.58,6.71,,6.58,,,2327,15785,15,F1,1,,,,,
10-09-2026,10-09-2026,CM,BSE,STK,501831,INE377E01024,COASTCORP,B,,,,,COASTAL CORPORATION LTD.,40.81,41.08,38.94,39.62,40,40.48,,39.45,,,11289,450660,107,F1,1,,,,,
10-09-2026,10-09-2026,CM,BSE,STK,501833,INE490A01015,CHOWGULSTM,X,,,,,CHOWGULE STEAMSHIPS LTD.,22.89,22.9,21.5,22.04,22.9,21.9,,22.04,,,12494,276415,79,F1,1,,,,,
10-09-2026,10-09-2026,CM,BSE,STK,501848,INE446C01013,GARWAOFFS,X,,,,,GARWARE OFFSHORE SERVICES LIMI,45.88,45.88,43.5,45.01,45.45,44.47,,45.01,,,8318,369072,69,F1,1,,,,,
10-09-2026,10-09-2026,CM,BSE,STK,501945,INE758D01027,DHENUBUILD,Z,,,,,DHENU BUILDCON INFRA LTD.,7.88,7.88,7.14,7.68,7.72,7.51,,7.68,,,83496,643844,350,F1,1,,,,,
10-09-2026,10-09-2026,CM,BSE,STK,502015,INE443A01030,ASIIL,X,,,,,ASI INDUSTRIES LIMITED,24.99,24.99,24,24.79,24.85,24.66,,24.79,,,7286,179480,60,F1,1,,,,,
10-09-2026,10-09-2026,CM,BSE,STK,502090,INE229C01021,SAGCEM,B,,,,,SAGAR CEMENTS LTD.,150.4,152.95,150,151.9,150.05,150.85,,150.46,,,1589,241185,75,F1,1,,,,,
10-09-2026,10-09-2026,CM,BSE,STK,502137,INE583C01021,DECCANCE,B,,,,,DECCAN CEMENTS LTD.,566.85,570.55,558.1,565.2,561.7,564.05,,571.74,,,15,8479,9,F1,1,,,,,
10-09-2026,10-09-2026,CM,BSE,STK,502157,INE347A01017,MANGLMCEM,B,,,,,MANGALAM CEMENT LTD.,1048.75,1057.5,1015.3,1026.45,1015.3,1047.2,,1026.69,,,2389,2489512,213,F1,1,,,,,
10-09-2026,10-09-2026,CM,BSE,STK,502168,INE732C01016,NCLIND,B,,,,,NCL INDUSTRIES LTD.,181.1,181.1,175,178.55,178.55,178.45,,178.11,,,17062,3041020,286,F1,1,,,,,
10-09-2026,10-09-2026,CM,BSE,STK,502175,INE626A01014,SAURASHCEM,B,,,,,SAURASHTRA CEMENT LTD.,56.04,56.37,55.27,55.38,55.35,55.73,,55.48,,,1731,96027,25,F1,1,,,,,
10-09-2026,10-09-2026,CM,BSE,STK,502180,INE232A01011,SHREDIGCEM,B,,,,,SHREE DIGVIJAY CEMENT CO.LTD.,70.31,71.36,68.75,68.92,69.76,70.99,,69.08,,,8932,627629,333,F1,1,,,,,
10-09-2026,10-09-2026,CM,BSE,STK,502219,INE666D01022,BORORENEW,A,,,,,BOROSIL RENEWABLES LIMITED,499,506.15,496,502,501.9,502.2,,502.18,,,11677,5851656,579,F1,1,,,,,
10-09-2026,10-09-2026,CM,BSE,STK,502250,INE347D01011,LERTHAI,XT,,,,,LERTHAI FINANCE LIMITED,456,456,428.45,428.45,428.45,451,,428.45,,,145,62402,10,F1,1,,,,,
10-09-2026,10-09-2026,CM,BSE,STK,502281,INE094C01011,TRIVENIGQ,XT,,,,,TRIVENI GLASS LTD.,7.02,7.02,6.9,6.9,6.9,7.02,,6.9,,,11479,79232,17,F1,1,,,,,
10-09-2026,10-09-2026,CM,BSE,STK,502294,INE416N01013,NILACHAL,X,,,,,NILACHAL REFRACTORIES LTD.,36.58,37.5,35.5,37.25,37.5,37.6,,37.25,,,426,15233,12,F1,1,,,,,
10-09-2026,10-09-2026,CM,BSE,STK,502330,INE435A01051,ANDHRAPAP,B,,,,,ANDHRA PAPER LIMITED,67.84,73.25,67.84,72.41,72.41,68.16,,72.57,,,269044,19261592,2060,F1,1,,,,,
10-09-2026,10-09-2026,CM,BSE,STK,502355,INE787D01026,BALKRISIND,A,,,,,BALKRISHNA INDUSTRIES LTD.,2208,2233.7,2189.45,2194.5,2199.05,2208,,2193.02,,,3503,7718925,607,F1,1,,,,,
10-09-2026,10-09-2026,CM,BSE,STK,502420,INE592A01026,ORIENTPPR,B,,,,,ORIENT PAPER & INDUSTRIES LTD.,18.11,18.4,17.77,18.05,18.05,17.87,,18.06,,,14971,272378,129,F1,1,,,,,
10-09-2026,10-09-2026,CM,BSE,STK,502445,INE906D01014,CITADEL,X,,,,,CITADEL REALTY AND DEVELOPERS,36.65,43.6,36.65,38.5,38.5,38.86,,38.5,,,1772,69488,27,F1,1,,,,,
10-09-2026,10-09-2026,CM,BSE,STK,502448,INE927A01040,ROLLT,T,,,,,ROLLATAINERS LTD.,4.61,4.74,4.49,4.6,4.6,4.72,,4.61,,,76773,351796,117,F1,1,,,,,
10-09-2026,10-09-2026,CM,BSE,STK,502450,INE630A01024,SESHAPAPER,B,,,,,SESHASAYEE PAPER & BOARDS LTD.,238.2,250,238.15,246.7,246.7,244.3,,246.94,,,4828,1184987,344,F1,1,,,,,
10-09-2026,10-09-2026,CM,BSE,STK,502587,INE777A01023,NATHIND,X,,,,,NATH INDUSTRIES LIMITED,50.02,51.4,49.71,51.4,51.4,50.02,,51.4,,,123,6161,5,F1,1,,,,,
10-09-2026,10-09-2026,CM,BSE,STK,502589,INE464D01014,VAPIENTER,XT,,,,,VAPI ENTERPRISE LIMITED,118.75,118.75,118.75,118.75,118.75,124.95,,118.75,,,231,27431,5,F1,1,,,,,
10-09-2026,10-09-2026,CM,BSE,STK,502865,INE518A01013,FORBESCO,X,,,,,FORBES & COMPANY LTD.,303,323.95,303,311.1,311.1,307.2,,311.1,,,7420,2349223,209,F1,1,,,,,
10-09-2026,10-09-2026,CM,BSE,STK,502873,INE950C01014,HPCOTTON,X,,,,,H.P.COTTON TEXTILE MILLS LTD.,96.05,96.9,92.05,96.9,96.9,95.65,,96.9,,,1678,160195,26,F1,1,,,,,
10-09-2026,10-09-2026,CM,BSE,STK,502893,INE706D01018,UNITEDINT,X,,,,,UNITED INTERACTIVE LTD.,70,70,67,67,67,67,,67,,,320,22041,5,F1,1,,,,,
10-09-2026,10-09-2026,CM,BSE,STK,502901,INE462D01034,JAMSHRI,X,,,,,JAMSHRI REALTY LIMITED,75,75.99,74.32,75.84,74.87,76.45,,75.84,,,130,9784,19,F1,1,,,,,
10-09-2026,10-09-2026,CM,BSE,STK,502933,INE498G01015,KATRSPG,X,,,,,KATARE SPINNING MILLS LTD.,94.1,94.1,94.1,94.1,94.1,96,,94.1,,,520,48932,4,F1,1,,,,,
10-09-2026,10-09-2026,CM,BSE,STK,502937,INE087A01019,KESORAMIND,T,,,,,KESORAM INDUSTRIES LTD.,11.63,11.7,11.63,11.7,11.7,11.48,,11.7,,,3060,35661,6,F1,1,,,,,
10-09-2026,10-09-2026,CM,BSE,STK,502986,INE825A01020,VTL,A,,,,,VARDHMAN TEXTILES LTD.,579.75,587.85,572.6,575.6,575.95,583,,575.6,,,10986,6349957,583,F1,1,,,,,
10-09-2026,10-09-2026,CM,BSE,STK,503031,INE138A01028,PENINLAND,B,,,,,PENINSULA LAND LTD.,15.77,16.12,15.43,15.52,15.52,15.46,,15.34,,,18399,288732,95,F1,1,,,,,
10-09-2026,10-09-2026,CM,BSE,STK,503092,INE909B01020,PASUSPG,X,,,,,PASUPATI SPG.& WVG.MILLS LTD.,37.78,37.78,37.69,37.7,37.7,35.99,,37.7,,,210,7916,5,F1,1,,,,,
10-09-2026,10-09-2026,CM,BSE,STK,503100,INE211B01039,PHOENIXLTD,A,,,,,THE PHOENIX MILLS LTD,1887.45,1911.45,1884,1890,1890,1897.9,,1890,,,4287,8132915,775,F1,1,,,,,
10-09-2026,10-09-2026,CM,BSE,STK,503101,INE182D01020,MARATHON,B,,,,,MARATHON NEXTGEN REALTY LTD.,433.1,442.4,432.7,438.25,438,436.45,,438.49,,,2239,982557,105,F1,1,,,,,
10-09-2026,10-09-2026,CM,BSE,STK,503162,INE750D01016,RELCHEMQ,B,,,,,RELIANCE CHEMOTEX INDUSTRIES L,117.7,117.7,112.7,112.7,112.7,113.15,,113.68,,,316,36209,12,F1,1,,,,,
10-09-2026,10-09-2026,CM,BSE,STK,503169,INE301D01026,RUBYMILLS,B,,,,,RUBY MILLS LTD.,480,480,440.25,442.9,450,470.9,,445.65,,,920,414110,159,F1,1,,,,,
10-09-2026,10-09-2026,CM,BSE,STK,503310,INE665A01038,SWANCORP,A,,,,,Swan Corp Limited,276,315.6,275,297.9,297.9,277.65,,298.14,,,2824721,860485338,21655,F1,1,,,,,
10-09-2026,10-09-2026,CM,BSE,STK,503349,INE203D01016,VICTMILL,XT,,,,,VICTORIA MILLS LTD.,8991,8991,8560,8624.5,8649,8649.3,,8624.5,,,148,1310889,29,F1,1,,,,,
10-09-2026,10-09-2026,CM,BSE,STK,503624,INE406N01014,ZSVARAJT,X,,,,,SVARAJ TRADING & AGENCIES LTD.,7.4,7.46,7.4,7.46,7.46,7.4,,7.46,,,784,5833,11,F1,1,,,,,
10-09-2026,10-09-2026,CM,BSE,STK,503635,INE315N01017,SALSAIN,XT,,,,,SHREE SALASAR INVESTMENT LTD.,371.95,371.95,368.25,368.25,368.25,371.95,,368.25,,,3,1112,2,F1,1,,,,,
10-09-2026,10-09-2026,CM,BSE,STK,503639,INE314N01028,APOLLOIN,XT,,,,,Apollo Ingredients Limited,83.81,83.81,83.81,83.81,83.81,79.82,,83.81,,,295,24723,12,F1,1,,,,,
10-09-2026,10-09-2026,CM,BSE,STK,503641,INE945J01027,ZODIACVEN,X,,,,,ZODIAC VENTURES LIMITED,1.48,1.51,1.4,1.46,1.47,1.49,,1.46,,,86235,126310,145,F1,1,,,,,
10-09-2026,10-09-2026,CM,BSE,STK,503657,INE255E01030,VEERENRGY,X,,,,,VEER ENERGY & INFRASTRUCTURE L,13.49,13.49,13.08,13.1,13.1,13.3,,13.1,,,10944,144056,39,F1,1,,,,,
10-09-2026,10-09-2026,CM,BSE,STK,503659,INE948K01011,SW1,XT,,,,,SW INVESTMENTS LTD,159.5,159.5,158.55,158.55,158.55,153.15,,158.55,,,13,2062,3,F1,1,,,,,
10-09-2026,10-09-2026,CM,BSE,STK,503663,INE026L01022,TILAK,X,,,,,Tilak Ventures Limited,1.29,1.29,1.26,1.27,1.28,1.27,,1.27,,,547197,696105,545,F1,1,,,,,
10-09-2026,10-09-2026,CM,BSE,STK,503675,INE786K01023,WAGEND,X,,,,,WAGEND INFRA VENTURE LIMITED,1.2,1.2,1.15,1.15,1.15,1.23,,1.15,,,15103,18047,20,F1,1,,,,,
10-09-2026,10-09-2026,CM,BSE,STK,503681,INE927X01018,ELCIDIN,B,,,,,ELCID INVESTMENTS LTD.,106590,107000,105018,105018,105018,106562,,105939.33,,,13,1379719,13,F1,1,,,,,
10-09-2026,10-09-2026,CM,BSE,STK,503685,INE828I01019,MEDIAONE,Z,,,,,MEDIAONE GLOBAL ENTERTAINMENT,14.6,14.6,13.7,13.9,13.9,14.4,,13.9,,,356,4889,8,F1,1,,,,,
10-09-2026,10-09-2026,CM,BSE,STK,503722,INE629D01020,BANSWRAS,B,,,,,BANSWARA SYNTEX LTD.,114.1,115.7,112.4,112.8,112.8,114.1,,113.03,,,448,50765,37,F1,1,,,,,
10-09-2026,10-09-2026,CM,BSE,STK,503772,INE380D01012,MODWOOL,X,,,,,MODELLA WOOLLENS LTD.,61.38,63.02,61.38,63.01,63.01,64.61,,63.01,,,33,2038,5,F1,1,,,,,
10-09-2026,10-09-2026,CM,BSE,STK,503776,INE170C01019,MODIPON,X,,,,,MODIPON LTD.,40.8,42,40.8,42,42,42.94,,42,,,88,3643,7,F1,1,,,,,
10-09-2026,10-09-2026,CM,BSE,STK,503804,INE204C01024,SHRIDINE,XT,,,,,SHRI DINESH MILLS LTD.,364,365.1,364,365,365,363.9,,365,,,427,155832,15,F1,1,,,,,
10-09-2026,10-09-2026,CM,BSE,STK,503806,INE647A01010,SRF,A,,,,,SRF LTD.,2520,2550,2504.6,2507.7,2513.7,2515,,2519,,,9295,23484745,1351,F1,1,,,,,
10-09-2026,10-09-2026,CM,BSE,STK,503811,INE076B01028,SIYSIL,B,,,,,SIYARAM SILK MILLS LTD.,528.5,550,528.5,548.3,548,530.9,,547.04,,,1790,967882,181,F1,1,,,,,
10-09-2026,10-09-2026,CM,BSE,STK,503816,INE243N01029,SWADPOL,X,,,,,SWADESHI POLYTEX LTD.,36.3,36.98,35.75,36.42,36.4,37,,36.42,,,2742,100796,50,F1,1,,,,,
10-09-2026,10-09-2026,CM,BSE,STK,503837,INE796C01011,SHRAJSYNQ,X,,,,,SHREE RAJASTHAN SYNTEX LTD.,9.68,9.68,8.82,8.82,8.82,9.22,,8.82,,,2260,21750,12,F1,1,,,,,
10-09-2026,10-09-2026,CM,BSE,STK,503960,INE464A01036,BBL,B,,,,,BHARAT BIJLEE LTD.,2253.5,2264.95,2226.1,2237.8,2240.7,2247.5,,2231.45,,,599,1344127,115,F1,1,,,,,
10-09-2026,10-09-2026,CM,BSE,STK,504000,INE579B01039,ELPROINTL,B,,,,,ELPRO INTERNATIONAL LTD.,174.95,174.95,171,173.75,173.75,174.95,,173.76,,,610,104942,20,F1,1,,,,,
10-09-2026,10-09-2026,CM,BSE,STK,504028,INE064H01021,GEE,XT,,,,,GEE LTD.,135,137,130,135.55,136,133.6,,135.55,,,24469,3245536,178,F1,1,,,,,
10-09-2026,10-09-2026,CM,BSE,STK,504036,INE835D01023,HIRECT,B,,,,,Hirect Limited,1287.25,1302.7,1244.8,1248.75,1252,1275.45,,1248.89,,,6074,7699264,358,F1,1,,,,,
10-09-2026,10-09-2026,CM,BSE,STK,504058,INE567A01028,NIPPOBATRY,B,,,,,INDO-NATIONAL LTD.,324.5,324.5,318.45,321.6,321.6,324,,322.45,,,515,164862,196,F1,1,,,,,
10-09-2026,10-09-2026,CM,BSE,STK,504067,INE520A01027,ZENSARTECH,A,,,,,ZENSAR TECHNOLOGIES LTD.,436.55,439,427,427.55,427.5,436.9,,427.4,,,49421,21322140,1298,F1,1,,,,,
10-09-2026,10-09-2026,CM,BSE,STK,504076,INE511D01012,JYOTI,X,,,,,JYOTI LTD.,60.78,60.78,59.01,60,60,59.95,,60,,,15140,904863,114,F1,1,,,,,
10-09-2026,10-09-2026,CM,BSE,STK,504080,INE581L01018,JSLINDL,X,,,,,JSL INDUSTRIES LTD.,783,800,750,768.7,750,765.95,,768.7,,,134,103777,24,F1,1,,,,,
10-09-2026,10-09-2026,CM,BSE,STK,504084,INE813G01023,KAYCEEI,X,,,,,KAYCEE INDUSTRIES LTD.,810.3,816.8,791,800.65,792.35,810.4,,800.65,,,286,230980,50,F1,1,,,,,
10-09-2026,10-09-2026,CM,BSE,STK,504092,INE716F01012,INDOKEM,B,,,,,INDOKEM LTD.,639.85,639.85,617,617.45,617,629.3,,619.44,,,1505,935956,73,F1,1,,,,,
10-09-2026,10-09-2026,CM,BSE,STK,504093,INE795A01017,PANAENERG,X,,,,,PANASONIC ENERGY INDIA COMPANY,262.65,265.2,262.1,262.8,262.8,265.25,,262.8,,,1429,376173,61,F1,1,,,,,
10-09-2026,10-09-2026,CM,BSE,STK,504112,INE045B01015,NELCO,B,,,,,NELCO LTD.,960,971.55,935.05,937.3,939,958.2,,937.55,,,6058,5784741,288,F1,1,,,,,
10-09-2026,10-09-2026,CM,BSE,STK,504132,INE418E01018,PERMAGN,B,,,,,PERMANENT MAGNETS LTD.,842.05,872,823.05,866.95,863.1,845.7,,869.04,,,994,846229,111,F1,1,,,,,
10-09-2026,10-09-2026,CM,BSE,STK,504176,INE783E01023,HIGHENE,X,,,,,HIGH ENERGY BATTERIES (INDIA),588.6,609,586,589.25,586.25,594.4,,589.25,,,25863,15380630,194,F1,1,,,,,
10-09-2026,10-09-2026,CM,BSE,STK,504180,INE502C01039,STDBAT,X,,,,,STANDARD BATTERIES LTD.,39.94,40.2,39.94,40.2,40.2,40.14,,40.2,,,569,22801,22,F1,1,,,,,
10-09-2026,10-09-2026,CM,BSE,STK,504212,INE279A01012,UNIVCABLES,B,,,,,UNIVERSAL CABLES LTD.,1544.95,1567.55,1522.6,1548.25,1567.55,1540.35,,1556.63,,,4528,7011699,289,F1,1,,,,,
10-09-2026,10-09-2026,CM,BSE,STK,504220,INE100D01014,WSI,B,,,,,W.S.INDUSTRIES (INDIA) LTD.,60.3,60.3,57.83,59.1,59.1,59.07,,58.83,,,819,48542,26,F1,1,,,,,
10-09-2026,10-09-2026,CM,BSE,STK,504240,INE872E01016,DLTNCBL,X,,,,,DELTON CABLES LTD.,661.9,661.9,631.05,661.9,661.9,601.75,,661.9,,,39021,25656918,698,F1,1,,,,,
10-09-2026,10-09-2026,CM,BSE,STK,504258,INE284C01018,LAKSELEC,X,,,,,LAKSHMI ELECTRICAL CONTROL SYS,804,824.5,795.1,802.25,804.6,801.2,,802.25,,,845,683610,41,F1,1,,,,,
10-09-2026,10-09-2026,CM,BSE,STK,504273,INE064R01012,MODULEX,Z,,,,,MODULEX CONSTRUCTION TECHNOLOG,15.92,15.92,14.9,15.6,15.7,15.54,,15.6,,,22337,336063,40,F1,1,,,,,
10-09-2026,10-09-2026,CM,BSE,STK,504286,INE393A01011,DELTAMAGNT,B,,,,,DELTA MANUFACTURING LIMITED,60.39,60.39,56.22,57.7,57.7,57,,56.82,,,2148,126589,17,F1,1,,,,,
10-09-2026,10-09-2026,CM,BSE,STK,504340,INE180M01033,LONGSPUR,X,,,,,Longspur International Venture,7.66,8.26,7.59,7.6,7.6,7.98,,7.6,,,9192,70315,18,F1,1,,,,,
10-09-2026,10-09-2026,CM,BSE,STK,504341,INE206N01018,RELTD,B,,,,,RAVINDRA ENERGY LIMITED,152.6,160.5,150.95,155.8,154.95,152.4,,155.09,,,21657,3405081,1053,F1,1,,,,,
10-09-2026,10-09-2026,CM,BSE,STK,504351,INE507F01023,EMPOWER,B,,,,,EMPOWER INDIA LTD.,2.13,2.21,2.13,2.2,2.2,2.11,,2.19,,,8235727,18086795,827,F1,1,,,,,
10-09-2026,10-09-2026,CM,BSE,STK,504369,INE927M01029,GRANDMA,XT,,,,,GRANDMA TRADING & AGENCIES LTD,0.63,0.63,0.63,0.63,0.63,0.64,,0.63,,,54123,34097,14,F1,1,,,,,
10-09-2026,10-09-2026,CM,BSE,STK,504375,INE459E01012,IDREAM,P,,,,,IDream Film Infrastructure Com,550.55,550.55,550.55,550.55,550.55,579.5,,550.55,,,300,165165,6,F1,50,,,,,
10-09-2026,10-09-2026,CM,BSE,STK,504378,INE812K01027,NYSSACORP,X,,,,,NYSSA CORPORATION LIMITED,2.2,2.3,2.05,2.12,2.18,2.16,,2.12,,,29157,61541,77,F1,1,,,,,
10-09-2026,10-09-2026,CM,BSE,STK,504380,INE952M01019,FLOMIC,X,,,,,FLOMIC GLOBAL LOGISTICS LIMITE,48.97,48.97,41.62,43.7,43.7,43.02,,43.7,,,742,31336,25,F1,1,,,,,
10-09-2026,10-09-2026,CM,BSE,STK,504392,INE537L01010,KRISHNA,XT,,,,,KRISHNA VENTURES LIMITED,46.12,46.12,46.12,46.12,46.12,47.06,,46.12,,,17051,786392,11,F1,1,,,,,
10-09-2026,10-09-2026,CM,BSE,STK,504397,INE932M01011,GANHOLD,XT,,,,,GANESH HOLDINGS LTD.,112.2,115.5,108,108,108,110,,108,,,556,64194,6,F1,1,,,,,
10-09-2026,10-09-2026,CM,BSE,STK,504605,INE361D01012,UNIABEXAL,XT,,,,,UNI ABEX ALLOY PRODUCTS LTD.,4749.95,4769,4505.05,4744.6,4744.9,4700,,4744.6,,,1156,5399148,125,F1,1,,,,,
10-09-2026,10-09-2026,CM,BSE,STK,504614,INE385C01021,SARDAEN,A,,,,,SARDA ENERGY & MINERALS LTD.,554.9,554.9,536,537.05,537.05,546.75,,537.23,,,95348,51759863,2539,F1,1,,,,,
10-09-2026,10-09-2026,CM,BSE,STK,504646,INE106G01014,BGWTATO,XT,,,,,BHAGWATI AUTOCAST LTD.,663.2,681.6,627.6,672,672,659.9,,672,,,925,595625,47,F1,1,,,,,
10-09-2026,10-09-2026,CM,BSE,STK,504648,INE089T01023,BOMBWIR,X,,,,,BOMBAY WIRE ROPES LTD.,42.4,42.4,40.01,40.83,40.76,42.29,,40.83,,,625,25677,18,F1,1,,,,,
10-09-2026,10-09-2026,CM,BSE,STK,504731,INE566M01017,AZADIND,B,,,,,AZAD INDIA MOBILITY LIMITED,90.9,90.9,86,87.51,86,89.57,,86.82,,,4477,395733,143,F1,1,,,,,
10-09-2026,10-09-2026,CM,BSE,STK,504741,INE323C01030,INDIANHUME,B,,,,,INDIAN HUME PIPE CO.LTD.,383.6,383.6,365.45,365.8,367.85,378.55,,366.81,,,3479,1284517,217,F1,1,,,,,
10-09-2026,10-09-2026,CM,BSE,STK,504746,INE359D01024,INLCM,X,,,,,INDIAN LINK CHAIN MANUFACTURES,332.9,332.9,305.45,305.6,310,321.5,,305.6,,,5032,1571726,110,F1,1,,,,,
10-09-2026,10-09-2026,CM,BSE,STK,504786,INE155E01016,INVPRECQ,T,,,,,INVESTMENT & PRECISION CASTING,1380.05,1380.05,1380.05,1380.05,1380.05,1353,,1380.05,,,1632,2252241,23,F1,1,,,,,
10-09-2026,10-09-2026,CM,BSE,STK,504810,INE123E01014,INFORTEC,X,,,,,INFORMED TECHNOLOGIES INDIA LT,82,89.5,82,89,89,82,,89,,,111,9268,9,F1,1,,,,,
10-09-2026,10-09-2026,CM,BSE,STK,504840,INE375D01012,KAIRA,X,,,,,KAIRA CAN CO.LTD.,1490,1490,1423,1423,1423,1490,,1423,,,6,8806,5,F1,1,,,,,
10-09-2026,10-09-2026,CM,BSE,STK,504879,INE569C01020,ORIENTCER,B,,,,,ORIENT CERATECH LIMITED,48.8,48.8,46.5,46.74,46.74,47.39,,46.68,,,8959,421129,134,F1,1,,,,,
10-09-2026,10-09-2026,CM,BSE,STK,504882,INE166R01015,NATIONSTD,B,,,,,NATIONAL STANDARD (INDIA) LTD.,119.9,119.9,112.8,114.35,114,114.2,,115.67,,,6023,698879,224,F1,1,,,,,
10-09-2026,10-09-2026,CM,BSE,STK,504903,INE336C01016,RATHIST,XT,,,,,RATHI STEEL & POWER LTD.,22.5,22.99,22,22.06,22,22.46,,22.06,,,68450,1550557,152,F1,1,,,,,
10-09-2026,10-09-2026,CM,BSE,STK,504908,INE340F01011,DUNCANENG,X,,,,,Duncan Engineering Limited,354,354,336.75,340,340,349.55,,340,,,12818,4364043,53,F1,1,,,,,
10-09-2026,10-09-2026,CM,BSE,STK,504918,INE149K01016,SANDUMA,A,,,,,SANDUR MANGANESE & IRON ORES L,202.4,202.45,196,196.95,196.75,201,,196.75,,,25621,5091034,507,F1,1,,,,,
10-09-2026,10-09-2026,CM,BSE,STK,504959,INE755D01015,STOVACQ,X,,,,,STOVEC INDUSTRIES LTD.,1658.25,1660,1640.65,1648.8,1645.5,1650,,1648.8,,,206,341511,25,F1,1,,,,,
10-09-2026,10-09-2026,CM,BSE,STK,504973,INE149A01033,CHOLAHLDNG,A,,,,,CHOLAMANDALAM FINANCIAL HOLDIN,1539.9,1540.75,1519.25,1525.85,1538.45,1529.15,,1531.55,,,1799,2747702,189,F1,1,,,,,
10-09-2026,10-09-2026,CM,BSE,STK,505010,INE449A01011,AUTOAXLES,B,,,,,AUTOMOTIVE AXLES LTD.,1665.2,1690,1659.5,1666.55,1667.45,1654.2,,1657.99,,,108,180712,32,F1,1,,,,,
10-09-2026,10-09-2026,CM,BSE,STK,505029,INE446A01025,ATLASCYCLE,B,,,,,ATLAS CYCLES (HARYANA) LTD.,102.2,109.65,97.05,98.06,97.9,106.91,,98.07,,,13852,1418552,237,F1,1,,,,,
10-09-2026,10-09-2026,CM,BSE,STK,505036,INE451C01013,ACGL,B,,,,,AUTOMOBILE CORPORATION OF GOA,1800.95,1800.95,1751,1752.5,1751,1792,,1754.23,,,116,204253,28,F1,1,,,,,
10-09-2026,10-09-2026,CM,BSE,STK,505075,INE878E01021,SETCO,T,,,,,SETCO AUTOMOTIVE LTD.,16.52,17.62,16.52,17.3,17.3,17.23,,17.16,,,9356,158975,57,F1,1,,,,,
10-09-2026,10-09-2026,CM,BSE,STK,505160,INE187D01029,TALBROAUTO,B,,,,,TALBROS AUTOMOTIVE COMPONENTS,423.8,423.8,415,419.95,420.55,420.3,,420.19,,,5088,2119178,116,F1,1,,,,,
10-09-2026,10-09-2026,CM,BSE,STK,505163,INE116C01012,ZFSTEERING,B,,,,,Z.F.STEERING GEAR (INDIA) LTD.,661.15,793,661.15,739.8,732.2,676.45,,743.2,,,7757,5811269,602,F1,1,,,,,
10-09-2026,10-09-2026,CM,BSE,STK,505192,INE294B01019,SMLMAH,A,,,,,SML Mahindra Limited,6568.95,6650,6250,6279.95,6290,6551.25,,6278.17,,,4740,30375626,1029,F1,1,,,,,
10-09-2026,10-09-2026,CM,BSE,STK,505196,INE806C01018,TIL,T,,,,,TIL LTD.,252.4,253,243.1,248.9,250,252.4,,246.25,,,892,222124,37,F1,1,,,,,
10-09-2026,10-09-2026,CM,BSE,STK,505200,INE066A01021,EICHERMOT,A,,,,,EICHER MOTORS LTD.,7710.4,7749.7,7640,7700,7700,7749.7,,7697.03,,,7879,60435632,1632,F1,1,,,,,
10-09-2026,10-09-2026,CM,BSE,STK,505212,INE280F01019,JAINEX,X,,,,,JAINEX AAMCOL LTD.,169,173.2,155.1,156.85,156.85,170.7,,156.85,,,2700,434534,26,F1,1,,,,,
10-09-2026,10-09-2026,CM,BSE,STK,505232,INE232E01013,VELJAN,T,,,,,VELJAN DENISON LIMITED,1870,1945,1816.6,1931.05,1945,1855,,1922.51,,,254,477497,17,F1,1,,,,,
10-09-2026,10-09-2026,CM,BSE,STK,505242,INE221B01012,DYNAMATECH,A,,,,,DYNAMATIC TECHNOLOGIES LTD.,11637.15,11807.95,11467,11559.95,11467,11637.15,,11544.59,,,502,5821270,237,F1,1,,,,,
10-09-2026,10-09-2026,CM,BSE,STK,505250,INE631D01026,GGDPROP,X,,,,,G. G. Dandekar Properties Limi,70.5,74.95,70.5,71.5,71.5,70.7,,71.5,,,1336,99566,11,F1,1,,,,,
10-09-2026,10-09-2026,CM,BSE,STK,505255,INE541A01023,GMMPFAUDLR,A,,,,,GMM PFAUDLER LTD.,1308.55,1326,1290.95,1318.75,1323,1303.9,,1319.19,,,13770,17968688,909,F1,1,,,,,
10-09-2026,10-09-2026,CM,BSE,STK,505283,INE811A01038,KIRLPNU,A,,,,,KIRLOSKAR PNEUMATIC CO.LTD.,729.1,732.2,717.9,719.7,720.25,724.35,,719.7,,,4000,2898773,393,F1,1,,,,,
10-09-2026,10-09-2026,CM,BSE,STK,505299,INE731D01024,KPT,X,,,,,KPT INDUSTRIES LIMITED,470.8,472,460,463.05,463.05,470.8,,463.05,,,2165,1007979,63,F1,1,,,,,
10-09-2026,10-09-2026,CM,BSE,STK,505302,INE718M01022,LAKSHMIEW,X,,,,,LAKSHMI ENGINEERING AND WAREHO,2400,2400,2305.05,2399,2399,2400,,2399,,,114,270365,20,F1,1,,,,,
10-09-2026,10-09-2026,CM,BSE,STK,505336,INE098E01026,HARSHILAGR,XT,,,,,HARSHIL AGROTECH LIMITED,0.27,0.27,0.26,0.27,0.27,0.27,,0.27,,,1652789,438123,357,F1,1,,,,,
10-09-2026,10-09-2026,CM,BSE,STK,505343,INE811D01024,MONOT,X,,,,,MONOTYPE INDIA LTD.,0.29,0.31,0.29,0.3,0.29,0.29,,0.3,,,873431,263023,386,F1,1,,,,,
10-09-2026,10-09-2026,CM,BSE,STK,505355,INE317F01035,NESCO,A,,,,,NESCO LTD.,1095,1117.1,1089.3,1091.55,1090,1098.55,,1091.21,,,2936,3218003,266,F1,1,,,,,
10-09-2026,10-09-2026,CM,BSE,STK,505358,INE984B01023,INTEGRAEN,X,,,,,INTEGRA ENGINEERING INDIA LTD.,178.95,191,171,176.75,177,177.4,,176.75,,,45660,8318277,449,F1,1,,,,,
10-09-2026,10-09-2026,CM,BSE,STK,505400,INE435C01024,TEXINFRA,B,,,,,TEXMACO INFRASTRUCTURE & HOLDI,115.8,116.85,113.4,113.85,113.85,117.55,,114.2,,,7794,895012,136,F1,1,,,,,
10-09-2026,10-09-2026,CM,BSE,STK,505412,INE274C01019,WENDT,B,,,,,WENDT (INDIA) LTD.,8273.95,8920,8257,8682.8,8682.8,8255.8,,8669.84,,,4570,40024949,1166,F1,1,,,,,
10-09-2026,10-09-2026,CM,BSE,STK,505502,INE953M01033,PSITINFRA,XT,,,,,PS IT INFRASTRUCTURE & SERVICE,1.81,1.81,1.75,1.75,1.75,1.78,,1.75,,,3770,6682,33,F1,1,,,,,
10-09-2026,10-09-2026,CM,BSE,STK,505504,INE809Q01020,GHVINFRA,XT,,,,,GHV INFRA PROJECTS LIMITED,288.5,288.5,283.4,287.1,287,288.5,,287.1,,,1920,547977,185,F1,1,,,,,
10-09-2026,10-09-2026,CM,BSE,STK,505509,INE688D01026,RESPONIND,B,,,,,RESPONSIVE INDUSTRIES LTD.,164.4,174.1,164.4,169.25,169.25,169.65,,169.54,,,147668,24953062,1378,F1,1,,,,,
10-09-2026,10-09-2026,CM,BSE,STK,505515,INE203N01015,SHYMINV,X,,,,,SHYAMKAMAL INVESTMENTS LTD.,11.69,12,11.59,11.76,11.76,11.83,,11.76,,,8016,93580,49,F1,1,,,,,
10-09-2026,10-09-2026,CM,BSE,STK,505523,INE272E01027,MAHACORP,X,,,,,MAHARASHTRA CORPORATION LTD.,0.31,0.31,0.3,0.31,0.31,0.31,,0.31,,,286876,87127,149,F1,1,,,,,
10-09-2026,10-09-2026,CM,BSE,STK,505526,INE966A01022,DOLATALGO,B,,,,,DOLAT ALGOTECH LIMITED,69.46,71,69,69.57,70,69.78,,69.75,,,8262,579668,134,F1,1,,,,,
10-09-2026,10-09-2026,CM,BSE,STK,505533,INE274F01020,WESTLIFE,A,,,,,WESTLIFE FOODWORLD LIMITED,552.6,565,552.6,558.8,565,563.25,,561.68,,,2714,1512125,145,F1,1,,,,,
10-09-2026,10-09-2026,CM,BSE,STK,505537,INE256A01028,ZEEL,A,,,,,ZEE ENTERTAINMENT ENTERPRISES,84.01,85.09,80.35,80.99,80.99,85.72,,80.95,,,1218233,100357957,7412,F1,1,,,,,
10-09-2026,10-09-2026,CM,BSE,STK,505590,INE308E01029,SVPGLOB,B,,,,,SVP GLOBAL TEXTILES LIMITED,3.34,3.65,3.34,3.51,3.5,3.51,,3.45,,,4473,15551,49,F1,1,,,,,
10-09-2026,10-09-2026,CM,BSE,STK,505650,INE178E01026,SKYLMILAR,X,,,,,SKYLINE MILLARS LTD.,12.22,12.22,10.2,11.24,11.59,12.16,,11.24,,,26916,292237,104,F1,1,,,,,
10-09-2026,10-09-2026,CM,BSE,STK,505681,INE469A01019,BIMETAL,B,,,,,BIMETAL BEARINGS LTD.,654,659.8,654,659.8,659.8,645,,645,,,62,40650,5,F1,1,,,,,
10-09-2026,10-09-2026,CM,BSE,STK,505688,INE561C01019,BHARATGEAR,T,,,,,BHARAT GEARS LTD.,102.85,103.95,101.5,102,102,101.4,,102.67,,,705,71843,10,F1,1,,,,,
10-09-2026,10-09-2026,CM,BSE,STK,505690,INE856A01017,BRADYM,X,,,,,BRADY & MORRIS ENGINEERING CO.,661,674.5,652.6,653,653,674.55,,653,,,384,253252,29,F1,1,,,,,
10-09-2026,10-09-2026,CM,BSE,STK,505693,INE501N01020,LATIMMETAL,X,,,,,La Tim Metal & Industries Limi,10.99,11.5,10.5,10.64,10.6,10.84,,10.64,,,137627,1481371,222,F1,1,,,,,
10-09-2026,10-09-2026,CM,BSE,STK,505700,INE205B01031,ELECON,A,,,,,ELECON ENGINEERING CO.LTD.,419.1,423.2,418.1,420.45,420,420.55,,420.5,,,13936,5861295,622,F1,1,,,,,
10-09-2026,10-09-2026,CM,BSE,STK,505710,INE266D01021,GRAUWEIL,B,,,,,GRAUER & WEIL (INDIA) LTD.,71.85,77.25,71.41,76.26,76.7,72.87,,76.46,,,88170,6688593,1239,F1,1,,,,,
10-09-2026,10-09-2026,CM,BSE,STK,505712,INE705G01021,HIMTEK,XT,,,,,HIM TEKNOFORGE LIMITED,295,297,286,287.4,288.5,290.05,,287.4,,,14445,4207722,97,F1,1,,,,,
10-09-2026,10-09-2026,CM,BSE,STK,505714,INE524A01029,GABRIEL,A,,,,,GABRIEL INDIA LTD.,1356.75,1366.95,1335,1340.5,1340.5,1361,,1338.81,,,10017,13539284,806,F1,1,,,,,
10-09-2026,10-09-2026,CM,BSE,STK,505720,INE688E01024,HERCULES,X,,,,,Hercules Investments Limited,120,120.1,119,119.3,119.75,120.2,,119.3,,,11841,1414717,60,F1,1,,,,,
10-09-2026,10-09-2026,CM,BSE,STK,505725,INE598D01035,ALGOQUANT,B,,,,,ALGOQUANT FINTECH LIMITED,63.33,66.9,63.33,64.03,64.41,63.8,,63.96,,,470921,30507230,2162,F1,1,,,,,
10-09-2026,10-09-2026,CM,BSE,STK,505726,INE559A01017,IFBIND,B,,,,,IFB INDUSTRIES LTD.,1269.9,1285,1267.4,1278.3,1285,1266.5,,1283.16,,,480,610828,54,F1,1,,,,,
10-09-2026,10-09-2026,CM,BSE,STK,505729,INE638A01035,SINGERIND,B,,,,,SINGER INDIA LTD.,74.5,76.56,69.29,73.66,73.55,74.99,,73.93,,,24993,1806214,181,F1,1,,,,,
10-09-2026,10-09-2026,CM,BSE,STK,505737,INE403C01014,INTLCOMBQ,X,,,,,INTERNATIONAL COMBUSTION (INDI,509,509,496,499.7,499.7,495.05,,499.7,,,489,244195,12,F1,1,,,,,
10-09-2026,10-09-2026,CM,BSE,STK,505744,INE529A01010,FMGOETZE,B,,,,,FEDERAL-MOGUL GOETZE (INDIA) L,460,462.9,442.1,443.4,443.9,453.15,,443.55,,,16651,7528239,541,F1,1,,,,,
10-09-2026,10-09-2026,CM,BSE,STK,505750,INE636D01041,JOSTS,X,,,,,JOSTS ENGINEERING CO.LTD.,238.85,247,228,232.8,232.8,240,,232.8,,,13200,3100818,196,F1,1,,,,,
10-09-2026,10-09-2026,CM,BSE,STK,505790,INE513A01022,SCHAEFFLER,A,,,,,Schaeffler India Limited,3919.25,3989,3919.25,3940.85,3937.7,3935.75,,3940.23,,,38876,154125283,442,F1,1,,,,,
10-09-2026,10-09-2026,CM,BSE,STK,505797,INE860N01012,MPCOSEMB,X,,,,,MIPCO SEAMLESS RINGS (GUJARAT),27.65,28.72,27.65,28.72,28.72,27.36,,28.72,,,5710,163959,15,F1,1,,,,,
10-09-2026,10-09-2026,CM,BSE,STK,505800,INE384A01010,RANEHOLDIN,B,,,,,RANE HOLDINGS LTD.,1694.5,1720.9,1681.1,1717.75,1719.15,1682.05,,1704.84,,,214,363879,34,F1,1,,,,,
10-09-2026,10-09-2026,CM,BSE,STK,505827,INE568F01017,SNL,X,,,,,SNL BEARINGS LTD.,413.85,428.7,413.85,419.55,420,413.85,,419.55,,,2580,1080424,82,F1,1,,,,,
10-09-2026,10-09-2026,CM,BSE,STK,505840,INE058D01030,JAIPAN,XT,,,,,JAIPAN INDUSTRIES LTD.,41.87,41.87,40.08,40.5,40.5,40.08,,40.5,,,6160,247381,23,F1,1,,,,,
10-09-2026,10-09-2026,CM,BSE,STK,505850,INE545L01039,MANCREDIT,B,,,,,MANGAL CREDIT AND FINCORP LTD.,221.05,221.75,217,217.75,217,220.1,,218.22,,,5505,1199660,284,F1,1,,,,,
10-09-2026,10-09-2026,CM,BSE,STK,505854,INE391D01019,TRF,B,,,,,TRF LTD.,228.15,234.4,218.5,220.45,222.8,230.45,,220.76,,,4185,938713,133,F1,1,,,,,
10-09-2026,10-09-2026,CM,BSE,STK,505872,INE765D01022,WPIL,B,,,,,WPIL LTD.,425.05,445.3,350.1,444.1,444.1,428.2,,444.19,,,21843,9548937,636,F1,1,,,,,
10-09-2026,10-09-2026,CM,BSE,STK,505890,INE717A01029,KENNAMET,B,,,,,KENNAMETAL INDIA LTD.,4795,5110.35,4668.9,4998.95,4951.2,4727.35,,5025.18,,,5144,25635425,813,F1,1,,,,,
10-09-2026,10-09-2026,CM,BSE,STK,505893,INE724D01011,HINDHARD,X,,,,,HINDUSTAN HARDY LIMITED,705,729.7,699.85,726.3,729.7,709.65,,726.3,,,684,488425,53,F1,1,,,,,
10-09-2026,10-09-2026,CM,BSE,STK,505978,INE440G01017,TRITONV,B,,,,,TRITON VALVES LTD.,1159.7,1159.7,1120,1138,1148.95,1130.6,,1134.64,,,268,305134,56,F1,1,,,,,
10-09-2026,10-09-2026,CM,BSE,STK,506003,INE618D01015,SUDAI,X,,,,,SUDAL INDUSTRIES LTD.,43.6,45.27,43.6,45.1,45.08,43.12,,45.1,,,1373,61808,27,F1,1,,,,,
10-09-2026,10-09-2026,CM,BSE,STK,506022,INE603A01013,PRAKASH,B,,,,,PRAKASH INDUSTRIES LTD.,126.5,127.9,123.75,124,124,126.5,,123.8,,,21391,2667379,715,F1,1,,,,,
10-09-2026,10-09-2026,CM,BSE,STK,506074,INE968D01022,ARSHIYA,Z,,,,,ARSHIYA LIMITED,0.73,0.74,0.72,0.73,0.73,0.75,,0.74,,,60164,44073,19,F1,1,,,,,
10-09-2026,10-09-2026,CM,BSE,STK,506076,INE536A01023,GRINDWELL,A,,,,,GRINDWELL NORTON LTD.,1885,1939.55,1874.4,1905,1888.95,1899.95,,1907.66,,,1877,3579289,296,F1,1,,,,,
10-09-2026,10-09-2026,CM,BSE,STK,506079,INE651C01018,LAKPRE,Z,,,,,LAKSHMI PRECISION SCREWS LTD.,5.92,5.92,5.85,5.9,5.9,5.64,,5.72,,,2303,13620,7,F1,1,,,,,
10-09-2026,10-09-2026,CM,BSE,STK,506105,INE441L01015,STANROS,X,,,,,STANROSE MAFATLAL INVESTMENTS,68.6,68.6,68.6,68.6,68.6,68.5,,68.6,,,7,480,2,F1,1,,,,,
10-09-2026,10-09-2026,CM,BSE,STK,506109,INE727B01026,GENESYS,B,,,,,GENESYS INTERNATIONAL CORPORAT,275.25,322.6,267.5,299.95,298,273.25,,299.68,,,236896,72439631,3525,F1,1,,,,,
10-09-2026,10-09-2026,CM,BSE,STK,506122,INE820M01018,VOLKAI,XT,,,,,Kairosoft AI Solutions Limited,157.8,157.8,146.2,154.6,154.6,153.8,,154.6,,,24198,3722871,169,F1,1,,,,,
10-09-2026,10-09-2026,CM,BSE,STK,506128,INE383L01019,PARNAXLAB,B,,,,,PARNAX LAB LTD.,135,140,126,131.65,133.5,131.85,,129.54,,,425,56308,44,F1,1,,,,,
10-09-2026,10-09-2026,CM,BSE,STK,506134,INE512D01028,GOURMET,XT,,,,,GOURMET GATEWAY INDIA LIMITED,12,12,12,12,12,12,,12,,,5264,63168,7,F1,1,,,,,
10-09-2026,10-09-2026,CM,BSE,STK,506146,INE370E01029,VIVIDHA,B,,,,,VISAGAR POLYTEX LTD.,0.53,0.54,0.51,0.53,0.53,0.53,,0.52,,,52005,27228,37,F1,1,,,,,
10-09-2026,10-09-2026,CM,BSE,STK,506166,INE070K01014,APIS,B,,,,,APIS INDIA LTD.,54.79,54.79,50.75,51.24,52.77,52.26,,51.24,,,9026,465959,117,F1,1,,,,,
10-09-2026,10-09-2026,CM,BSE,STK,506180,INE668L01013,EMERGENT,XT,,,,,EMERGENT INDUSTRIAL SOLUTIONS,389,389,382,382,382,402,,382,,,72,27571,7,F1,1,,,,,
10-09-2026,10-09-2026,CM,BSE,STK,506184,INE879E01037,KANANIIND,B,,,,,KANANI INDUSTRIES LTD.,1.48,1.54,1.48,1.5,1.5,1.52,,1.51,,,36374,55672,37,F1,1,,,,,
10-09-2026,10-09-2026,CM,BSE,STK,506186,INE403B01016,GSLTD,X,,,,,GALAXY SUPERMARKET LIMITED,21.1,21.1,19.11,19.13,19.89,20.11,,19.13,,,4340,85265,33,F1,1,,,,,
10-09-2026,10-09-2026,CM,BSE,STK,506194,INE643K01018,ARIHANTSUP,B,,,,,ARIHANT SUPERSTRUCTURES LIMITE,225.35,225.35,216.65,216.65,216.65,219.9,,219.65,,,43,9586,9,F1,1,,,,,
10-09-2026,10-09-2026,CM,BSE,STK,506197,INE416D01022,BLISSGVS,T,,,,,BLISS GVS PHARMA LTD.,680,710,676.6,703.7,702.95,692.7,,700.63,,,61172,42524177,496,F1,1,,,,,
10-09-2026,10-09-2026,CM,BSE,STK,506222,INE189B01011,STYRENIX,B,,,,,Styrenix Performance Materials,2148.9,2169.95,2140,2144.6,2145.55,2142.05,,2142.91,,,870,1876528,162,F1,1,,,,,
10-09-2026,10-09-2026,CM,BSE,STK,506235,INE426A01027,ALEMBICLTD,B,,,,,ALEMBIC LTD.,107.9,109.8,105.5,106.85,107.14,106.91,,106.51,,,39314,4223456,403,F1,1,,,,,
10-09-2026,10-09-2026,CM,BSE,STK,506248,INE275D01022,AMNPLST,B,,,,,AMINES & PLASTICIZERS LTD.,171,201.5,163.1,166.75,166.75,168.5,,167.92,,,165,28464,14,F1,1,,,,,
10-09-2026,10-09-2026,CM,BSE,STK,506260,INE489G01022,ANUHPHR,B,,,,,ANUH PHARMA LTD.,98,98.95,90.16,91.39,92,96.53,,91.22,,,48737,4548337,551,F1,1,,,,,
10-09-2026,10-09-2026,CM,BSE,STK,506261,INE737D01021,MODISONLTD,B,,,,,MODISON LIMITED,495,512.05,486,512.05,512.05,487.7,,514.79,,,7368,3722084,240,F1,1,,,,,
10-09-2026,10-09-2026,CM,BSE,STK,506285,INE462A01022,BAYERCROP,A,,,,,BAYER CROPSCIENCE LTD.,3961.95,3997.45,3956.45,3979.65,3978.9,3948.35,,3978.42,,,122,484955,42,F1,1,,,,,
10-09-2026,10-09-2026,CM,BSE,STK,506365,INE320M01019,STARSOURCE,X,,,,,STARSOURCE MULTITRADE LIMITED,73.05,78,73.05,73.49,73.26,75.56,,73.49,,,144,10787,11,F1,1,,,,,
10-09-2026,10-09-2026,CM,BSE,STK,506390,INE492A01029,SUDARCOLOR,B,,,,,Sudarshan Colorants India Limi,382,382,381.85,381.85,381.85,380.05,,380.99,,,130,49642,80,F1,1,,,,,
10-09-2026,10-09-2026,CM,BSE,STK,506395,INE169A01031,COROMANDEL,A,,,,,COROMANDEL INTERNATIONAL LTD.,1956.05,1970.5,1945.75,1962.4,1965.35,1961.35,,1961.91,,,955,1865600,349,F1,1,,,,,
10-09-2026,10-09-2026,CM,BSE,STK,506401,INE288B01029,DEEPAKNTR,A,,,,,DEEPAK NITRITE LTD.,1642.9,1665.8,1633.5,1645.9,1645.9,1642.1,,1645.81,,,15688,25863838,1348,F1,1,,,,,
10-09-2026,10-09-2026,CM,BSE,STK,506405,INE505A01010,DMCC,B,,,,,DMCC SPECIALITY CHEMICALS LIMI,288.05,294.55,285.05,290.45,292,287.55,,291.91,,,2357,684299,120,F1,1,,,,,
10-09-2026,10-09-2026,CM,BSE,STK,506414,INE225B01021,FERMENTA,B,,,,,FERMENTA BIOTECH LIMITED,493.95,496.8,480,483.3,483,493.95,,483.63,,,5723,2787071,224,F1,1,,,,,
10-09-2026,10-09-2026,CM,BSE,STK,506480,INE077F01035,GOCLCORP,B,,,,,GOCL Corporation Limited,431.55,436.1,429.8,432.05,432.1,432.3,,432.19,,,10410,4503059,267,F1,1,,,,,
10-09-2026,10-09-2026,CM,BSE,STK,506520,INE693E01016,JAYCH,X,,,,,JAYSHREE CHEMICALS LTD.,6.66,6.78,6.15,6.45,6.45,6.38,,6.45,,,21980,142472,91,F1,1,,,,,
10-09-2026,10-09-2026,CM,BSE,STK,506525,INE138C01024,KANORICHEM,T,,,,,KANORIA CHEMICALS & INDUSTRIES,172.45,176.75,170,176.15,176.15,168.55,,175.85,,,30351,5313191,315,F1,1,,,,,
10-09-2026,10-09-2026,CM,BSE,STK,506528,INE881E01017,KELENRG,XT,,,,,KELTECH ENERGIES LTD.,11569.95,12042.1,11569.9,12042.1,12042.1,11806,,12042.1,,,1645,19488889,170,F1,1,,,,,
10-09-2026,10-09-2026,CM,BSE,STK,506532,INE265B01019,NITTAGELA,B,,,,,NITTA GELATIN INDIA LTD.,1667,1699.9,1639,1658.2,1659.95,1655.1,,1654.62,,,225,374902,61,F1,1,,,,,
10-09-2026,10-09-2026,CM,BSE,STK,506543,INE468C01017,MPAGI,XT,,,,,M.P.AGRO INDUSTRIES LTD.,8.82,8.82,8.82,8.82,8.82,8.74,,8.82,,,34,299,2,F1,1,,,,,
10-09-2026,10-09-2026,CM,BSE,STK,506579,INE321D01016,AGVENTURES,X,,,,,AG VENTURES LIMITED,125.3,136,125.3,134.6,135.5,128.8,,134.6,,,16588,2224238,146,F1,1,,,,,
10-09-2026,10-09-2026,CM,BSE,STK,506590,INE602A01031,PCBL,A,,,,,PCBL Chemical Limited,336.95,345.95,333.25,334.95,334.95,334.95,,334.81,,,341992,116658598,5632,F1,1,,,,,
10-09-2026,10-09-2026,CM,BSE,STK,506597,INE841D01013,AMAL,B,,,,,AMAL LTD.,736.05,762.5,736.05,758.1,758.1,741.9,,760.05,,,4133,3114199,204,F1,1,,,,,
10-09-2026,10-09-2026,CM,BSE,STK,506605,INE752B01024,POLYCHEM,X,,,,,POLYCHEM LTD.,1893.3,1909,1861.3,1899.95,1899.95,1899,,1899.95,,,12,22662,7,F1,1,,,,,
10-09-2026,10-09-2026,CM,BSE,STK,506618,INE277B01014,PUNJABCHEM,B,,,,,PUNJAB CHEMICALS AND CROP PROT,1100.6,1119.65,1088.5,1094.25,1100,1101,,1091.81,,,89,98030,44,F1,1,,,,,
10-09-2026,10-09-2026,CM,BSE,STK,506640,INE218N01021,ZR2,X,,,,,ZR2 BIOENERGY LIMITED,114.25,122.35,114.25,122.35,122.35,116.55,,122.35,,,576,70465,11,F1,1,,,,,
10-09-2026,10-09-2026,CM,BSE,STK,506642,INE888C01040,SADHNANIQ,T,,,,,SADHANA NITROCHEM LTD.,2.77,2.86,2.77,2.86,2.86,2.81,,2.86,,,364833,1036717,73,F1,1,,,,,
10-09-2026,10-09-2026,CM,BSE,STK,506655,INE659A01023,SUDARSCHEM,A,,,,,SUDARSHAN CHEMICAL INDUSTRIES,1261.75,1288.95,1251.85,1271.7,1268.7,1261.75,,1270.81,,,13830,17679420,819,F1,1,,,,,
10-09-2026,10-09-2026,CM,BSE,STK,506680,INE014B01011,TECILCHEM,B,,,,,TECIL CHEMICALS & HYDRO POWER,9.94,9.94,9.93,9.93,9.93,9.91,,9.43,,,22,218,2,F1,1,,,,,
10-09-2026,10-09-2026,CM,BSE,STK,506685,INE405A01021,ULTRAMAR,B,,,,,ULTRAMARINE & PIGMENTS LTD.,425.5,436.9,425.45,434.1,427.7,427.4,,433.42,,,4688,2029139,201,F1,1,,,,,
10-09-2026,10-09-2026,CM,BSE,STK,506687,INE687A01016,TRANSPEK,T,,,,,TRANSPEK INDUSTRY LTD.,1359.95,1359.95,1281,1287,1281,1337.4,,1298.15,,,88,118226,12,F1,1,,,,,
10-09-2026,10-09-2026,CM,BSE,STK,506690,INE351A01035,UNICHEMLAB,B,,,,,UNICHEM LABORATORIES LTD.,544.65,548.2,530,533.05,530,542.45,,532.71,,,8197,4397532,291,F1,1,,,,,
10-09-2026,10-09-2026,CM,BSE,STK,506734,INE741A01011,MYSORPETRO,T,,,,,MYSORE PETRO CHEMICALS LTD.,154,154.25,147,150,150,146.95,,148.53,,,1149,174487,20,F1,1,,,,,
10-09-2026,10-09-2026,CM,BSE,STK,506767,INE150B01039,ALKYLAMINE,A,,,,,ALKYL AMINES CHEMICALS LTD.,1937,1965,1910,1922.15,1932.2,1942.85,,1920.35,,,2146,4154988,310,F1,1,,,,,
10-09-2026,10-09-2026,CM,BSE,STK,506808,INE400A01014,TUTIALKA,B,,,,,TUTICORIN ALKALI CHEMICALS AND,58.65,59.89,57.04,58.15,59.3,58.68,,58.46,,,4757,274271,45,F1,1,,,,,
10-09-2026,10-09-2026,CM,BSE,STK,506820,INE203A01020,ASTRAZEN,A,,,,,ASTRAZENECA PHARMA INDIA LTD.,6900,6900,6842.8,6858.65,6851.1,6899.3,,6860.27,,,172,1181595,70,F1,1,,,,,
10-09-2026,10-09-2026,CM,BSE,STK,506852,INE607A01022,PRIMO,B,,,,,Primo Chemicals Limited,21.7,21.75,20.84,21.66,21.51,21.3,,21.7,,,11711,252460,107,F1,1,,,,,
10-09-2026,10-09-2026,CM,BSE,STK,506854,INE639B01023,TANFACIND,B,,,,,TANFAC INDUSTRIES LTD.,3479.05,3539.95,3365.3,3383.85,3383.85,3513.8,,3383.85,,,6072,20878120,890,F1,1,,,,,
10-09-2026,10-09-2026,CM,BSE,STK,506858,INE636P01011,GUJPETR,X,,,,,GUJARAT PETROSYNTHESE LTD.,53,53,52.53,52.53,52.53,54.82,,52.53,,,208,10958,9,F1,1,,,,,
10-09-2026,10-09-2026,CM,BSE,STK,506863,INE716M01034,SWADEIN,X,,,,,SWADESHI INDUSTRIES LEASING CO,67.9,77.63,67.9,72.73,72.73,72.64,,72.73,,,1198,84721,42,F1,1,,,,,
10-09-2026,10-09-2026,CM,BSE,STK,506879,INE942C01045,GUJTHEM,B,,,,,GUJARAT THEMIS BIOSYN LTD.,434.4,441.7,385,430.8,429.7,431.3,,430.11,,,13850,6006925,591,F1,1,,,,,
10-09-2026,10-09-2026,CM,BSE,STK,506919,INE987A01010,MAKERSL,B,,,,,MAKERS LABORATORIES LTD.,180.05,188.95,177.15,178.65,178.65,189.45,,178.59,,,5673,1024831,211,F1,1,,,,,
10-09-2026,10-09-2026,CM,BSE,STK,506935,INE423K01015,CONTCHM,X,,,,,CONTINENTAL CHEMICALS LTD.,62.47,62.47,56.53,56.53,56.53,59.5,,56.53,,,10,612,2,F1,1,,,,,
10-09-2026,10-09-2026,CM,BSE,STK,506947,INE334N01018,ADVPETR-B,XT,,,,,ADVANCE PETROCHEMICALS LTD.,433.5,446.25,415,446.25,446.25,425,,446.25,,,1209,529486,47,F1,1,,,,,
10-09-2026,10-09-2026,CM,BSE,STK,506979,INE046E01025,APTPACK,X,,,,,APT PACKAGING LTD.,65.53,72.4,65.53,70.97,70.97,68.97,,70.97,,,2726,180008,22,F1,1,,,,,
10-09-2026,10-09-2026,CM,BSE,STK,506981,INE472D01017,BLUECHIPT,X,,,,,BLUE CHIP TEX INDUSTRIES LTD.,117,117,117,117,117,120,,117,,,25,2925,1,F1,1,,,,,
10-09-2026,10-09-2026,CM,BSE,STK,507155,INE574A01016,JAGAJITIND,X,,,,,JAGATJIT INDUSTRIES LTD.,151.3,154.85,150,150.1,150.1,151.3,,150.1,,,13517,2046648,104,F1,1,,,,,
10-09-2026,10-09-2026,CM,BSE,STK,507180,INE133B01027,KESARENT,XT,,,,,KESAR ENTERPRISES LTD.,10.38,10.38,10.38,10.38,10.38,9.89,,10.38,,,137554,1427810,66,F1,1,,,,,
10-09-2026,10-09-2026,CM,BSE,STK,507205,INE133E01013,TI,A,,,,,TILAKNAGAR INDUSTRIES LTD.,531,548.6,531,537,534.55,529.6,,535.8,,,20111,10823125,478,F1,1,,,,,
10-09-2026,10-09-2026,CM,BSE,STK,507265,INE044N01021,EMERALL,XT,,,,,Emerald Leisures Limited,278.3,287.85,266.05,270,270,278.3,,270,,,769,213171,25,F1,1,,,,,
10-09-2026,10-09-2026,CM,BSE,STK,507300,INE615A01025,RAVALSUGAR,X,,,,,The Ravalgaon Sugar Farm Limit,920.25,940,920,940,940,932.5,,940,,,76,70241,9,F1,1,,,,,
10-09-2026,10-09-2026,CM,BSE,STK,507315,INE623A01011,SAKHTISUG,B,,,,,SAKTHI SUGARS LTD.,19.32,20.15,19.3,19.32,19.3,19.54,,19.23,,,5881,115084,65,F1,1,,,,,
10-09-2026,10-09-2026,CM,BSE,STK,507410,INE711A01022,WALCHANNAG,B,,,,,WALCHANDNAGAR INDUSTRIES LTD.,212,214.95,207.65,208.9,210.8,211.9,,208.92,,,19916,4188576,447,F1,1,,,,,
10-09-2026,10-09-2026,CM,BSE,STK,507438,INE076C01018,IFBAGRO,B,,,,,IFB AGRO INDUSTRIES LTD.,878,887.8,872.1,879.3,872.1,878,,874.9,,,109,95724,19,F1,1,,,,,
10-09-2026,10-09-2026,CM,BSE,STK,507474,INE991B01010,KFBL,X,,,,,KOTHARI FERMENTATION & BIOCHEM,42.35,42.35,40.01,40.24,40.24,41.5,,40.24,,,1971,80505,43,F1,1,,,,,
10-09-2026,10-09-2026,CM,BSE,STK,507486,INE470N01010,CAPRO,X,,,,,CAPROLACTAM CHEMICALS LTD.,49.09,49.1,46.69,46.77,46.77,49.09,,46.77,,,1565,76679,8,F1,1,,,,,
10-09-2026,10-09-2026,CM,BSE,STK,507488,INE075D01018,GMBREW,B,,,,,G.M.BREWERIES LTD.,922,927.7,912,912.45,912,917.4,,912.49,,,1677,1535954,119,F1,1,,,,,
10-09-2026,10-09-2026,CM,BSE,STK,507490,INE625B01014,RANASUG,B,,,,,RANA SUGARS LTD.,14.72,15,14.72,14.91,14.91,14.81,,14.85,,,13192,195388,76,F1,1,,,,,
10-09-2026,10-09-2026,CM,BSE,STK,507498,INE544C01023,PICCASUG,X,,,,,PICCADILY SUGAR & ALLIED INDUS,35.5,36.78,35.5,35.63,35.6,35.33,,35.63,,,605,21575,29,F1,1,,,,,
10-09-2026,10-09-2026,CM,BSE,STK,507514,INE480C01038,SDBL,B,,,,,SOM DISTILLERIES & BREWERIES L,71.7,72.18,70.7,70.82,70.91,71.77,,70.87,,,37692,2679668,401,F1,1,,,,,
10-09-2026,10-09-2026,CM,BSE,STK,507515,INE557D01015,CJGEL,X,,,,,C.J.GELATINE PRODUCTS LTD.,25.12,27.39,25.11,27.14,27.14,26.43,,27.14,,,2473,63988,31,F1,1,,,,,
10-09-2026,10-09-2026,CM,BSE,STK,507526,INE073G01016,ASALCBR,B,,,,,ASSOCIATED ALCOHOLS & BREWERIE,689.55,702.25,678.6,696.95,690.9,685.9,,698.23,,,4276,2955374,283,F1,1,,,,,
10-09-2026,10-09-2026,CM,BSE,STK,507552,INE976E01023,FOODSIN,B,,,,,FOODS & INNS LTD.,57.99,59.9,56.89,57.89,57.07,58.28,,56.77,,,10147,593512,127,F1,1,,,,,
10-09-2026,10-09-2026,CM,BSE,STK,507580,INE043C01018,IVP,T,,,,,IVP LTD.,222.9,225.15,211,217.25,219.6,220.5,,218.38,,,1701,370546,27,F1,1,,,,,
10-09-2026,10-09-2026,CM,BSE,STK,507598,INE014E01015,KLRFM,X,,,,,KOVILPATTI LAKSHMI ROLLER FLOU,84.9,87.8,83,87.6,87.6,84.74,,87.6,,,118,10128,11,F1,1,,,,,
10-09-2026,10-09-2026,CM,BSE,STK,507621,INE588G01021,MLKFOOD,B,,,,,MILKFOOD LTD.,85.52,86.1,82.05,82.6,82.1,85.53,,83.25,,,3012,250576,61,F1,1,,,,,
10-09-2026,10-09-2026,CM,BSE,STK,507645,INE339F01021,POLSON,X,,,,,POLSON LTD.,10605.1,10760,10604.9,10692.5,10660.05,11100,,10692.5,,,13,138574,10,F1,1,,,,,
10-09-2026,10-09-2026,CM,BSE,STK,507685,INE075A01022,WIPRO,A,,,,,WIPRO LTD.,167.55,169.25,166.05,166.15,166.15,167.5,,166.3,,,617357,103103070,16515,F1,1,,,,,
10-09-2026,10-09-2026,CM,BSE,STK,507690,INE247F01018,ORIBEVER,X,,,,,ORIENT BEVERAGES LTD.,169,170,165.55,166.6,166.5,166.3,,166.6,,,974,163911,35,F1,1,,,,,
10-09-2026,10-09-2026,CM,BSE,STK,507717,INE435G01025,DHANUKA,B,,,,,DHANUKA AGRITECH LTD.,975,984.45,975,983.2,975,977.8,,980.1,,,997,977735,237,F1,1,,,,,
10-09-2026,10-09-2026,CM,BSE,STK,507747,INE910C01018,TTKHLTCARE,B,,,,,TTK HEALTHCARE LTD.,1190.95,1190.95,1120.5,1135.75,1134.4,1179.65,,1134.44,,,3013,3451788,275,F1,1,,,,,
10-09-2026,10-09-2026,CM,BSE,STK,507753,INE284B01028,TGVSL,B,,,,,TGV SRAAC Limited,107,109.5,105.8,107.5,107.5,106.85,,107.46,,,29847,3205530,359,F1,1,,,,,
10-09-2026,10-09-2026,CM,BSE,STK,507759,INE891G01011,LIMECHM,X,,,,,LIME CHEMICALS LTD.,14.84,14.84,14.84,14.84,14.84,15.62,,14.84,,,27067,401674,15,F1,1,,,,,
10-09-2026,10-09-2026,CM,BSE,STK,507779,INE694E01014,KANPRPLA,B,,,,,KANPUR PLASTIPACK LTD.,251.8,253.1,248.05,251.3,253.1,251.55,,251.68,,,1203,300522,92,F1,1,,,,,
10-09-2026,10-09-2026,CM,BSE,STK,507785,INE123C01018,TAINWALCHM,B,,,,,TAINWALA CHEMICALS & PLASTICS,212.45,212.45,207.2,207.2,207.2,213,,210.02,,,12,2544,4,F1,1,,,,,
10-09-2026,10-09-2026,CM,BSE,STK,507789,INE048B01035,JAGSNPHARM,B,,,,,JAGSONPAL PHARMACEUTICALS LTD.,234.05,237.85,232,232.65,232.7,236.7,,232.99,,,3204,752394,225,F1,1,,,,,
10-09-2026,10-09-2026,CM,BSE,STK,507794,INE745B01028,KHAICHEM,B,,,,,KHAITAN CHEMICALS & FERTILIZER,53.68,53.84,52.48,52.78,52.57,53.08,,52.68,,,5294,281872,79,F1,1,,,,,
10-09-2026,10-09-2026,CM,BSE,STK,507813,INE296D01010,NOL,X,,,,,NATIONAL OXYGEN LTD.,58.5,59.3,57.15,58,58,57.93,,58,,,159,9274,10,F1,1,,,,,
10-09-2026,10-09-2026,CM,BSE,STK,507815,INE322A01010,GILLETTE,A,,,,,GILLETTE INDIA LTD.,7521.6,7521.6,7368.65,7380.8,7417.15,7484.2,,7385.15,,,509,3766108,189,F1,1,,,,,
10-09-2026,10-09-2026,CM,BSE,STK,507828,INE880B01015,ANSALHSG,X,,,,,ANSAL HOUSING LIMITED,5.2,5.2,4.95,4.96,4.95,5.05,,4.96,,,63460,322537,94,F1,1,,,,,
10-09-2026,10-09-2026,CM,BSE,STK,507833,INE607B01012,COMPUPN,X,,,,,COMPUTER POINT LTD.,3.25,3.49,3.25,3.4,3.43,3.37,,3.4,,,10777,36683,52,F1,1,,,,,
10-09-2026,10-09-2026,CM,BSE,STK,507836,INE435D01014,MCCHRLS-B,B,,,,,MAC CHARLES (INDIA) LTD.,683.5,683.5,678,680,680,686.5,,679.5,,,2501,1700183,28,F1,1,,,,,
10-09-2026,10-09-2026,CM,BSE,STK,507852,INE757C01021,ADDIND,B,,,,,ADDI INDUSTRIES LTD.,77.1,83,72.13,79.58,79.25,81.99,,74.92,,,359,27203,24,F1,1,,,,,
10-09-2026,10-09-2026,CM,BSE,STK,507872,INE372I01018,ASHNOOR,X,,,,,ASHNOOR TEXTILE MILLS LTD.,48.25,49.6,48.25,48.66,49.4,48.65,,48.66,,,1013,49178,11,F1,1,,,,,
10-09-2026,10-09-2026,CM,BSE,STK,507878,INE694A01020,UNITECH,B,,,,,UNITECH LTD.,3.93,4.31,3.93,4.24,4.24,3.92,,4.22,,,3180050,13537962,1088,F1,1,,,,,
10-09-2026,10-09-2026,CM,BSE,STK,507880,INE054A01027,VIPIND,A,,,,,V.I.P.INDUSTRIES LTD.,303.8,308.1,300.5,301.95,301.95,306.35,,301.56,,,12898,3908403,431,F1,1,,,,,
10-09-2026,10-09-2026,CM,BSE,STK,507910,INE296C01020,FIBERWEB,B,,,,,FIBERWEB (INDIA) LTD.,27.4,27.4,26,27.06,27.06,26.24,,26.98,,,9574,253775,123,F1,1,,,,,
10-09-2026,10-09-2026,CM,BSE,STK,507912,INE724A01017,GYFTR,B,,,,,GYFTR LIMITED,182.9,187.9,179.55,187.9,187.9,180.85,,185.32,,,5668,1035807,349,F1,1,,,,,
10-09-2026,10-09-2026,CM,BSE,STK,507938,INE798E01013,MNPLFIN,P,,,,,MANIPAL FINANCE CORPORATION LT,18,18,18,18,18,17.65,,18,,,200,3600,2,F1,100,,,,,
10-09-2026,10-09-2026,CM,BSE,STK,507944,INE704G01024,BAJAJST,B,,,,,BAJAJ STEEL INDUSTRIES LTD.,363,374.35,358.4,363.7,363.7,371,,362.78,,,4455,1627375,161,F1,1,,,,,
10-09-2026,10-09-2026,CM,BSE,STK,507946,INE845A01028,KIDUJA,X,,,,,KIDUJA INDIA LTD.,18.05,19.85,18.05,19.65,19.66,19.86,,19.65,,,330,6306,10,F1,1,,,,,
10-09-2026,10-09-2026,CM,BSE,STK,507948,INE130F01016,KEYCORP,X,,,,,KEY CORP LTD.,76.94,76.94,71.1,76,76.49,74.49,,76,,,423,31897,16,F1,1,,,,,
10-09-2026,10-09-2026,CM,BSE,STK,507960,INE621C01011,GUJHOTE,X,,,,,GUJARAT HOTELS LTD.,183.2,183.2,180.55,180.55,180.55,183.2,,180.55,,,54,9882,4,F1,1,,,,,
10-09-2026,10-09-2026,CM,BSE,STK,507962,INE455H01021,FYNX,XT,,,,,FYNX CAPITAL LIMITED,5.53,6.11,5.53,6,6,5.82,,6,,,2297,13312,40,F1,1,,,,,
10-09-2026,10-09-2026,CM,BSE,STK,507966,INE651D01016,RASRESOR,X,,,,,RAS RESORTS & APART HOTELS LTD,59.42,59.42,54,54.51,54.01,57,,54.51,,,134,7338,9,F1,1,,,,,
10-09-2026,10-09-2026,CM,BSE,STK,507968,INE289M01016,JOLYPLS,XT,,,,,JOLLY PLASTIC INDUSTRIES LTD.,39.5,41.95,39.5,40.35,41.95,40,,40.35,,,175,6959,7,F1,1,,,,,
10-09-2026,10-09-2026,CM,BSE,STK,507970,INE143I01013,PARMCOS-B,X,,,,,PARAMOUNT COSMETICS (INDIA) LT,37.91,37.91,37.91,37.91,37.91,37.91,,37.91,,,6,227,2,F1,1,,,,,
10-09-2026,10-09-2026,CM,BSE,STK,507981,INE726D01016,JINDHOT,X,,,,,JINDAL HOTELS LTD.,63.3,63.3,62.5,63.2,63.2,63.3,,63.2,,,7,441,4,F1,1,,,,,
10-09-2026,10-09-2026,CM,BSE,STK,507998,INE657D01021,SIMMOND,X,,,,,SIMMONDS MARSHALL LTD.,241.1,245,232,234.45,234.85,242.95,,234.45,,,10861,2574207,205,F1,1,,,,,
10-09-2026,10-09-2026,CM,BSE,STK,508136,INE489D01011,BNALTD,T,,,,,B & A LTD.,401,401.1,400.95,400.95,400.95,382,,390,,,98,39301,4,F1,1,,,,,
10-09-2026,10-09-2026,CM,BSE,STK,508486,INE979B01015,HAWKINCOOK,B,,,,,HAWKINS COOKERS LTD.,8687.45,8687.45,8364,8438.4,8454.6,8499.35,,8409.35,,,643,5443641,96,F1,1,,,,,
10-09-2026,10-09-2026,CM,BSE,STK,508494,INE712A01012,WARRENTEA,X,,,,,WARREN TEA LTD.,47.45,47.5,47,47,47,45.62,,47,,,1110,52666,12,F1,1,,,,,
10-09-2026,10-09-2026,CM,BSE,STK,508571,INE788M01017,COCHMAL,X,,,,,COCHIN MALABAR ESTATES & INDUS,152,152,133.55,134.45,133.6,141.6,,134.45,,,138,19330,19,F1,1,,,,,
10-09-2026,10-09-2026,CM,BSE,STK,508664,INE553F01035,BESTEAST,XT,,,,,BEST EASTERN HOTELS LTD.,15.2,15.2,15.2,15.2,15.2,15.1,,15.2,,,10,152,1,F1,1,,,,,
10-09-2026,10-09-2026,CM,BSE,STK,508807,INE684B01029,ISTLTD,B,,,,,IST LTD.,680,680.6,654,660.6,661,653,,660.72,,,191,127152,22,F1,1,,,,,
10-09-2026,10-09-2026,CM,BSE,STK,508814,INE757A01017,COSMOFIRST,B,,,,,Cosmo First Limited,904.95,916.75,879,882.35,879,904.95,,880.68,,,1651,1477290,219,F1,1,,,,,
10-09-2026,10-09-2026,CM,BSE,STK,508869,INE437A01024,APOLLOHOSP,A,,,,,APOLLO HOSPITALS ENTERPRISE LT,9007.65,9023.2,8875,8875,8875,8960,,8899.97,,,17173,153531301,1878,F1,1,,,,,
10-09-2026,10-09-2026,CM,BSE,STK,508875,INE861H01020,NITINCAST,X,,,,,Nitin Castings Limited,478.55,478.55,478.55,478.55,478.55,455.8,,478.55,,,1412,675712,13,F1,1,,,,,
10-09-2026,10-09-2026,CM,BSE,STK,508905,INE641A01013,NEXOME,XT,,,,,NEXOME CAPITAL MARKETS LIMITED,97.7,99.35,92.75,98.3,98.3,96.2,,98.3,,,916,87236,22,F1,1,,,,,
10-09-2026,10-09-2026,CM,BSE,STK,508906,INE295A01018,EVERESTIND,T,,,,,EVEREST INDUSTRIES LTD.,419.05,419.05,410.6,415.9,416.9,425,,415.45,,,84,35101,7,F1,1,,,,,
10-09-2026,10-09-2026,CM,BSE,STK,508918,INE791H01011,IRONWOOD,X,,,,,IRONWOOD EDUCATION LIMITED,46.09,47.5,46,46.01,46.01,46,,46.01,,,3092,143256,26,F1,1,,,,,
10-09-2026,10-09-2026,CM,BSE,STK,508933,INE193B01039,AYMSYNTEX,B,,,,,AYM Syntex Limited,312.5,313.15,292,293.45,292,312,,293.12,,,11411,3429745,406,F1,1,,,,,
10-09-2026,10-09-2026,CM,BSE,STK,508941,INE013E01017,PANCARBON,X,,,,,PANASONIC CARBON INDIA CO.LTD.,435,437.9,431.2,435.8,435.8,437.1,,435.8,,,2274,985685,46,F1,1,,,,,
10-09-2026,10-09-2026,CM,BSE,STK,508954,INE734I01027,FINKURVE,B,,,,,FINKURVE FINANCIAL SERVICES LT,67.54,70.67,66.26,66.41,66.27,67.77,,66.7,,,8402,569843,534,F1,1,,,,,
10-09-2026,10-09-2026,CM,BSE,STK,508956,INE549B01016,HBLEAS,X,,,,,HB LEASING & FINANCE CO.LTD.,9.46,10.76,9.46,10,10,10.32,,10,,,1294,12767,18,F1,1,,,,,
10-09-2026,10-09-2026,CM,BSE,STK,508969,INE673M01029,SULABEN,X,,,,,SULABH ENGINEERS & SERVICES LT,2.41,2.6,2.41,2.5,2.5,2.48,,2.5,,,28669,71839,43,F1,1,,,,,
10-09-2026,10-09-2026,CM,BSE,STK,508980,INE977E01013,FRONTCAP,X,,,,,FRONTIER CAPITAL LIMITED,10.51,11.23,10.51,11.23,11.23,10.7,,11.23,,,29834,333943,32,F1,1,,,,,
10-09-2026,10-09-2026,CM,BSE,STK,508989,INE060A01024,NAVNETEDUL,B,,,,,NAVNEET EDUCATION LIMITED,126.1,128.9,126.1,127.55,128.1,127.3,,127.69,,,2317,295255,46,F1,1,,,,,
10-09-2026,10-09-2026,CM,BSE,STK,509009,INE218C01016,AUSOMENT,B,,,,,AUSOM ENTERPRISE LIMITED,150.2,155,150,152.35,155,155,,152.95,,,571,86412,46,F1,1,,,,,
10-09-2026,10-09-2026,CM,BSE,STK,509015,INE190F01028,THAKRAL,X,,,,,THAKRAL SERVICES (INDIA) LTD.,16.35,16.35,15.7,15.7,15.7,15.58,,15.7,,,332,5293,6,F1,1,,,,,
10-09-2026,10-09-2026,CM,BSE,STK,509020,INE413B01023,RUCHINFRA,B,,,,,RUCHI INFRASTRUCTURE LTD.,5.69,5.8,5.6,5.67,5.7,5.68,,5.68,,,3187,18027,11,F1,1,,,,,
10-09-2026,10-09-2026,CM,BSE,STK,509024,INE088E01019,GOLDLEG,X,,,,,GOLDEN LEGAND LEASING & FINANC,7.86,7.89,7.31,7.49,7.85,7.83,,7.49,,,5171,39467,36,F1,1,,,,,
10-09-2026,10-09-2026,CM,BSE,STK,509026,INE117F01013,VJTFEDU,X,,,,,VJTF EDUSERVICES LTD.,74.45,74.45,73.84,73.84,73.84,69.8,,73.84,,,2,148,2,F1,1,,,,,
10-09-2026,10-09-2026,CM,BSE,STK,509038,INE763D01019,VOLLF,X,,,,,VOLTAIRE LEASING & FINANCE LTD,19.95,19.95,19,19.94,19.94,19.95,,19.94,,,24,468,5,F1,1,,,,,
10-09-2026,10-09-2026,CM,BSE,STK,509040,INE040F01033,NETLINK,X,,,,,NETLINK SOLUTIONS (INDIA) LTD.,155,158,151.5,152.25,152.25,156.05,,152.25,,,496,76446,25,F1,1,,,,,
10-09-2026,10-09-2026,CM,BSE,STK,509046,INE778N01016,TRILIANCE,X,,,,,TRILIANCE POLYMERS LIMITED,42.93,47.42,42.93,46.99,46.99,45.18,,46.99,,,249,11336,5,F1,1,,,,,
10-09-2026,10-09-2026,CM,BSE,STK,509048,INE572G01025,LANCORHOL,T,,,,,LANCOR HOLDINGS LTD.,36.36,38.27,36.36,38.27,38.27,36.45,,37.93,,,48699,1860960,79,F1,1,,,,,
10-09-2026,10-09-2026,CM,BSE,STK,509051,INE300B01022,INDINFO,X,,,,,INDIAN INFOTECH & SOFTWARE LTD,0.53,0.54,0.53,0.53,0.53,0.54,,0.53,,,984988,526360,534,F1,1,,,,,
10-09-2026,10-09-2026,CM,BSE,STK,509053,INE521L01030,BANASFN,X,,,,,BANAS FINANCE LTD.,7.32,7.32,7.08,7.15,7.16,7.12,,7.15,,,2569,18333,32,F1,1,,,,,
10-09-2026,10-09-2026,CM,BSE,STK,509055,INE392A01021,VISAKAIND,B,,,,,VISAKA INDUSTRIES LTD.,92.48,94.5,91.8,92.2,91.8,91.76,,91.92,,,11432,1062616,242,F1,1,,,,,
10-09-2026,10-09-2026,CM,BSE,STK,509069,INE669A01022,INFOMEDIA,B,,,,,INFOMEDIA PRESS LTD.,5.05,5.05,5.05,5.05,5.05,5.1,,5.23,,,200,1010,1,F1,1,,,,,
10-09-2026,10-09-2026,CM,BSE,STK,509073,INE525B01016,HATHWAYB,X,,,,,HATHWAY BHAWANI CABLETEL & DAT,11.95,11.95,10.85,11.5,11.5,11.97,,11.5,,,898,10003,11,F1,1,,,,,
10-09-2026,10-09-2026,CM,BSE,STK,509079,INE742B01025,GUFICBIO,B,,,,,GUFIC BIOSCIENCES LTD.,430.4,432.35,420,422.1,425.3,430.2,,422.6,,,3090,1309251,321,F1,1,,,,,
10-09-2026,10-09-2026,CM,BSE,STK,509152,INE137I01015,GRPLTD,B,,,,,GRP LTD.,1985.05,1990.2,1985.05,1990.2,1990.2,2011,,1992.45,,,12,23830,5,F1,1,,,,,
10-09-2026,10-09-2026,CM,BSE,STK,509162,INE802D01023,INDAG,XT,,,,,INDAG RUBBER LTD.,129,131.75,121.95,129.75,129,128.35,,129.75,,,17786,2232321,144,F1,1,,,,,
10-09-2026,10-09-2026,CM,BSE,STK,509196,INE159E01026,MMRUBBR-B,X,,,,,MM RUBBER COMPANY LTD.,56.5,59.93,56.5,59,59,56.5,,59,,,951,56795,18,F1,1,,,,,
10-09-2026,10-09-2026,CM,BSE,STK,509220,INE034D01049,PTL,B,,,,,PTL ENTERPRISES LTD.,38,38.72,37.83,38.18,38.14,38.11,,38.17,,,2649,101435,102,F1,1,,,,,
10-09-2026,10-09-2026,CM,BSE,STK,509243,INE421C01016,TVSSRICHAK,B,,,,,TVS SRICHAKRA LTD.,5111.75,5290,5111.75,5221.35,5223,5174.45,,5222.46,,,364,1893744,95,F1,1,,,,,
10-09-2026,10-09-2026,CM,BSE,STK,509438,INE664D01019,BENARAS,B,,,,,BENARES HOTELS LTD.,10305.05,11010,10305.05,10710.4,10847.3,10601.35,,10724.22,,,103,1112569,67,F1,1,,,,,
10-09-2026,10-09-2026,CM,BSE,STK,509449,INE026I01010,BHAGWOX,X,,,,,BHAGWATI OXYGEN LTD.,40.36,40.37,35.8,35.8,35.8,37.08,,35.8,,,417,16709,7,F1,1,,,,,
10-09-2026,10-09-2026,CM,BSE,STK,509470,INE01TL01014,BOMOXY-B1,X,,,,,BOMBAY OXYGEN INVESTMENTS LIMI,18900,18900,18301.05,18400,18400,18700,,18400,,,15,277699,11,F1,1,,,,,
10-09-2026,10-09-2026,CM,BSE,STK,509472,INE145E01017,CRAVATEX,B,,,,,CRAVATEX LTD.,321,322,321,322,322,318.45,,318.3,,,55,17700,4,F1,1,,,,,
10-09-2026,10-09-2026,CM,BSE,STK,509480,INE463A01038,BERGEPAINT,A,,,,,BERGER PAINTS INDIA LTD.,470.05,474,461.75,463.75,463.35,471.6,,463.8,,,25259,11813991,1039,F1,1,,,,,
10-09-2026,10-09-2026,CM,BSE,STK,509486,INE479A01018,CAPRIHANS,XT,,,,,CAPRIHANS INDIA LTD.,124,126.1,121.15,121.2,123.7,127.35,,121.2,,,1915,234138,36,F1,1,,,,,
10-09-2026,10-09-2026,CM,BSE,STK,509488,INE371A01025,GRAPHITE,A,,,,,GRAPHITE INDIA LTD.,837.85,868.65,821.1,825,825,845.05,,824.81,,,504244,426840728,12702,F1,1,,,,,
10-09-2026,10-09-2026,CM,BSE,STK,509496,INE686A01026,CEMPRO,A,,,,,Cemindia Projects Limited,1263.65,1279.45,1250,1251.6,1252.1,1268.6,,1251.89,,,9195,11600766,667,F1,1,,,,,
10-09-2026,10-09-2026,CM,BSE,STK,509525,INE515H01014,EMPIND,B,,,,,EMPIRE INDUSTRIES LTD.,1066.8,1078.65,1042,1064.15,1074.65,1076.8,,1062.77,,,3650,3848786,229,F1,1,,,,,
10-09-2026,10-09-2026,CM,BSE,STK,509546,INE214F01026,GRAVISSHO,B,,,,,GRAVISS HOSPITALITY LIMITED,30.85,34.98,29.6,34.98,34.98,29.15,,35.59,,,34947,1193905,159,F1,1,,,,,
10-09-2026,10-09-2026,CM,BSE,STK,509557,INE276A01018,GARFIBRES,A,,,,,GARWARE TECHNICAL FIBRES LIMIT,809.45,819.1,772.7,783.75,783.65,815.65,,784.49,,,1917,1516042,325,F1,1,,,,,
10-09-2026,10-09-2026,CM,BSE,STK,509563,INE925D01014,GARWAMAR,X,,,,,GARWARE MARINE INDUSTRIES LTD.,19.85,19.85,19.06,19.15,19.15,19.25,,19.15,,,1814,34995,41,F1,1,,,,,
10-09-2026,10-09-2026,CM,BSE,STK,509567,INE426D01013,GOACARBON,B,,,,,GOA CARBON LTD.,484.95,484.95,434.5,439.3,438,465.15,,440.17,,,40324,18398491,2030,F1,1,,,,,
10-09-2026,10-09-2026,CM,BSE,STK,509597,INE722D01015,HARDCAS,X,,,,,HARDCASTLE & WAUD MFG.CO.LTD.,841.35,841.4,810.05,831,831,819.9,,831,,,37,30921,8,F1,1,,,,,
10-09-2026,10-09-2026,CM,BSE,STK,509631,INE545A01024,HEG,T,,,,,HEG LTD.,255.1,257.95,250.15,250.15,250.15,263.3,,249.67,,,110835,27961236,2324,F1,1,,,,,
10-09-2026,10-09-2026,CM,BSE,STK,509635,INE310C01029,HINDCOMPOS,B,,,,,HINDUSTAN COMPOSITES LTD.,387.05,394,380.75,381.2,380.75,385.6,,381.41,,,247,94980,42,F1,1,,,,,
10-09-2026,10-09-2026,CM,BSE,STK,509675,INE557A01011,BIRLANU,B,,,,,BIRLANU LIMITED,1420,1499.9,1420,1443.15,1441.8,1409.95,,1435.08,,,2388,3464380,279,F1,1,,,,,
10-09-2026,10-09-2026,CM,BSE,STK,509692,INE061A01014,INDIANCARD,B,,,,,INDIAN CARD CLOTHING CO.LTD.,209,211,208,211,211,210.45,,209.61,,,121,25316,6,F1,1,,,,,
10-09-2026,10-09-2026,CM,BSE,STK,509709,INE575C01027,INTLCONV,B,,,,,INTERNATIONAL CONVEYORS LTD.,78.8,78.85,76.47,77.02,76.79,77.15,,77.15,,,1899,147491,107,F1,1,,,,,
10-09-2026,10-09-2026,CM,BSE,STK,509715,INE364A01020,JAYSREETEA,B,,,,,JAY SHREE TEA & INDUSTRIES LTD,95.71,96.98,94,95.35,94.3,95.24,,95.1,,,4089,390930,106,F1,1,,,,,
10-09-2026,10-09-2026,CM,BSE,STK,509732,INE972A01020,KOTIC,B,,,,,KOTHARI INDUSTRIAL CORPORATION,138.25,159.9,138.25,153.75,145.1,137.35,,151.28,,,19832,3027423,509,F1,1,,,,,
10-09-2026,10-09-2026,CM,BSE,STK,509760,INE370A01019,MODRNSH,X,,,,,MODERN SHARES & STOCKBROKERS L,48.95,48.95,46.5,46.5,46.5,48.94,,46.5,,,3920,183486,38,F1,1,,,,,
10-09-2026,10-09-2026,CM,BSE,STK,509762,INE848M01019,MAPROIN,XT,,,,,MAPRO INDUSTRIES LTD.,49.95,50.5,49.95,50.5,50.5,50.96,,50.5,,,57521,2904798,16,F1,1,,,,,
10-09-2026,10-09-2026,CM,BSE,STK,509820,INE275B01026,HUHTAMAKI,B,,,,,HUHTAMAKI INDIA LIMITED,267,276.6,260,262.6,262.35,267.55,,262.08,,,25634,6850316,647,F1,1,,,,,
10-09-2026,10-09-2026,CM,BSE,STK,509835,INE940N01012,PREMSYN,X,,,,,PREMIER SYNTHETICS LTD.,15.25,15.5,14.43,15.45,15.45,16.03,,15.45,,,1119,16465,14,F1,1,,,,,
10-09-2026,10-09-2026,CM,BSE,STK,509874,INE849C01026,SHALPAINTS,T,,,,,SHALIMAR PAINTS LTD.,82.4,86.4,82.4,85.5,85.5,83.97,,85.44,,,8189,697551,57,F1,1,,,,,
10-09-2026,10-09-2026,CM,BSE,STK,509895,INE832D01020,HINDMILL,X,,,,,HINDOOSTAN MILLS LTD.,138.7,139.85,138.7,139.85,139.85,138.7,,139.85,,,18,2506,4,F1,1,,,,,
10-09-2026,10-09-2026,CM,BSE,STK,509930,INE195A01028,SUPREMEIND,A,,,,,SUPREME INDUSTRIES LTD.,3504.65,3514.9,3479.9,3500.65,3499.45,3509.5,,3510,,,1069,3736013,191,F1,1,,,,,
10-09-2026,10-09-2026,CM,BSE,STK,509945,INE077P01034,THACKER,B,,,,,THACKER & CO.LTD.,1015,1015,1015,1015,1015,1015,,1015,,,1,1015,1,F1,1,,,,,
10-09-2026,10-09-2026,CM,BSE,STK,509960,INE726E01014,UPHOT,B,,,,,U.P.HOTELS LTD.,1365,1428,1325.5,1428,1428,1360,,1428,,,30,40947,5,F1,1,,,,,
10-09-2026,10-09-2026,CM,BSE,STK,509966,INE710A01016,VSTIND,B,,,,,VST INDUSTRIES LTD.,208.55,208.95,205.85,206.55,206.75,208.55,,206.46,,,12779,2652973,316,F1,1,,,,,
10-09-2026,10-09-2026,CM,BSE,STK,510245,INE804A01025,SWASTIVI,X,,,,,SWASTI VINAYAKA SYNTHETICS LTD,4.05,4.21,3.86,3.98,4.07,3.97,,3.98,,,51422,206371,163,F1,1,,,,,
10-09-2026,10-09-2026,CM,BSE,STK,511000,INE856D01011,MSLGLOBAL,X,,,,,MSL GLOBAL LIMITED,19.11,19.11,17.17,18,18,18.01,,18,,,29499,526260,40,F1,1,,,,,
10-09-2026,10-09-2026,CM,BSE,STK,511012,INE457N01025,YAMNINV,XT,,,,,YAMINI INVESTMENTS COMPANY LTD,0.62,0.63,0.6,0.61,0.63,0.61,,0.61,,,540949,327981,302,F1,1,,,,,
10-09-2026,10-09-2026,CM,BSE,STK,511016,INE946K01023,PREMCAP,XT,,,,,PREMIER CAPITAL SERVICES LTD.,4.92,5.02,4.92,5.02,5.02,5.02,,5.02,,,150,743,2,F1,1,,,,,
10-09-2026,10-09-2026,CM,BSE,STK,511018,INE679T01013,ZMILGFIN,X,,,,,MILGREY FINANCE & INVESTMENT L,45.73,45.73,43.85,44,44.58,43.85,,44,,,17117,756077,35,F1,1,,,,,
10-09-2026,10-09-2026,CM,BSE,STK,511034,INE742C01031,JINDRILL,B,,,,,JINDAL DRILLING & INDUSTRIES L,675,704,650,653.95,654,673.05,,654.19,,,63004,42626681,1741,F1,1,,,,,
10-09-2026,10-09-2026,CM,BSE,STK,511066,INE302E01014,SAKTHIFIN,X,,,,,SAKTHI FINANCE LTD.,27.99,27.99,27.41,27.41,27.42,27.79,,27.41,,,4839,132855,34,F1,1,,,,,
10-09-2026,10-09-2026,CM,BSE,STK,511076,INE065D01027,AEROENTER,B,,,,,AEROFLEX ENTERPRISES LIMITED,142.85,146,132.05,134.7,135.4,143.2,,134.99,,,161330,22040006,1311,F1,1,,,,,
10-09-2026,10-09-2026,CM,BSE,STK,511092,INE047E01031,JMDVL,XT,,,,,JMD Ventures Limited,7.15,7.34,6.8,7.3,7.3,7.15,,7.3,,,6505,45655,43,F1,1,,,,,
10-09-2026,10-09-2026,CM,BSE,STK,511108,INE705C01020,SHIVATEX,B,,,,,SHIVA TEXYARN LTD.,175.95,181.9,175.95,178.8,181.9,181.7,,179.16,,,754,135057,31,F1,1,,,,,
10-09-2026,10-09-2026,CM,BSE,STK,511110,INE848D01018,VBDESAI,X,,,,,V.B.DESAI FINANCIAL SERVICES L,19,19,18.91,18.91,18.91,19.4,,18.91,,,16,303,3,F1,1,,,,,
10-09-2026,10-09-2026,CM,BSE,STK,511116,INE527B01020,QUADRANT,XT,,,,,QUADRANT TELEVENTURES LIMITED,0.64,0.64,0.64,0.64,0.64,0.61,,0.64,,,292850,187424,81,F1,1,,,,,
10-09-2026,10-09-2026,CM,BSE,STK,511122,INE609B01018,1STCUS,X,,,,,FIRST CUSTODIAN FUND (INDIA) L,60.99,62.74,60.99,62.74,62.74,60.99,,62.74,,,7,437,3,F1,1,,,,,
10-09-2026,10-09-2026,CM,BSE,STK,511131,INE344D01018,KAMANWALA,B,,,,,KAMANWALA HOUSING CONSTRUCTION,15.84,17.4,15.84,17.25,17.25,16.14,,17.07,,,1794,29972,38,F1,1,,,,,
10-09-2026,10-09-2026,CM,BSE,STK,511144,INE520G01024,AXISOL,XT,,,,,AXIS SOLUTIONS LIMITED,602.6,602.6,602.6,602.6,602.6,590.8,,602.6,,,1501,904502,30,F1,1,,,,,
10-09-2026,10-09-2026,CM,BSE,STK,511147,INE549D01012,WSFX,X,,,,,WSFX Global Pay Limited,61.53,63.66,61.53,61.57,62.74,63.53,,61.57,,,1102,68055,37,F1,1,,,,,
10-09-2026,10-09-2026,CM,BSE,STK,511153,INE096I01021,ANJANIFOODS,XT,,,,,Anjani Foods Limited,17.99,17.99,16.32,17.82,17.82,17.17,,17.82,,,4401,76076,29,F1,1,,,,,
10-09-2026,10-09-2026,CM,BSE,STK,511169,INE552N01023,RKDAGRRTL,X,,,,,RKD AGRI AND RETAIL LIMITED,5.19,5.19,5.14,5.14,5.14,5.14,,5.14,,,11,56,3,F1,1,,,,,
10-09-2026,10-09-2026,CM,BSE,STK,511185,INE381N01019,RAJVI,X,,,,,RAJVI LOGITRADE LIMITED,28.4,28.4,28.4,28.4,28.4,27.05,,28.4,,,100,2840,1,F1,1,,,,,
10-09-2026,10-09-2026,CM,BSE,STK,511187,INE570N01025,MILLENNIUM,X,,,,,Millennium Online Solutions (I,1.68,1.76,1.68,1.76,1.76,1.76,,1.76,,,13001,21905,11,F1,1,,,,,
10-09-2026,10-09-2026,CM,BSE,STK,511194,INE613B01010,ICDSLTD,T,,,,,ICDS LTD.,65.13,68.36,63.01,63.21,63.21,65.11,,63.21,,,2038,134787,24,F1,1,,,,,
10-09-2026,10-09-2026,CM,BSE,STK,511196,INE477A01020,CANFINHOME,A,,,,,CAN FIN HOMES LTD.,788.9,792,781,781.85,782.05,787.55,,782.19,,,11430,8990452,763,F1,1,,,,,
10-09-2026,10-09-2026,CM,BSE,STK,511208,INE050B01023,IVC,B,,,,,IL&FS INVESTMENT MANAGERS LTD.,9.97,10.1,9.5,9.7,9.7,9.97,,9.68,,,217244,2114761,535,F1,1,,,,,
10-09-2026,10-09-2026,CM,BSE,STK,511218,INE721A01047,SHRIRAMFIN,A,,,,,Shriram Finance Limited,1029.35,1039,1021,1038,1038,1029.35,,1038,,,429792,445011407,3380,F1,1,,,,,
10-09-2026,10-09-2026,CM,BSE,STK,511243,INE121A01024,CHOLAFIN,A,,,,,CHOLAMANDALAM INVESTMENT AND F,1833.2,1866.6,1805.2,1849.1,1849.1,1829,,1858.91,,,250049,464286173,2834,F1,1,,,,,
10-09-2026,10-09-2026,CM,BSE,STK,511260,INE088P01015,ICONIKSPEV,X,,,,,ICONIK SPORTS AND EVENTS LIMIT,38.44,38.44,36.4,37.04,37.9,38.25,,37.04,,,11128,413077,53,F1,1,,,,,
10-09-2026,10-09-2026,CM,BSE,STK,511333,INE709A01018,VLSFINANCE,B,,,,,VLS FINANCE LTD.,246.75,247,242.5,242.5,242.5,245.65,,244.68,,,510,125907,5,F1,1,,,,,
10-09-2026,10-09-2026,CM,BSE,STK,511355,INE429D01017,INDCEMCAP,XT,,,,,INDIA CEMENTS CAPITAL LTD.,31.19,31.19,31.19,31.19,31.19,30.58,,31.19,,,4380,136612,17,F1,1,,,,,
10-09-2026,10-09-2026,CM,BSE,STK,511359,INE556D01017,ADMANUM,X,,,,,AD-MANUM FINANCE LTD.,55.99,55.99,50,51.92,52.73,53.2,,51.92,,,6749,348779,44,F1,1,,,,,
10-09-2026,10-09-2026,CM,BSE,STK,511377,INE240B01012,MEHIF,X,,,,,MEHTA INTEGRATED FINANCE LTD.,29.1,29.1,29.1,29.1,29.1,29.1,,29.1,,,200,5820,1,F1,1,,,,,
10-09-2026,10-09-2026,CM,BSE,STK,511391,INE661M01016,INTRGLB,X,,,,,INTER GLOBE FINANCE LTD.,63.98,63.98,58.2,63.44,63.44,58.37,,63.44,,,55,3286,14,F1,1,,,,,
10-09-2026,10-09-2026,CM,BSE,STK,511401,INE410E01015,MCLTD,X,,,,,MUNOTH COMMUNICATION LIMITED,7.29,7.29,6.61,6.61,6.61,6.95,,6.61,,,664,4457,4,F1,1,,,,,
10-09-2026,10-09-2026,CM,BSE,STK,511411,INE472C01027,SHRISTI,X,,,,,SHRISTI INFRASTRUCTURE DEVELOP,28.8,28.8,28,28.8,28.8,27.13,,28.8,,,703,19909,8,F1,1,,,,,
10-09-2026,10-09-2026,CM,BSE,STK,511413,INE559D01011,CREST,B,,,,,CREST,355,360.75,350.05,360.6,360.6,355,,357.4,,,86,30893,15,F1,1,,,,,
10-09-2026,10-09-2026,CM,BSE,STK,511431,INE051B01021,VAKRANGEE,B,,,,,VAKRANGEE LIMITED,5.51,5.59,5.42,5.46,5.46,5.53,,5.47,,,102858,562999,458,F1,1,,,,,
10-09-2026,10-09-2026,CM,BSE,STK,511441,INE034B01019,GUJCRED,X,,,,,GUJARAT CREDIT CORPORATION LTD,23.51,24.38,23.35,24.38,24.38,24.5,,24.38,,,302,7069,4,F1,1,,,,,
10-09-2026,10-09-2026,CM,BSE,STK,511447,INE706F01021,SYLPH,X,,,,,Sylph Industries Limited,0.21,0.21,0.19,0.21,0.21,0.21,,0.21,,,13328362,2673119,930,F1,1,,,,,
10-09-2026,10-09-2026,CM,BSE,STK,511451,INE899D01011,DHARFIN,XT,,,,,DHARANI FINANCE LTD.,12.49,12.49,11.75,11.75,11.75,12.34,,11.75,,,1143,13525,11,F1,1,,,,,
10-09-2026,10-09-2026,CM,BSE,STK,511463,INE191N01012,ALEXANDER,X,,,,,Alexander Stamps And Coin Limi,8.89,8.89,8.2,8.2,8.2,7.8,,8.2,,,1102,9385,24,F1,1,,,,,
10-09-2026,10-09-2026,CM,BSE,STK,511473,INE841B01017,INDBANK,B,,,,,INDBANK MERCHANT BANKING SERVI,29.1,29.1,26.38,27.62,27.7,26.67,,27.7,,,20665,570058,445,F1,1,,,,,
10-09-2026,10-09-2026,CM,BSE,STK,511493,INE488C01015,SHRYDUS,XT,,,,,SHRYDUS INDUSTRIES LIMITED,3.83,3.93,3.7,3.8,3.89,3.83,,3.8,,,7103,27266,24,F1,1,,,,,
10-09-2026,10-09-2026,CM,BSE,STK,511501,INE900A01013,BHARAT,X,,,,,Bharat Bhushan Finance & Commo,23,24.45,23,24,24,23.85,,24,,,9629,230351,57,F1,1,,,,,
10-09-2026,10-09-2026,CM,BSE,STK,511505,INE707C01018,CAPTRUST,T,,,,,CAPITAL TRUST LTD.,18.51,18.68,18.15,18.25,18.25,19.05,,18.28,,,5728,105233,13,F1,1,,,,,
10-09-2026,10-09-2026,CM,BSE,STK,511507,INE697C01011,USHAKIRA,X,,,,,USHAKIRAN FINANCE LTD.,31.53,31.53,29,31.53,31.53,30.03,,31.53,,,2313,72863,5,F1,1,,,,,
10-09-2026,10-09-2026,CM,BSE,STK,511509,INE380K01017,VIVOBIOT,B,,,,,VIVO BIO TECH LTD.,18.58,18.58,16.45,17.02,17.15,18.65,,17,,,34878,600552,231,F1,1,,,,,
10-09-2026,10-09-2026,CM,BSE,STK,511523,INE882C01035,VEERHEALTH,XT,,,,,VEERHEALTH CARE LIMITED,50.79,50.79,48.5,49.99,49.99,49.84,,49.99,,,46840,2324497,195,F1,1,,,,,
10-09-2026,10-09-2026,CM,BSE,STK,511525,INE376A01032,PANINDIAC,X,,,,,PAN INDIA CORPORATION LTD.,1.38,1.45,1.37,1.4,1.4,1.4,,1.4,,,38629,55022,87,F1,1,,,,,
10-09-2026,10-09-2026,CM,BSE,STK,511533,INE135C01012,SAHARAHOUS,X,,,,,SAHARA HOUSINGFINA CORPORATION,39,39,38.1,38.26,38.2,39.71,,38.26,,,927,35392,20,F1,1,,,,,
10-09-2026,10-09-2026,CM,BSE,STK,511535,INE026C01013,NDASEC,X,,,,,NDA SECURITIES LTD.,25,26.4,25,25,25,26.58,,25,,,1418,35459,25,F1,1,,,,,
10-09-2026,10-09-2026,CM,BSE,STK,511543,INE777C01011,GSBFIN,XT,,,,,GSB FINANCE LTD.,54,54,52.16,52.53,52.16,54.9,,52.53,,,1979,103823,30,F1,1,,,,,
10-09-2026,10-09-2026,CM,BSE,STK,511549,INE367A01015,MORARKFI,X,,,,,MORARKA FINANCE LTD.,67,67,62.11,65,65,67.5,,65,,,1462,93359,40,F1,1,,,,,
10-09-2026,10-09-2026,CM,BSE,STK,511551,INE903D01011,MONARCH,B,,,,,Monarch Networth Capital Limit,370.8,375.4,367.6,371,374.25,370.95,,370.95,,,2269,842168,94,F1,1,,,,,
10-09-2026,10-09-2026,CM,BSE,STK,511557,INE732K01027,PROFINC,Z,,,,,PRO FIN CAPITAL SERVICES LTD.,2.49,2.53,2.38,2.5,2.49,2.47,,2.5,,,667409,1650497,189,F1,1,,,,,
10-09-2026,10-09-2026,CM,BSE,STK,511559,INE289C01025,TEAMGTY,B,,,,,TEAM INDIA GUARANTY LIMITED,246.8,289,243.3,243.3,243.3,241,,235.33,,,5,1291,5,F1,1,,,,,
10-09-2026,10-09-2026,CM,BSE,STK,511571,INE754C01010,CRESCENTIS,X,,,,,Crescentis Capital Limited,106.9,107.75,102.5,105.95,105.95,101.3,,105.95,,,1158,123577,21,F1,1,,,,,
10-09-2026,10-09-2026,CM,BSE,STK,511577,INE304E01010,MANTRA,X,,,,,Mantra Capital Limited,16.06,18.4,16.06,17.2,17.2,18.45,,17.2,,,14,241,9,F1,1,,,,,
10-09-2026,10-09-2026,CM,BSE,STK,511589,INE323B01024,AVONMORE,B,,,,,AVONMORE CAPITAL & MANAGEMENT,13.71,14.6,13.71,14.3,14.3,14,,14.19,,,57116,812694,218,F1,1,,,,,
10-09-2026,10-09-2026,CM,BSE,STK,511593,INE212B01011,LIBORDFIN,X,,,,,LIBORD FINANCE LTD,16.8,16.8,15.01,16.28,16.28,15.32,,16.28,,,715,10904,17,F1,1,,,,,
10-09-2026,10-09-2026,CM,BSE,STK,511601,INE216B01012,YASHMGM,X,,,,,YASH MANAGEMENT & SATELLITE LT,10.99,11.25,10.01,10.77,11.25,10.6,,10.77,,,17667,194394,71,F1,1,,,,,
10-09-2026,10-09-2026,CM,BSE,STK,511605,INE420B01036,ARIHANTCAP,B,,,,,ARIHANT CAPITAL MARKETS LTD.,76.83,77.89,76.5,76.66,76.5,77.13,,76.47,,,4988,384194,43,F1,1,,,,,
10-09-2026,10-09-2026,CM,BSE,STK,511609,INE569B01022,ISLCONSUL,X,,,,,ISL CONSULTING LTD.,12.89,12.89,11.71,11.73,12.1,12.3,,11.73,,,290,3414,12,F1,1,,,,,
10-09-2026,10-09-2026,CM,BSE,STK,511611,INE891B01012,DCMFINSERV,B,,,,,DCM FINANCIAL SERVICES LTD.,4.82,5.42,4.82,5.21,5.23,5.19,,5.22,,,10825,55447,19,F1,1,,,,,
10-09-2026,10-09-2026,CM,BSE,STK,511626,INE229D01011,RRFIN,XT,,,,,RR FINANCIAL CONSULTANTS LTD.,64.99,67.55,64.5,66.97,67,64.35,,66.97,,,839,56003,16,F1,1,,,,,
10-09-2026,10-09-2026,CM,BSE,STK,511628,INE417D01020,FEDDERSHOL,B,,,,,FEDDERS HOLDING LIMITED,49.25,50.4,48.31,48.45,48.45,48.55,,48.42,,,131157,6385763,917,F1,1,,,,,
10-09-2026,10-09-2026,CM,BSE,STK,511630,INE699B01027,SAMBHAAV,B,,,,,SAMBHAAV MEDIA LTD.,5.94,6.25,5.74,5.84,5.82,5.94,,5.84,,,4599,27585,13,F1,1,,,,,
10-09-2026,10-09-2026,CM,BSE,STK,511644,INE113B01037,OMEGAIN,X,,,,,OMEGA INTERACTIVE TECHNOLOGIES,25.53,26.92,24.37,24.37,24.37,25.65,,24.37,,,803670,20153963,1634,F1,1,,,,,
10-09-2026,10-09-2026,CM,BSE,STK,511654,INE309D01011,SUGALDAM,X,,,,,SUGAL & DAMANI SHARE BROKERS L,66,69.95,64.56,64.61,64.58,66,,64.61,,,1889,122745,13,F1,1,,,,,
10-09-2026,10-09-2026,CM,BSE,STK,511658,INE027D01019,NETTLINX,X,,,,,NETTLINX LTD.,11.48,11.6,9.6,10.58,10.58,11.5,,10.58,,,67374,721978,126,F1,1,,,,,
10-09-2026,10-09-2026,CM,BSE,STK,511664,INE443D01018,BGIL,X,,,,,BGIL FILMS & TECHNOLOGIES LTD.,6.89,6.9,6.6,6.9,6.9,6.66,,6.9,,,7811,53734,18,F1,1,,,,,
10-09-2026,10-09-2026,CM,BSE,STK,511672,INE099G01011,SCANSTL,T,,,,,Scan Steels Limited,54.76,58.98,54.76,58.64,58.64,56.84,,57.82,,,16294,912716,67,F1,1,,,,,
10-09-2026,10-09-2026,CM,BSE,STK,511676,INE289B01019,GICHSGFIN,B,,,,,GIC HOUSING FINANCE LTD.,136.95,137.75,135.75,136,136.95,137.1,,136.11,,,4246,580360,118,F1,1,,,,,
10-09-2026,10-09-2026,CM,BSE,STK,511692,INE759C01027,AJCON,X,,,,,AJCON GLOBAL SERVICES LTD.,6.4,6.4,5.93,6.2,6.2,6.4,,6.2,,,128,800,12,F1,1,,,,,
10-09-2026,10-09-2026,CM,BSE,STK,511696,INE953B01010,CHRTEDCA,X,,,,,CHARTERED CAPITAL & INVESTMENT,256.3,256.3,256.3,256.3,256.3,256.3,,256.3,,,31,7945,2,F1,1,,,,,
10-09-2026,10-09-2026,CM,BSE,STK,511700,INE625D01028,STANCAP,X,,,,,STANDARD CAPITAL MARKETS LTD.,0.31,0.31,0.29,0.31,0.31,0.31,,0.31,,,8521791,2580603,1181,F1,1,,,,,
10-09-2026,10-09-2026,CM,BSE,STK,511702,INE290E01011,YOGI,B,,,,,YOGI LIMITED,160.2,160.2,155.3,157.15,156.15,161,,155.67,,,61,9559,14,F1,1,,,,,
10-09-2026,10-09-2026,CM,BSE,STK,511710,INE717D01023,CUBIFIN,XT,,,,,CUBICAL FINANCIAL SERVICES LTD,6.8,6.8,6.16,6.65,6.69,6.48,,6.65,,,355978,2404262,296,F1,1,,,,,
10-09-2026,10-09-2026,CM,BSE,STK,511712,INE452B01013,RELICTEC,X,,,,,RELIC TECHNOLOGIES LTD.,69.06,75,67.4,73.76,74.99,70.47,,73.76,,,983,71199,29,F1,1,,,,,
10-09-2026,10-09-2026,CM,BSE,STK,511714,INE875B01015,NIMBSPROJ,B,,,,,NIMBUS PROJECTS LTD.,155,155,155,155,155,149.5,,157.56,,,280,43400,6,F1,1,,,,,
10-09-2026,10-09-2026,CM,BSE,STK,511716,INE359A01012,INVIGO,X,,,,,Invigorated Business Consultin,11.27,12.04,10.06,10.24,10.12,10.04,,10.24,,,190780,2172262,454,F1,1,,,,,
10-09-2026,10-09-2026,CM,BSE,STK,511724,INE020D01022,BAIDFIN,B,,,,,BAID FINSERV LIMITED,12.03,12.33,11.7,11.74,11.7,12.01,,11.74,,,9877,117661,61,F1,1,,,,,
10-09-2026,10-09-2026,CM,BSE,STK,511726,INE946H01037,VIPULLTD,T,,,,,VIPUL LTD.,14.06,14.06,14.06,14.06,14.06,14.34,,13.65,,,1263,17757,6,F1,1,,,,,
10-09-2026,10-09-2026,CM,BSE,STK,511734,INE527C01010,PASUFIN,X,,,,,PASUPATI FINCAP LTD.,13.98,13.98,13.98,13.98,13.98,13.32,,13.98,,,101,1411,2,F1,1,,,,,
10-09-2026,10-09-2026,CM,BSE,STK,511742,INE583D01011,UGROCAP,B,,,,,UGRO CAPITAL LIMITED,83.95,84.27,82.82,83.47,83.42,83.59,,83.18,,,7846,656410,115,F1,1,,,,,
10-09-2026,10-09-2026,CM,BSE,STK,511754,INE861D01011,SAHLIBHFI,B,,,,,SHALIBHADRA FINANCE LTD.,80.15,84.9,78.55,83,83,82.9,,82.33,,,4228,342565,99,F1,1,,,,,
10-09-2026,10-09-2026,CM,BSE,STK,511756,INE195I01013,ABIRAFN,Z,,,,,ABIRAMI FINANCIAL SERVICES (IN,37.75,37.75,34.19,34.54,34.19,35.98,,34.54,,,3005,104845,50,F1,1,,,,,
10-09-2026,10-09-2026,CM,BSE,STK,511758,INE094E01017,MANSIFIN,X,,,,,MANSI FINANCE (CHENNAI) LTD.,65.95,65.95,62.66,62.67,62.66,65.95,,62.67,,,211,13349,6,F1,1,,,,,
10-09-2026,10-09-2026,CM,BSE,STK,511764,INE819K01014,AASTAFIN,X,,,,,Aastamangalam Finance Limited,31.79,32.44,31.51,31.51,31.51,31.79,,31.51,,,6118,193534,20,F1,1,,,,,
10-09-2026,10-09-2026,CM,BSE,STK,511766,INE296G01013,MUTHOOTCAP,B,,,,,MUTHOOT CAPITAL SERVICES LTD.,234.1,242.2,228.7,230.6,230.5,236.45,,232.39,,,746,176162,71,F1,1,,,,,
10-09-2026,10-09-2026,CM,BSE,STK,511768,INE677D01037,MASTERTR,B,,,,,MASTER TRUST LTD.,92.99,94.06,91.1,92.15,92.3,93.2,,92.34,,,30759,2853999,216,F1,1,,,,,
10-09-2026,10-09-2026,CM,BSE,STK,512008,INE886D01026,EFCIL,B,,,,,EFC (I) LIMITED,188.9,190.65,186.95,187.9,189.1,188.65,,188.04,,,5531,1043401,153,F1,1,,,,,
10-09-2026,10-09-2026,CM,BSE,STK,512014,INE754D01018,SOBME,X,,,,,SOBHAGYA MERCHANTILE LTD.,1416.45,1466.3,1400,1413.8,1430,1416.45,,1413.8,,,708,1006316,71,F1,1,,,,,
10-09-2026,10-09-2026,CM,BSE,STK,512018,INE135H01029,TTGIL,X,,,,,TOMORROW TECHNOLOGIES GLOBAL I,7.44,7.9,7.11,7.7,7.72,7.19,,7.7,,,76531,570736,68,F1,1,,,,,
10-09-2026,10-09-2026,CM,BSE,STK,512025,INE767M01029,ASGARD,X,,,,,ASGARD ALCOBEV LIMITED,33.2,33.4,32.36,33.33,33.32,32.9,,33.33,,,34463,1142473,236,F1,1,,,,,
10-09-2026,10-09-2026,CM,BSE,STK,512026,INE603D01017,VEGA,XT,,,,,VEGA JEWELLERS LIMITED,61.95,61.95,61.95,61.95,61.95,61.95,,61.95,,,108,6690,2,F1,1,,,,,
10-09-2026,10-09-2026,CM,BSE,STK,512036,INE393H01016,SKYBIOTECH,X,,,,,SKYBIOTECH HEALTHCARE LIMITED,120.8,120.8,120.8,120.8,120.8,120.8,,120.8,,,8,966,1,F1,1,,,,,
10-09-2026,10-09-2026,CM,BSE,STK,512038,INE887D01024,TCC,B,,,,,TCC CONCEPT LIMITED,51.75,58.9,51.75,53.5,53.5,51.75,,53.62,,,1804156,100941418,9245,F1,1,,,,,
10-09-2026,10-09-2026,CM,BSE,STK,512047,INE510H01015,ROYALIND,X,,,,,ROYAL INDIA CORPORATION LIMITE,5.21,5.29,4.72,4.81,4.81,5.18,,4.81,,,148238,729745,332,F1,1,,,,,
10-09-2026,10-09-2026,CM,BSE,STK,512048,INE195E01020,DHANSAFAL,X,,,,,DHANSAFAL FINSERVE LIMITED,2.41,2.6,2.37,2.42,2.41,2.43,,2.42,,,185592,459380,96,F1,1,,,,,
10-09-2026,10-09-2026,CM,BSE,STK,512062,INE896J01014,TANDHANIN,XT,,,,,TANDHAN INDUSTRIES LIMITED,157,163.9,149.5,157.1,160.2,157,,157.1,,,2977,460862,40,F1,1,,,,,
10-09-2026,10-09-2026,CM,BSE,STK,512064,INE762D01011,VISVEN,X,,,,,VISHVPRABHA VENTURES LIMITED,40,40,40,40,40,40,,40,,,1,40,1,F1,1,,,,,
10-09-2026,10-09-2026,CM,BSE,STK,512065,INE738D01029,MRUTR,XT,,,,,MRUGESH TRADING LTD.,100.25,100.25,100.25,100.25,100.25,102.25,,100.25,,,1463,146665,35,F1,1,,,,,
10-09-2026,10-09-2026,CM,BSE,STK,512068,INE945F01025,DECNGOLD,B,,,,,DECCAN GOLD MINES LTD.,222.1,228.8,209,226,226,219.55,,225.9,,,310534,70002202,3034,F1,1,,,,,
10-09-2026,10-09-2026,CM,BSE,STK,512070,INE628A01036,UPL,A,,,,,UPL LIMITED,577.75,582.55,572.8,573.85,573.85,577,,575.3,,,15503,8928029,694,F1,1,,,,,
10-09-2026,10-09-2026,CM,BSE,STK,512093,INE234B01023,CRANESSOFT,Z,,,,,CRANES SOFTWARE INTERNATIONAL,5.44,5.44,5.11,5.26,5.18,5.28,,5.26,,,15802,83260,86,F1,1,,,,,
10-09-2026,10-09-2026,CM,BSE,STK,512097,INE092G01024,SAICOM,X,,,,,SAIANAND COMMERCIAL LIMITED,0.21,0.21,0.2,0.2,0.2,0.21,,0.2,,,107464,21785,42,F1,1,,,,,
10-09-2026,10-09-2026,CM,BSE,STK,512099,INE750G01019,EY,XT,,,,,EYANTRA VENTURES LIMITED,506,558,506,558,558,532,,558,,,16,8200,4,F1,1,,,,,
10-09-2026,10-09-2026,CM,BSE,STK,512103,INE276H01013,NIDHGRN,X,,,,,NIDHI GRANITES LTD.,272,272,266,268.55,269.5,261.5,,268.55,,,456,122518,17,F1,1,,,,,
10-09-2026,10-09-2026,CM,BSE,STK,512115,INE649C01012,ROSEMER,X,,,,,ROSE MERC.LTD.,59,59,52.31,55.74,54.02,59,,55.74,,,63,3547,14,F1,1,,,,,
10-09-2026,10-09-2026,CM,BSE,STK,512131,INE529F01035,SIGIND,T,,,,,SIGNET INDUSTRIES LIMITED,70.52,72.94,68.31,70.01,71.59,71.68,,70.92,,,2991,211176,31,F1,1,,,,,
10-09-2026,10-09-2026,CM,BSE,STK,512149,INE758A01072,AVANCE,B,,,,,AVANCE TECHNOLOGIES LTD.,0.82,0.84,0.81,0.82,0.82,0.83,,0.82,,,1915473,1576179,608,F1,1,,,,,
10-09-2026,10-09-2026,CM,BSE,STK,512161,INE650K01021,SECURKLOUD,B,,,,,SECUREKLOUD TECHNOLOGIES LIMIT,17.13,17.44,16.49,17.22,17.23,17.13,,16.96,,,4054,67771,39,F1,1,,,,,
10-09-2026,10-09-2026,CM,BSE,STK,512165,INE365O01028,ABANSENT,B,,,,,ABANS ENTERPRISES LTD,29.4,29.4,27.6,28.2,28.2,28.02,,27.78,,,1207,33344,7,F1,1,,,,,
10-09-2026,10-09-2026,CM,BSE,STK,512169,INE968E01012,CAPRICORN,XT,,,,,CAPRICORN SYSTEMS GLOBAL SOLUT,29.61,29.61,29.44,29.61,29.61,29.03,,29.61,,,2757671,81648354,141,F1,1,,,,,
10-09-2026,10-09-2026,CM,BSE,STK,512175,INE685D01022,VAMA,X,,,,,VAMA INDUSTRIES LTD.,3.46,3.53,3.46,3.5,3.5,3.54,,3.5,,,8462,29520,27,F1,1,,,,,
10-09-2026,10-09-2026,CM,BSE,STK,512179,INE805D01034,SUNTECK,B,,,,,SUNTECK REALTY LTD.,292,294.35,288.05,290.6,288.85,292.35,,289.81,,,10177,2956444,246,F1,1,,,,,
10-09-2026,10-09-2026,CM,BSE,STK,512197,INE798C01017,SILVERO,Z,,,,,SILVER OAK COMMERCIAL LTD.,6,6,5.97,6,6,5.97,,6,,,456,2731,13,F1,1,,,,,
10-09-2026,10-09-2026,CM,BSE,STK,512217,INE730E01016,PRISMMEDI,X,,,,,PRISM MEDICO AND PHARMACY LTD.,30,30,29.01,29.74,29.81,29.41,,29.74,,,4501,134320,29,F1,1,,,,,
10-09-2026,10-09-2026,CM,BSE,STK,512229,INE379J01029,VERITAS,XT,,,,,VERITAS (INDIA) LTD.,166.7,167.65,162.15,167,162.65,164.4,,167,,,5924,989494,75,F1,1,,,,,
10-09-2026,10-09-2026,CM,BSE,STK,512237,INE070D01027,JAICORPLTD,B,,,,,JAI CORP LTD.,97.98,98.3,96.5,96.99,96.99,97.35,,96.86,,,30835,2988088,608,F1,1,,,,,
10-09-2026,10-09-2026,CM,BSE,STK,512247,INE894A01026,ASHCAP,X,,,,,ASHIRWAD CAPITAL LTD.,2.67,2.7,2.33,2.58,2.58,2.67,,2.58,,,116420,296495,266,F1,1,,,,,
10-09-2026,10-09-2026,CM,BSE,STK,512257,INE895A01023,SVARTCORP,X,,,,,SWASTI VINAYAKA ART AND HERITA,3.48,3.59,3.41,3.44,3.44,3.49,,3.44,,,25302,87554,95,F1,1,,,,,
10-09-2026,10-09-2026,CM,BSE,STK,512267,INE200D01020,MMWL,B,,,,,MEDIA MATRIX WORLDWIDE LTD.,14.03,14.3,13.51,13.97,13.96,13.75,,13.89,,,8031,110587,60,F1,1,,,,,
10-09-2026,10-09-2026,CM,BSE,STK,512277,INE340U01010,AUTOINT,X,,,,,AUTORIDERS INTERNATIONAL LTD.,295.9,295.9,280,282.95,282.95,282.5,,282.95,,,587,169504,46,F1,1,,,,,
10-09-2026,10-09-2026,CM,BSE,STK,512296,INE458B01036,BHAGYANGR,B,,,,,BHAGYANAGAR INDIA LTD.,419,429.85,417.6,429.85,429.85,409.4,,432.11,,,27395,11740865,389,F1,1,,,,,
10-09-2026,10-09-2026,CM,BSE,STK,512301,INE417N01011,CHMBBRW,XT,,,,,CHAMBAL BREWERIES & DISTILLERI,33.86,35.79,33.86,34.9,34.9,34.55,,34.9,,,3002,104592,18,F1,1,,,,,
10-09-2026,10-09-2026,CM,BSE,STK,512329,INE385F01024,SGMART,B,,,,,SG MART LIMITED,778.6,782.7,762.9,767.5,777.7,772.6,,766.57,,,12199,9416918,678,F1,1,,,,,
10-09-2026,10-09-2026,CM,BSE,STK,512344,INE068C01015,ARAVALIS,X,,,,,ARAVALI SECURITIES & FINANCE L,4.41,4.62,4.41,4.42,4.42,4.41,,4.42,,,8512,37802,12,F1,1,,,,,
10-09-2026,10-09-2026,CM,BSE,STK,512345,INE745A01012,LEXGLOBAL,XT,,,,,LEXORA GLOBAL LIMITED,140,140,133.4,133.4,133.4,140.4,,133.4,,,25,3399,4,F1,1,,,,,
10-09-2026,10-09-2026,CM,BSE,STK,512359,INE093G01022,SWORDEDGE,X,,,,,SWORD-EDGE COMMERCIALS LIMITED,0.47,0.47,0.47,0.47,0.47,0.49,,0.47,,,76948,36165,79,F1,1,,,,,
10-09-2026,10-09-2026,CM,BSE,STK,512361,INE108G01010,CUPIDALBV,XT,,,,,CUPID BREWERIES AND DISTILLERI,27.41,27.84,26.04,27.43,27.43,27.41,,27.43,,,65850,1772001,245,F1,1,,,,,
10-09-2026,10-09-2026,CM,BSE,STK,512379,INE716D01033,CRSL,T,,,,,CRESSANDA RAILWAY SOLUTIONS LI,2.74,2.74,2.52,2.56,2.56,2.62,,2.57,,,119632,314826,174,F1,1,,,,,
10-09-2026,10-09-2026,CM,BSE,STK,512381,INE992I01013,STARTECK,B,,,,,STARTECK FINANCE LIMITED,243.25,253.5,240.75,252,253.5,244.65,,248.78,,,104,26168,6,F1,1,,,,,
10-09-2026,10-09-2026,CM,BSE,STK,512393,INE037B01020,SHARDUL,T,,,,,SHARDUL SECURITIES LTD.,54.5,56.98,54.19,54.88,54.3,54.5,,54.9,,,4181,229973,32,F1,1,,,,,
10-09-2026,10-09-2026,CM,BSE,STK,512399,INE017I01027,SERA,X,,,,,SERA INVESTMENTS & FINANCE IND,59.96,59.96,56.25,57.21,57.2,59.01,,57.21,,,45263,2605903,253,F1,1,,,,,
10-09-2026,10-09-2026,CM,BSE,STK,512415,INE319T01016,MERCTRD,X,,,,,MERCURY TRADE LINKS LTD.,4.27,4.61,4.1,4.22,4.15,4.5,,4.22,,,80929,350220,228,F1,1,,,,,
10-09-2026,10-09-2026,CM,BSE,STK,512437,INE412D01013,APOLLOFI,X,,,,,APOLLO FINVEST (INDIA) LTD.,419,502.3,408.05,502.3,502.3,418.6,,502.3,,,6489,3092989,138,F1,1,,,,,
10-09-2026,10-09-2026,CM,BSE,STK,512441,INE993I01029,ENBETRD,X,,,,,Enbee Trade &amp; Finance Ltd,0.28,0.28,0.27,0.27,0.27,0.28,,0.27,,,12005718,3287914,697,F1,1,,,,,
10-09-2026,10-09-2026,CM,BSE,STK,512443,INE162L01017,GANONPRO,X,,,,,Ganon Products Limited,7.38,7.38,7,7.3,7.3,7.03,,7.3,,,34702,251671,55,F1,1,,,,,
10-09-2026,10-09-2026,CM,BSE,STK,512453,INE564J01026,SHRJAGP,B,,,,,SHRI JAGDAMBA POLYMERS LTD.,649.95,657,647.5,650.15,651,632,,645.96,,,156,101664,18,F1,1,,,,,
10-09-2026,10-09-2026,CM,BSE,STK,512455,INE281B01032,LLOYDSME,A,,,,,LLOYDS METALS AND ENERGY LTD.,1814.9,1826.85,1808,1816.6,1808.4,1807.6,,1814.55,,,16364,29755885,970,F1,1,,,,,
10-09-2026,10-09-2026,CM,BSE,STK,512463,INE080I01025,LLOYDSENT,A,,,,,LLOYDS ENTERPRISES LIMITED,70.1,70.94,69.72,70,70,70.44,,70.01,,,47721,3354948,456,F1,1,,,,,
10-09-2026,10-09-2026,CM,BSE,STK,512477,INE765L01017,BETXIND,X,,,,,BETEX INDIA LTD.,498.75,498.75,453,461.3,480,498.85,,461.3,,,28,12788,8,F1,1,,,,,
10-09-2026,10-09-2026,CM,BSE,STK,512489,INE876A01023,OASISEC,XT,,,,,OASIS SECURITIES LTD.,17.79,17.79,16.38,16.5,16.38,17.19,,16.5,,,18717,309613,55,F1,1,,,,,
10-09-2026,10-09-2026,CM,BSE,STK,512493,INE590B01010,GARNETINT,X,,,,,GARNET INTERNATIONAL LTD.,59.44,59.44,58,59,59,58,,59,,,1076,63324,16,F1,1,,,,,
10-09-2026,10-09-2026,CM,BSE,STK,512499,INE435E01020,SHALPRO,XT,,,,,SHALIMAR PRODUCTIONS LTD.,0.26,0.27,0.25,0.25,0.26,0.26,,0.25,,,1991773,514716,383,F1,1,,,,,
10-09-2026,10-09-2026,CM,BSE,STK,512519,INE668D01028,DONEAR,B,,,,,DONEAR INDUSTRIES LTD.,86.2,86.2,85,85.05,85.05,86.2,,85.19,,,8268,706167,56,F1,1,,,,,
10-09-2026,10-09-2026,CM,BSE,STK,512527,INE091C01017,SUPER,XT,,,,,SUPER SALES INDIA LTD.,1249.4,1249.4,1200,1204.05,1248,1216.85,,1204.05,,,224,269402,21,F1,1,,,,,
10-09-2026,10-09-2026,CM,BSE,STK,512529,INE807F01027,VIYASH,A,,,,,VIYASH SCIENTIFIC LIMITED,261.8,263.15,255.05,260.9,261,261.8,,260.46,,,92816,24045216,1140,F1,1,,,,,
10-09-2026,10-09-2026,CM,BSE,STK,512531,INE655A01013,STCINDIA,B,,,,,STATE TRADING CORPORATION OF I,114,114.1,113.5,113.8,113.8,114.1,,113.25,,,598,68072,96,F1,1,,,,,
10-09-2026,10-09-2026,CM,BSE,STK,512559,INE080B01012,KOHINOOR,B,,,,,KOHINOOR FOODS LTD.,30.99,31.43,29.6,29.93,29.6,30.69,,30.15,,,8967,274420,599,F1,1,,,,,
10-09-2026,10-09-2026,CM,BSE,STK,512565,INE581D01015,NEELKANTH,X,,,,,NEELKANTH LIMITED,31.51,31.55,29.98,31.55,31.55,31.55,,31.55,,,748,22487,11,F1,1,,,,,
10-09-2026,10-09-2026,CM,BSE,STK,512573,INE871C01038,AVANTIFEED,A,,,,,AVANTI FEEDS LTD.,806.15,816.6,800,815.25,815.25,807.45,,815.3,,,30185,24368963,1368,F1,1,,,,,
10-09-2026,10-09-2026,CM,BSE,STK,512587,INE077B01018,ZODJRDMKJ,X,,,,,ZODIAC-JRD-MKJ LTD.,37.11,39.15,36.36,37.98,37.86,37.15,,37.98,,,24325,910044,108,F1,1,,,,,
10-09-2026,10-09-2026,CM,BSE,STK,512589,INE579D01019,SITAENT,X,,,,,SITA ENTERPRISES LTD.,130,133.65,128,131,130.05,130.1,,131,,,1009,130929,26,F1,1,,,,,
10-09-2026,10-09-2026,CM,BSE,STK,512591,INE183U01022,PULSRIN,X,,,,,PULSAR INTERNATIONAL LTD.,0.43,0.43,0.41,0.41,0.41,0.42,,0.41,,,2182556,909540,415,F1,1,,,,,
10-09-2026,10-09-2026,CM,BSE,STK,512595,INE348N01042,KDGREEN,B,,,,,KD Green Industries Limited,49,51.05,48.46,50.51,49.9,49.99,,50.15,,,14801,747019,187,F1,1,,,,,
10-09-2026,10-09-2026,CM,BSE,STK,512597,INE681C01015,KEYFINSERV,B,,,,,KEYNOTE FINANCIAL SERVICES LIM,247.5,247.5,245,245,245,247.5,,242.96,,,3,737,2,F1,1,,,,,
10-09-2026,10-09-2026,CM,BSE,STK,512599,INE423A01024,ADANIENT,A,,,,,ADANI ENTERPRISES LTD.,3117.25,3117.25,3040.5,3100,3100,3100,,3078.07,,,49770,153267333,3929,F1,1,,,,,
10-09-2026,10-09-2026,CM,BSE,STK,512600,INE307N01014,ASTALLTD,X,,,,,ASTAL LABORATORIES LIMITED,77,77,75.3,75.8,75.73,77.3,,75.8,,,6371,488991,51,F1,1,,,,,
10-09-2026,10-09-2026,CM,BSE,STK,512608,INE474E01029,BHANDARI,B,,,,,BHANDARI HOSIERY EXPORTS LTD.,2.94,3.04,2.94,3,3,3,,3,,,18766,56412,40,F1,1,,,,,
10-09-2026,10-09-2026,CM,BSE,STK,512618,INE629C01014,RLF,X,,,,,RLF LTD.,8.61,9.9,8.61,9.9,9.9,8.61,,9.9,,,2683,26517,12,F1,1,,,,,
10-09-2026,10-09-2026,CM,BSE,STK,512624,INE769D01016,REGENTRP,X,,,,,Regent Enterprises Limited,5.38,5.49,5.28,5.39,5.47,5.36,,5.39,,,21793,117142,90,F1,1,,,,,
10-09-2026,10-09-2026,CM,BSE,STK,512626,INE231G01010,ORBTEXP,T,,,,,ORBIT EXPORTS LTD.,233,242,233,242,242,233.3,,237,,,159,38149,8,F1,1,,,,,
10-09-2026,10-09-2026,CM,BSE,STK,512634,INE104E01014,SAVERA,X,,,,,SAVERA INDUSTRIES LTD.,167,168.6,167,167.45,167.2,167.6,,167.45,,,2196,367485,17,F1,1,,,,,
10-09-2026,10-09-2026,CM,BSE,STK,513005,INE114E01013,CHROME,X,,,,,Chrome Silicon Limited,40.8,40.8,39.5,40.29,40.29,39.32,,40.29,,,19,757,7,F1,1,,,,,
10-09-2026,10-09-2026,CM,BSE,STK,513023,INE725A01030,NAVA,A,,,,,NAVA LIMITED,560,564.65,556.85,558.3,558,561.95,,558.35,,,7920,4431090,388,F1,1,,,,,
10-09-2026,10-09-2026,CM,BSE,STK,513043,INE158G01015,REMIEDEL,X,,,,,REMI EDELSTAHL TUBULARS LIMITE,255.95,259.5,248,258.3,258.95,245.3,,258.3,,,3725,945708,80,F1,1,,,,,
10-09-2026,10-09-2026,CM,BSE,STK,513059,INE736H01024,GSAUTO,XT,,,,,G.S.AUTO INTERNATIONAL LTD.,20.8,21.7,20.68,21.4,21.4,20.68,,21.4,,,13408,282744,91,F1,1,,,,,
10-09-2026,10-09-2026,CM,BSE,STK,513063,INE360D01014,TRANSFRE,X,,,,,TRANS-FREIGHT CONTAINERS LTD.,20.07,20.1,19.1,19.63,19.16,20.07,,19.63,,,152,3004,6,F1,1,,,,,
10-09-2026,10-09-2026,CM,BSE,STK,513097,INE386D01027,SBCL,B,,,,,SHIVALIK BIMETAL CONTROLS LTD.,1139.9,1147.85,1102.85,1113.6,1112.2,1137.1,,1112.02,,,9208,10349478,677,F1,1,,,,,
10-09-2026,10-09-2026,CM,BSE,STK,513108,INE524B01027,GANDHITUBE,B,,,,,GANDHI SPECIAL TUBES LTD.,898.1,900,891.4,895.85,900,895.25,,899.19,,,124,111160,15,F1,1,,,,,
10-09-2026,10-09-2026,CM,BSE,STK,513117,INE991A01020,AMFORG,X,,,,,AMFORGE INDUSTRIES LTD.,5.4,5.44,4.91,5.18,5.25,5.2,,5.18,,,5377,27927,48,F1,1,,,,,
10-09-2026,10-09-2026,CM,BSE,STK,513119,INE173M01012,ONIXSOLAR,B,,,,,ONIX SOLAR ENERGY LIMITED,455.6,466.95,431.5,460.4,457,454.2,,459.52,,,213285,95606909,2222,F1,1,,,,,
10-09-2026,10-09-2026,CM,BSE,STK,513121,INE730A01022,ORICONENT,B,,,,,ORICON ENTERPRISES LTD.,50.55,52.3,50.55,52,52,52.17,,51.65,,,272,13952,15,F1,1,,,,,
10-09-2026,10-09-2026,CM,BSE,STK,513149,INE950D01012,ACROW,X,,,,,ACROW INDIA LTD.,799.85,799.85,765,765,765,763,,765,,,42,33558,4,F1,1,,,,,
10-09-2026,10-09-2026,CM,BSE,STK,513173,INE205F01016,STLSTRINF,B,,,,,STEEL STRIPS INFRASTRUCTURES L,18.8,19.44,18.8,18.88,18.88,18.3,,17.73,,,12,227,4,F1,1,,,,,
10-09-2026,10-09-2026,CM,BSE,STK,513228,INE932A01024,PENIND,A,,,,,PENNAR INDUSTRIES LTD.,176.3,181,176.3,177.3,177.85,178.05,,177.34,,,17696,3166112,280,F1,1,,,,,
10-09-2026,10-09-2026,CM,BSE,STK,513250,INE197A01024,JYOTISTRUC,B,,,,,JYOTI STRUCTURES LTD.,10.11,10.29,9.93,9.99,10.02,10.1,,9.98,,,327382,3300590,384,F1,1,,,,,
10-09-2026,10-09-2026,CM,BSE,STK,513252,INE289D01015,JAYUSH,X,,,,,JAY USHIN LTD.,830.75,831.15,830.75,831.15,831.15,833,,831.15,,,37,30740,2,F1,1,,,,,
10-09-2026,10-09-2026,CM,BSE,STK,513262,INE802C01033,SSWL,B,,,,,STEEL STRIPS WHEELS LTD.,371.4,376,363.7,373.3,373.9,371.15,,373.58,,,38647,14274041,744,F1,1,,,,,
10-09-2026,10-09-2026,CM,BSE,STK,513269,INE993A01026,MANINDS,B,,,,,MAN INDUSTRIES (INDIA) LTD.,785.6,945,772.5,878.05,878.05,793.6,,876.49,,,629768,558729969,15555,F1,1,,,,,
10-09-2026,10-09-2026,CM,BSE,STK,513295,INE611C01020,IMEC,X,,,,,IMEC SERVICES LIMITED,101.95,105,101.95,102,102,101.95,,102,,,210,21441,17,F1,1,,,,,
10-09-2026,10-09-2026,CM,BSE,STK,513303,INE001F01019,MDRNSTL,X,,,,,MODERN STEELS LTD.,14.05,14.4,14.02,14.2,14.2,14.16,,14.2,,,3128,44242,18,F1,1,,,,,
10-09-2026,10-09-2026,CM,BSE,STK,513307,INE363L01045,BELDING,X,,,,,BELDING INDIA LIMITED,995,999.9,985,989.15,990,983.95,,989.15,,,2273,2251593,57,F1,1,,,,,
10-09-2026,10-09-2026,CM,BSE,STK,513337,INE145J01032,GUJTLRM,B,,,,,GUJARAT TOOLROOM LTD.,0.43,0.44,0.43,0.43,0.44,0.43,,0.43,,,2083246,905355,721,F1,1,,,,,
10-09-2026,10-09-2026,CM,BSE,STK,513343,INE534A01028,GFSTEELS,B,,,,,GRAND FOUNDRY LTD.,17.72,17.72,17.72,17.72,17.72,16.11,,18.84,,,25,443,1,F1,1,,,,,
10-09-2026,10-09-2026,CM,BSE,STK,513349,INE298G01035,AJMERA,B,,,,,AJMERA REALTY & INFRA INDIA LT,118.25,120.65,115.85,118.45,118.55,117.1,,118.73,,,35166,4152608,243,F1,1,,,,,
10-09-2026,10-09-2026,CM,BSE,STK,513353,INE105D01013,COCHINM,X,,,,,COCHIN MINERALS & RUTILE LTD.,309.35,312.1,306.05,308.55,310.45,310.95,,308.55,,,6065,1878249,163,F1,1,,,,,
10-09-2026,10-09-2026,CM,BSE,STK,513361,INE072A01029,INDIAHOMES,X,,,,,India Homes Limited,27.3,27.7,25.16,25.62,25.62,27.11,,25.62,,,1848626,47956551,1219,F1,1,,,,,
10-09-2026,10-09-2026,CM,BSE,STK,513369,INE013J01016,KVFORGE,XT,,,,,KRISHANVEER FORGE LIMITED,139.9,139.9,135.2,136.5,135.6,140,,136.5,,,1631,224358,36,F1,1,,,,,
10-09-2026,10-09-2026,CM,BSE,STK,513375,INE120A01034,CARBORUNIV,A,,,,,CARBORUNDUM UNIVERSAL LTD.,1090,1122.5,1086,1090.75,1092,1095.5,,1090.22,,,75634,82712086,1039,F1,1,,,,,
10-09-2026,10-09-2026,CM,BSE,STK,513377,INE123F01029,MMTC,B,,,,,MMTC LTD.,63.17,63.39,62.17,62.22,62.2,62.72,,62.23,,,68994,4311403,537,F1,1,,,,,
10-09-2026,10-09-2026,CM,BSE,STK,513418,INE728B01032,SMFIL,XT,,,,,SMITHS & FOUNDERS (INDIA) LIMI,10.74,10.74,10.74,10.74,10.74,10.95,,10.74,,,38010,408227,23,F1,1,,,,,
10-09-2026,10-09-2026,CM,BSE,STK,513436,INE640C01011,SHAHALLOYS,T,,,,,SHAH ALLOYS LTD.,96.3,99.9,96.05,96.1,96.1,96.3,,96.76,,,1831,177316,13,F1,1,,,,,
10-09-2026,10-09-2026,CM,BSE,STK,513452,INE594D01018,ELANGO,XT,,,,,ELANGO INDUSTRIES LTD.,12.76,12.76,12.76,12.76,12.76,13.02,,12.76,,,40,510,1,F1,1,,,,,
10-09-2026,10-09-2026,CM,BSE,STK,513456,INE791E01018,KANSHST,X,,,,,KANISHK STEEL INDUSTRIES LTD.,48.6,48.6,46.6,47.41,47.5,46.77,,47.41,,,2444,116019,38,F1,1,,,,,
10-09-2026,10-09-2026,CM,BSE,STK,513460,INE257F01017,MAHALXSE,Z,,,,,MAHALAXMI SEAMLESS LTD.,9.5,9.5,9.03,9.03,9.03,9.5,,9.03,,,260,2465,4,F1,1,,,,,
10-09-2026,10-09-2026,CM,BSE,STK,513472,INE658D01029,SIMPLEXCAS,X,,,,,SIMPLEX CASTINGS LTD.,105.2,112.9,104.1,106.1,108,104.05,,106.1,,,1478096,160182315,2101,F1,1,,,,,
10-09-2026,10-09-2026,CM,BSE,STK,513488,INE387D01025,SSWRL,XT,,,,,SHREE STEEL WIRE ROPES LTD.,25.74,25.74,25.31,25.31,25.31,25.17,,25.31,,,283,7227,5,F1,1,,,,,
10-09-2026,10-09-2026,CM,BSE,STK,513496,INE235U01012,SIZEMASTER,X,,,,,SIZEMASTERS TECHNOLOGY LIMITED,335,349,325.85,347.05,347.85,342.95,,347.05,,,2410,801908,106,F1,1,,,,,
10-09-2026,10-09-2026,CM,BSE,STK,513498,INE308N01012,SOUTHMG,X,,,,,SOUTHERN MAGNESIUM & CHEMICALS,78.98,86.9,72.25,72.91,75,77.5,,72.91,,,1029,78093,40,F1,1,,,,,
10-09-2026,10-09-2026,CM,BSE,STK,513502,INE927K01023,BAROEXT,X,,,,,BARODA EXTRUSION LTD.,10.09,10.1,9.57,9.81,9.81,9.99,,9.81,,,139012,1370343,319,F1,1,,,,,
10-09-2026,10-09-2026,CM,BSE,STK,513509,INE314G01014,KALYANIFRG,T,,,,,KALYANI FORGE LTD.,916,969.9,877.65,969.9,969.9,923.75,,973.2,,,904,816728,38,F1,1,,,,,
10-09-2026,10-09-2026,CM,BSE,STK,513511,INE798F01010,PANCHMAHQ,B,,,,,PANCHMAHAL STEEL LTD.,300,309.8,295,299.85,299.85,298.3,,299.85,,,125,37388,10,F1,1,,,,,
10-09-2026,10-09-2026,CM,BSE,STK,513513,INE570B01012,ADITYA,X,,,,,ADITYA ISPAT LTD.,8.19,8.19,8.14,8.16,8.16,8.35,,8.16,,,2333,19091,24,F1,1,,,,,
10-09-2026,10-09-2026,CM,BSE,STK,513517,INE124E01038,STEELCAS,B,,,,,STEELCAST LTD.,326.55,327.5,322,322.15,322,325.25,,323.54,,,2663,863828,107,F1,1,,,,,
10-09-2026,10-09-2026,CM,BSE,STK,513519,INE450D01021,PITTIENG,B,,,,,PITTI ENGINEERING LIMITED,1179.1,1180,1157.55,1171.3,1168.2,1170.3,,1171.4,,,2960,3456164,197,F1,1,,,,,
10-09-2026,10-09-2026,CM,BSE,STK,513528,INE741B01027,GLITTEKG,XT,,,,,GLITTEK GRANITES LTD.,76.94,77.8,76.93,77.8,77.8,78.5,,77.8,,,11941,925452,39,F1,1,,,,,
10-09-2026,10-09-2026,CM,BSE,STK,513532,INE770A01010,PRADPME,T,,,,,PRADEEP METALS LTD.,491,491,480.15,491,491,484.15,,486.65,,,2098,1029281,15,F1,1,,,,,
10-09-2026,10-09-2026,CM,BSE,STK,513536,INE207H01018,GNRL,B,,,,,GUJARAT NATURAL RESOURCES LIMI,109.9,110.2,107.29,107.81,108,109.02,,107.74,,,15292,1664647,511,F1,1,,,,,
10-09-2026,10-09-2026,CM,BSE,STK,513540,INE176E01012,TNSTLTU,P,,,,,TAMILNADU STEEL TUBES LTD.,32.49,32.49,32.49,32.49,32.49,30.95,,32.49,,,200,6498,2,F1,100,,,,,
10-09-2026,10-09-2026,CM,BSE,STK,513544,INE277E01026,MSCTC,XT,,,,,MARDIA SAMYOUNG CAPILLARY TUBE,64.14,64.14,61.09,64.14,64.14,61.09,,64.14,,,4556,289159,46,F1,1,,,,,
10-09-2026,10-09-2026,CM,BSE,STK,513548,INE385M01012,SHRDAIS,X,,,,,SHARDA ISPAT LTD.,155,160.95,146.3,156.35,156.35,154.55,,156.35,,,337,51665,17,F1,1,,,,,
10-09-2026,10-09-2026,CM,BSE,STK,513554,INE451L01014,MAHASTEEL,T,,,,,MAHAMAYA STEEL INDUSTRIES LTD.,1323.15,1350,1272.3,1347.5,1347.5,1327,,1332.21,,,183,238495,33,F1,1,,,,,
10-09-2026,10-09-2026,CM,BSE,STK,513566,INE608C01026,NOVIS,X,,,,,NOVA IRON & STEEL LTD.,14.25,15.39,14.25,15.39,15.39,12.83,,15.39,,,47981,727302,114,F1,1,,,,,
10-09-2026,10-09-2026,CM,BSE,STK,513575,INE067E01013,STERPOW,X,,,,,STERLING POWERGENSYS LTD,28.1,29.05,27.98,27.99,28,28,,27.99,,,626,17590,26,F1,1,,,,,
10-09-2026,10-09-2026,CM,BSE,STK,513599,INE531E01026,HINDCOPPER,A,,,,,HINDUSTAN COPPER LTD.,538.1,542.9,526.1,527.45,527.45,532.35,,527.31,,,805133,431972923,11676,F1,1,,,,,
10-09-2026,10-09-2026,CM,BSE,STK,513629,INE463D01016,TULSYAN,X,,,,,TULSYAN NEC LTD.,27.64,28.01,27.64,27.64,27.64,29.09,,27.64,,,3592,99538,22,F1,1,,,,,
10-09-2026,10-09-2026,CM,BSE,STK,513642,INE197C01012,AXELPOLY,X,,,,,AXEL POLYMERS LTD.,47,49.8,46.9,47.01,46.9,48.99,,47.01,,,1153,54265,21,F1,1,,,,,
10-09-2026,10-09-2026,CM,BSE,STK,513683,INE589A01014,NLCINDIA,A,,,,,NLC India Limited,274.6,274.7,270,270.4,270,271.45,,270.4,,,36054,9803758,1107,F1,1,,,,,
10-09-2026,10-09-2026,CM,BSE,STK,513693,INE434C01027,KAJARIR,X,,,,,KIC METALIKS LTD.,32.6,34.39,32.6,33.31,33.31,33.57,,33.31,,,4937,163950,26,F1,1,,,,,
10-09-2026,10-09-2026,CM,BSE,STK,513699,INE584G01012,SOLIDSTON,X,,,,,SOLID STONE COMPANY LTD.,27.92,27.92,24.82,26.45,26.45,24.26,,26.45,,,733,19349,10,F1,1,,,,,
10-09-2026,10-09-2026,CM,BSE,STK,513709,INE960A01017,SHILGRAVQ,B,,,,,SHILP GRAVURES LTD.,157.75,178.15,157.75,168.65,169.6,153.3,,168.41,,,20562,3516264,522,F1,1,,,,,
10-09-2026,10-09-2026,CM,BSE,STK,513713,INE146C01019,WHITEORG,X,,,,,White Organic Agro Limited,3.42,3.47,3.34,3.45,3.46,3.39,,3.45,,,7419,25390,48,F1,1,,,,,
10-09-2026,10-09-2026,CM,BSE,STK,513729,INE210C01013,AROGRANITE,B,,,,,ARO GRANITE INDUSTRIES LTD.,25.69,25.69,23.26,24.48,24.48,23.65,,24.19,,,157,3775,102,F1,1,,,,,
10-09-2026,10-09-2026,CM,BSE,STK,514010,INE723D01021,RUDRAECO,XT,,,,,RUDRA ECOVATION LIMITED,21.66,21.92,20.8,21.09,21.63,21.66,,21.09,,,122104,2598837,158,F1,1,,,,,
10-09-2026,10-09-2026,CM,BSE,STK,514028,INE376L01013,RAJKSYN,X,,,,,RAJKAMAL SYNTHETICS LTD.,21.45,21.45,21.45,21.45,21.45,21.03,,21.45,,,1,21,1,F1,1,,,,,
10-09-2026,10-09-2026,CM,BSE,STK,514030,INE272C01013,DEEPAKSP,X,,,,,DEEPAK SPINNERS LTD.,134.15,140,134.15,135.15,138,135.45,,135.15,,,1379,188918,44,F1,1,,,,,
10-09-2026,10-09-2026,CM,BSE,STK,514036,INE970D01010,LOYALTEX,B,,,,,LOYAL TEXTILE MILLS LTD.,216,225.3,215,225.3,225.3,214.05,,217.6,,,15,3281,4,F1,1,,,,,
10-09-2026,10-09-2026,CM,BSE,STK,514043,INE049A01027,HIMATSEIDE,B,,,,,HIMATSINGKA SEIDE LTD.,70,70,68.54,68.79,68.92,69.45,,68.85,,,16281,1123448,200,F1,1,,,,,
10-09-2026,10-09-2026,CM,BSE,STK,514045,INE594B01012,BSL,B,,,,,BSL LTD.,124.8,124.8,121.1,123,123,124.8,,122.06,,,199,24311,5,F1,1,,,,,
10-09-2026,10-09-2026,CM,BSE,STK,514060,INE229N01010,NEWTRAC,XT,,,,,NEWTRAC FOODS & BEVERAGES LIMI,3.75,3.99,3.75,3.89,3.89,3.82,,3.89,,,21526,84537,56,F1,1,,,,,
10-09-2026,10-09-2026,CM,BSE,STK,514087,INE501F01018,PBMPOLY,B,,,,,PBM POLYTEX LTD.,59.7,59.7,59.7,59.7,59.7,60,,59.85,,,5,298,3,F1,1,,,,,
10-09-2026,10-09-2026,CM,BSE,STK,514113,INE207C01019,ADINATH,X,,,,,ADINATH TEXTILES LTD.,22.94,22.94,21.37,21.98,22.29,22.49,,21.98,,,1960,43318,16,F1,1,,,,,
10-09-2026,10-09-2026,CM,BSE,STK,514142,INE592B01024,TTL,B,,,,,T T LTD.,7.05,7.18,6.41,6.78,6.79,6.81,,6.73,,,15202,102268,110,F1,1,,,,,
10-09-2026,10-09-2026,CM,BSE,STK,514162,INE192B01031,WELSPUNLIV,A,,,,,WELSPUN LIVING LIMITED,210.25,212.1,208.5,210.45,211,210.6,,210.5,,,188157,39563479,2773,F1,1,,,,,
10-09-2026,10-09-2026,CM,BSE,STK,514165,INE862B01013,INDIANACRY,X,,,,,INDIAN ACRYLICS LTD.,6.04,6.04,5.75,5.81,5.88,5.95,,5.81,,,11902,69664,54,F1,1,,,,,
10-09-2026,10-09-2026,CM,BSE,STK,514167,INE845D01014,GANECOS,B,,,,,GANESHA ECOSPHERE LTD.,1013.9,1062.75,1013.9,1048.75,1036.35,1022.05,,1048.6,,,3773,3931015,361,F1,1,,,,,
10-09-2026,10-09-2026,CM,BSE,STK,514171,INE760J01012,CEETAIN,X,,,,,CEETA INDUSTRIES LTD.,41,41,37.99,39.7,39.7,37.98,,39.7,,,14,554,12,F1,1,,,,,
10-09-2026,10-09-2026,CM,BSE,STK,514175,INE835A01029,VARDMNPOLY,B,,,,,VARDHMAN POLYTEX LTD.,6,6.07,5.84,6.04,6.04,6,,5.94,,,21296,126293,46,F1,1,,,,,
10-09-2026,10-09-2026,CM,BSE,STK,514183,INE761G01016,BLACKROSE,T,,,,,BLACK ROSE INDUSTRIES LTD.,112.75,112.75,109.05,110.65,110.65,112.75,,111.18,,,2321,255940,42,F1,1,,,,,
10-09-2026,10-09-2026,CM,BSE,STK,514197,INE110Q01023,STCORP,X,,,,,S&T CORPORATION LTD.,4.41,4.41,4.12,4.29,4.29,4.31,,4.29,,,3989,17089,26,F1,1,,,,,
10-09-2026,10-09-2026,CM,BSE,STK,514211,INE235C01036,SUMEETINDS,B,,,,,SUMEET INDUSTRIES LTD.,11.26,11.35,10.8,10.97,10.97,11.29,,10.95,,,188912,2096953,353,F1,1,,,,,
10-09-2026,10-09-2026,CM,BSE,STK,514223,INE410D01017,RAMGOPOLY,XT,,,,,RAMGOPAL POLYTEX LTD.,29.52,29.52,29.52,29.52,29.52,30.12,,29.52,,,552,16295,7,F1,1,,,,,
10-09-2026,10-09-2026,CM,BSE,STK,514234,INE495C01010,SANGAMIND,B,,,,,SANGAM (INDIA) LTD.,582.15,587.1,573,579.25,579.45,581.65,,577.08,,,543,313640,35,F1,1,,,,,
10-09-2026,10-09-2026,CM,BSE,STK,514238,INE874A01010,MKVENTURES,X,,,,,MKVENTURES CAPITAL LIMITED,1020,1028.25,1006,1006,1006,1001,,1006,,,32,32636,12,F1,1,,,,,
10-09-2026,10-09-2026,CM,BSE,STK,514240,INE979D01011,KUSHIND,X,,,,,Kush Industries Limited,6.39,6.39,6.2,6.37,6.37,6.39,,6.37,,,1444,9190,11,F1,1,,,,,
10-09-2026,10-09-2026,CM,BSE,STK,514248,INE377C01010,SRECR,P,,,,,SREECHEM RESINS LTD.,29.16,29.16,26.41,26.41,26.41,27.78,,26.41,,,500,14039,5,F1,100,,,,,
10-09-2026,10-09-2026,CM,BSE,STK,514260,INE899E01019,SURBHIN,XT,,,,,SURBHI INDUSTRIES LTD.,116.69,116.69,105.59,115.97,115.98,111.14,,115.97,,,12477,1418010,118,F1,1,,,,,
10-09-2026,10-09-2026,CM,BSE,STK,514264,INE707B01010,SEASONST,X,,,,,SEASONS TEXTILES LTD.,17.87,19.4,17.5,19,19,17.79,,19,,,36,633,5,F1,1,,,,,
10-09-2026,10-09-2026,CM,BSE,STK,514266,INE106C01013,ZENIFIB,X,,,,,ZENITH FIBRES LTD.,53.04,54.99,53.04,54.87,54.86,53.3,,54.87,,,1318,71012,21,F1,1,,,,,
10-09-2026,10-09-2026,CM,BSE,STK,514272,INE436C01014,BHILSPIN,X,,,,,BHILWARA SPINNERS LTD.,130.7,132.75,125.05,126,129,133,,126,,,3742,476085,50,F1,1,,,,,
10-09-2026,10-09-2026,CM,BSE,STK,514274,INE273D01027,VGL,B,,,,,VARVEE GLOBAL LIMITED,56.5,58,55.2,56.96,56.01,54.9,,57.76,,,8791,496384,190,F1,1,,,,,
10-09-2026,10-09-2026,CM,BSE,STK,514280,INE589J01015,SANTETX,X,,,,,SANRHEA TECHNICAL TEXTILES LTD,171.9,171.9,155,159.95,159.9,160.65,,159.95,,,835,130402,39,F1,1,,,,,
10-09-2026,10-09-2026,CM,BSE,STK,514286,INE440A01010,ASHIMASYN,B,,,,,ASHIMA LTD.,17.25,17.8,16.59,17,17.15,17.25,,17.07,,,7319,124746,77,F1,1,,,,,
10-09-2026,10-09-2026,CM,BSE,STK,514300,INE156C01018,PIONEEREMB,B,,,,,PIONEER EMBROIDERIES LTD.,20.8,20.8,20.21,20.23,20.23,21.88,,20.42,,,1924,40011,10,F1,1,,,,,
10-09-2026,10-09-2026,CM,BSE,STK,514302,INE660D01017,VIPPYSP,X,,,,,VIPPY SPINPRO LTD.,188.7,188.7,180.45,186.9,186.9,180.15,,186.9,,,72,13362,6,F1,1,,,,,
10-09-2026,10-09-2026,CM,BSE,STK,514312,INE156E01014,JAIHIND,X,,,,,JAIHIND INDUSTRIES LIMITED,47,47.5,42.48,43.56,42.48,41.85,,43.56,,,54208,2481717,133,F1,1,,,,,
10-09-2026,10-09-2026,CM,BSE,STK,514316,INE969C01022,RAGHUSYN,X,,,,,RAGHUVIR SYNTHETICS LTD.,91.2,92.99,91.2,92.76,92.97,92.74,,92.76,,,3384,314512,17,F1,1,,,,,
10-09-2026,10-09-2026,CM,BSE,STK,514318,INE722N01014,JATTAINDUS,X,,,,,JATTASHANKAR INDUSTIES LTD.,587.3,652,562.1,570.7,575,575.75,,570.7,,,243,143701,41,F1,1,,,,,
10-09-2026,10-09-2026,CM,BSE,STK,514322,INE535C01013,KAMADGIRI,X,,,,,KAMADGIRI FASHION LTD.,100,102.6,100,102.6,102.6,103.05,,102.6,,,53,5325,7,F1,1,,,,,
10-09-2026,10-09-2026,CM,BSE,STK,514324,INE814D01010,OMNITEX,X,,,,,OMNITEX INDUSTRIES (INDIA) LTD,776.5,784,726,783.8,783.95,750,,783.8,,,2361,1818926,44,F1,1,,,,,
10-09-2026,10-09-2026,CM,BSE,STK,514326,INE790C01014,PATSPINLTD,X,,,,,PATSPIN INDIA LTD.,6.9,6.9,6.3,6.31,6.31,6.5,,6.31,,,9322,59882,32,F1,1,,,,,
10-09-2026,10-09-2026,CM,BSE,STK,514330,INE670O01013,ONEGLOBAL,B,,,,,ONE GLOBAL SERVICE PROVIDER LI,545,550,518.8,543.35,536.2,540.25,,545.29,,,3773,2009861,143,F1,1,,,,,
10-09-2026,10-09-2026,CM,BSE,STK,514332,INE216I01017,NEOINFRA,X,,,,,NEO INFRACON LTD.,47.9,47.9,41.75,42.5,42.5,44.3,,42.5,,,3027,128691,23,F1,1,,,,,
10-09-2026,10-09-2026,CM,BSE,STK,514336,INE194N01016,CCME,X,,,,,CCME GLOBAL LIMITED,28.49,28.86,27.64,28.58,28.86,27.49,,28.58,,,8910,254202,99,F1,1,,,,,
10-09-2026,10-09-2026,CM,BSE,STK,514354,INE309M01020,PREMIERPOL,B,,,,,PREMIER POLYFILM LTD.,90.24,90.44,87.68,87.83,87.75,89.98,,87.98,,,14631,1291841,255,F1,1,,,,,
10-09-2026,10-09-2026,CM,BSE,STK,514358,INE339D01034,EVERFIN,X,,,,,EVERLON FINANCIALS LIMITED,109,109,102.5,108,108,108.9,,108,,,62,6367,3,F1,1,,,,,
10-09-2026,10-09-2026,CM,BSE,STK,514360,INE078T01026,KRRAIL,X,,,,,K&R RAIL ENGINEERING LIMITED,22.1,22.1,21.6,21.87,21.89,21.85,,21.87,,,32561,710224,318,F1,1,,,,,
10-09-2026,10-09-2026,CM,BSE,STK,514378,INE564C01013,YARNSYN,X,,,,,YARN SYNDICATE LTD.,13.06,13.95,13.01,13.19,13.4,13.36,,13.19,,,10348,136585,16,F1,1,,,,,
10-09-2026,10-09-2026,CM,BSE,STK,514386,INE004C01028,GUJCOTEX,X,,,,,GUJARAT COTEX LTD.,2.96,3.1,2.96,3.1,3.1,2.96,,3.1,,,2996767,9283798,414,F1,1,,,,,
10-09-2026,10-09-2026,CM,BSE,STK,514400,INE340D01016,GARWSYN,X,,,,,GARWARE SYNTHETICS LTD.,20.85,20.85,20,20.74,20.74,20.85,,20.74,,,12902,259172,27,F1,1,,,,,
10-09-2026,10-09-2026,CM,BSE,STK,514402,INE638N01012,ECOHOTELS,X,,,,,ECO HOTELS AND RESORTS LIMITED,11.22,11.22,11,11.22,11.22,10.69,,11.22,,,210627,2362988,60,F1,1,,,,,
10-09-2026,10-09-2026,CM,BSE,STK,514414,INE114D01015,OXFORDIN,XT,,,,,OXFORD INDUSTRIES LTD.,16.43,16.43,16.43,16.43,16.43,16.76,,16.43,,,478,7853,13,F1,1,,,,,
10-09-2026,10-09-2026,CM,BSE,STK,514418,INE370D01013,MANORG,B,,,,,MANGALAM ORGANICS LIMITED,480,490.4,460,460.65,460,481.45,,458.86,,,809,376197,265,F1,1,,,,,
10-09-2026,10-09-2026,CM,BSE,STK,514428,INE074C01013,HINDADH,B,,,,,HINDUSTAN ADHESIVES LTD.,365.15,366.2,354.4,366.2,366.2,362,,365.44,,,1214,439818,138,F1,1,,,,,
10-09-2026,10-09-2026,CM,BSE,STK,514440,INE439N01031,BPAGRI,B,,,,,Blue Pearl Agriventures Limite,8.77,8.77,8.13,8.48,8.51,8.52,,8.48,,,18530,155253,116,F1,1,,,,,
10-09-2026,10-09-2026,CM,BSE,STK,514442,INE009C01019,SRIKPRIND,T,,,,,SRI KPR INDUSTRIES LTD.,32.19,32.19,31.45,31.45,31.45,33.04,,31.43,,,1076,33856,8,F1,1,,,,,
10-09-2026,10-09-2026,CM,BSE,STK,514448,INE577D01013,JYOTIRES,B,,,,,JYOTI RESINS & ADHESIVES LTD.,868,879.4,859.9,876.95,875,868.85,,876.18,,,3027,2629990,224,F1,1,,,,,
10-09-2026,10-09-2026,CM,BSE,STK,514450,INE112D01035,MHLXMIRU,T,,,,,MAHALAXMI RUBTECH LTD.,160.2,164.7,158,158.8,158.8,165.75,,158.38,,,507,81034,22,F1,1,,,,,
10-09-2026,10-09-2026,CM,BSE,STK,514454,INE410M01018,SOUTLAT,XT,,,,,SOUTHERN LATEX LTD.,35.13,35.84,35.13,35.84,35.84,35.84,,35.84,,,1312,47014,7,F1,1,,,,,
10-09-2026,10-09-2026,CM,BSE,STK,514470,INE837B01031,WINSOMTX,X,,,,,WINSOME TEXTILE INDUSTRIES LTD,81.99,83.35,80,82.02,82,82.51,,82.02,,,4673,380343,64,F1,1,,,,,
10-09-2026,10-09-2026,CM,BSE,STK,515008,INE219W01012,MODINSU,XT,,,,,MODERN INSULATORS LTD.,422.25,443.35,419.1,443.35,443.35,422.25,,443.35,,,63619,28102485,501,F1,1,,,,,
10-09-2026,10-09-2026,CM,BSE,STK,515018,INE277C01012,REGENCERAM,B,,,,,REGENCY CERAMICS LTD.,34.69,36.39,34.69,36.3,36.3,34.68,,36.06,,,335,12155,5,F1,1,,,,,
10-09-2026,10-09-2026,CM,BSE,STK,515030,INE439A01020,ASAHIINDIA,A,,,,,ASAHI INDIA GLASS LTD.,967.75,992.95,967.7,976.3,977.5,969.7,,976.2,,,21974,21539298,1316,F1,1,,,,,
10-09-2026,10-09-2026,CM,BSE,STK,515037,INE692B01014,MURUDCERA,B,,,,,MURUDESHWAR CERAMICS LTD.,30.1,31.2,29.94,29.96,29.95,31.76,,30,,,4939,148442,73,F1,1,,,,,
10-09-2026,10-09-2026,CM,BSE,STK,515043,INE068B01017,SEKURITIND,B,,,,,SAINT-GOBAIN SEKURIT INDIA LTD,112.45,113.4,111.25,111.95,112.5,111.8,,112.31,,,4059,455749,142,F1,1,,,,,
10-09-2026,10-09-2026,CM,BSE,STK,515055,INE242C01024,ANANTRAJ,A,,,,,ANANT RAJ LIMITED,611,616.45,605.35,608.7,610,613.4,,608.85,,,47359,28853803,1377,F1,1,,,,,
10-09-2026,10-09-2026,CM,BSE,STK,515059,INE469C01023,MADHUDIN,X,,,,,MADHUSUDAN INDUSTRIES LTD.,35.06,36.99,34.68,36.35,36,35.39,,36.35,,,269,9846,26,F1,1,,,,,
10-09-2026,10-09-2026,CM,BSE,STK,515085,INE298E01022,RESTILE,X,,,,,RESTILE CERAMICS LTD.,8.59,8.59,7.13,7.3,7.52,7.83,,7.3,,,31557,230075,99,F1,1,,,,,
10-09-2026,10-09-2026,CM,BSE,STK,515093,INE925C01016,MADHAV,B,,,,,MADHAV MARBLES & GRANITES LTD.,38.15,39,34.4,37,37,36,,36.89,,,1973,73409,26,F1,1,,,,,
10-09-2026,10-09-2026,CM,BSE,STK,515147,INE506D01020,HALDYNGL,T,,,,,HALDYN GLASS LTD,138.1,145,138.1,141.95,143.9,141.7,,142.16,,,8287,1173414,89,F1,1,,,,,
10-09-2026,10-09-2026,CM,BSE,STK,516003,INE932D01010,DUROPLY,X,,,,,DUROPLY INDUSTRIES LIMITED,110,115,107.51,109.87,112,107.54,,109.87,,,9868,1098533,72,F1,1,,,,,
10-09-2026,10-09-2026,CM,BSE,STK,516016,INE231C01019,SHREYANIND,B,,,,,SHREYANS INDUSTRIES LTD.,132,136.65,132,135.45,135,132.15,,135.46,,,210,28310,17,F1,1,,,,,
10-09-2026,10-09-2026,CM,BSE,STK,516020,INE112C01011,AGIOPAPER,X,,,,,AGIO PAPER & INDUSTRIES LTD.,3.7,3.7,3.69,3.69,3.69,3.68,,3.69,,,232,856,5,F1,1,,,,,
10-09-2026,10-09-2026,CM,BSE,STK,516022,INE733A01018,STARPAPER,B,,,,,STAR PAPER MILLS LTD.,161.1,171.95,161.1,169.4,170.4,161.1,,169.8,,,8001,1350032,195,F1,1,,,,,
10-09-2026,10-09-2026,CM,BSE,STK,516030,INE551D01018,PAKKA,B,,,,,PAKKA LIMITED,78.33,78.47,76,76.22,76,77.95,,76.28,,,15279,1179697,193,F1,1,,,,,
10-09-2026,10-09-2026,CM,BSE,STK,516032,INE385D01029,TAHMARENT,XT,,,,,TAHMAR ENTERPRISES LIMITED,3.85,3.85,3.51,3.57,3.51,3.69,,3.57,,,41767,158393,79,F1,1,,,,,
10-09-2026,10-09-2026,CM,BSE,STK,516038,INE737E01011,KSSMART,X,,,,,KS Smart Technologies Limited,111,114.45,108.3,113.15,113.15,110.5,,113.15,,,3647,407663,71,F1,1,,,,,
10-09-2026,10-09-2026,CM,BSE,STK,516062,INE497C01016,NATPLY,Z,,,,,NATIONAL PLYWOOD INDUSTRIES LT,2.55,2.55,2.55,2.55,2.55,2.55,,2.55,,,1,2,1,F1,1,,,,,
10-09-2026,10-09-2026,CM,BSE,STK,516064,INE570D01018,ARROWGREEN,T,,,,,Arrow Greentech Limited,815.75,815.75,786,793.6,800,799.75,,792.01,,,1053,835172,32,F1,1,,,,,
10-09-2026,10-09-2026,CM,BSE,STK,516072,INE270I01022,VISHNU,B,,,,,VISHNU CHEMICALS LTD.,705.5,726.3,705.3,723.05,722.2,709.5,,723.78,,,5708,4102944,365,F1,1,,,,,
10-09-2026,10-09-2026,CM,BSE,STK,516078,INE699D01015,JUMBO,XT,,,,,JUMBO BAG LTD.,92.5,92.5,87.16,89.99,89.99,89.53,,89.99,,,2790,249456,42,F1,1,,,,,
10-09-2026,10-09-2026,CM,BSE,STK,516082,INE740D01017,NRAIL,B,,,,,N.R.AGARWAL INDUSTRIES LTD.,622.45,710,589.65,598.95,590,612.55,,596.16,,,6002,3638201,630,F1,1,,,,,
10-09-2026,10-09-2026,CM,BSE,STK,516092,INE105C01023,3PLAND,B,,,,,3P LAND HOLDINGS LTD.,31.8,34.03,31.65,34.03,34.03,31.8,,33.02,,,1501,47558,28,F1,1,,,,,
10-09-2026,10-09-2026,CM,BSE,STK,516096,INE384D01022,SANPA,X,,,,,SANGAL PAPERS LTD.,200,207.7,188.65,189.05,189,197.9,,189.05,,,603,121419,11,F1,1,,,,,
10-09-2026,10-09-2026,CM,BSE,STK,516098,INE810C01044,VENTURA,X,,,,,VENTURA TEXTILES LTD.,8.57,8.88,8.05,8.07,8.06,8.5,,8.07,,,3303,27507,31,F1,1,,,,,
10-09-2026,10-09-2026,CM,BSE,STK,516106,INE538D01015,SHKARTP,X,,,,,SHREE KARTHIK PAPERS LTD.,8.13,8.2,8,8.11,8.13,7.97,,8.11,,,5519,44402,46,F1,1,,,,,
10-09-2026,10-09-2026,CM,BSE,STK,516108,INE088G01014,STHINPA,X,,,,,SOUTH INDIA PAPER MILLS LTD.,115.25,120.15,115.25,117.1,116.5,115.55,,117.1,,,10810,1282652,96,F1,1,,,,,
10-09-2026,10-09-2026,CM,BSE,STK,516110,INE146N01016,FAMILYCARE,X,,,,,FAMILY CARE HOSPITALS LIMITED,2,2.02,1.96,2,2,1.98,,2,,,36430,72419,150,F1,1,,,,,
10-09-2026,10-09-2026,CM,BSE,STK,517015,INE707A01012,VINDHYATEL,B,,,,,VINDHYA TELELINKS LTD.,2926.9,2945,2802,2815,2839.65,2919.2,,2818.22,,,2199,6305388,375,F1,1,,,,,
10-09-2026,10-09-2026,CM,BSE,STK,517035,INE302D01024,RIR,B,,,,,RIR POWER ELECTRONICS LIMITED,184.2,191,176.15,177.45,177.45,184.9,,177.39,,,191889,35207932,2605,F1,1,,,,,
10-09-2026,10-09-2026,CM,BSE,STK,517041,INE045A01017,ADOR,B,,,,,ADOR WELDING LTD.,1626,1638.1,1611,1622.05,1622,1629.85,,1623.38,,,936,1519011,125,F1,1,,,,,
10-09-2026,10-09-2026,CM,BSE,STK,517059,INE457F01013,SALZERELEC,B,,,,,SALZER ELECTRONICS LTD.,552.9,554.9,546.15,547.65,546.15,552,,550.13,,,1761,968753,114,F1,1,,,,,
10-09-2026,10-09-2026,CM,BSE,STK,517063,INE919C01019,JETKINGQ,X,,,,,JETKING INFOTRAIN LTD.,123.4,132.55,121.5,123.25,123.85,126.5,,123.25,,,18091,2291712,281,F1,1,,,,,
10-09-2026,10-09-2026,CM,BSE,STK,517077,INE115E01010,INDAGIV,XT,,,,,IND-AGIV COMMERCE LTD.,36.5,36.5,36.5,36.5,36.5,36.5,,36.5,,,20,730,1,F1,1,,,,,
10-09-2026,10-09-2026,CM,BSE,STK,517096,INE273A01015,APLAB,X,,,,,APLAB LTD.,75.9,78,71.05,75.69,75.7,72.04,,75.69,,,8327,632481,65,F1,1,,,,,
10-09-2026,10-09-2026,CM,BSE,STK,517119,INE834B01012,PCS,X,,,,,PCS TECHNOLOGY LTD.,18.91,19.5,18.53,18.61,18.53,19.3,,18.61,,,4589,88154,39,F1,1,,,,,
10-09-2026,10-09-2026,CM,BSE,STK,517146,INE228A01035,USHAMART,A,,,,,USHA MARTIN LTD.,494.6,497.6,490.6,495.5,497.6,498.25,,495.75,,,15349,7578558,907,F1,1,,,,,
10-09-2026,10-09-2026,CM,BSE,STK,517168,INE287B01021,SUBROS,B,,,,,SUBROS LTD.,732.45,732.45,709.8,711.8,711,728,,712.58,,,3779,2696126,476,F1,1,,,,,
10-09-2026,10-09-2026,CM,BSE,STK,517170,INE125G01014,EDVENSWA,X,,,,,Edvenswa Enterprises Limited,21.65,22.48,21.51,22.3,22.3,22.27,,22.3,,,7067,156833,38,F1,1,,,,,
10-09-2026,10-09-2026,CM,BSE,STK,517172,INE443P01038,PERVASIVE,XT,,,,,Pervasive Commodities Limited,9.39,9.42,9.39,9.42,9.42,9.24,,9.42,,,5700,53570,17,F1,1,,,,,
10-09-2026,10-09-2026,CM,BSE,STK,517174,INE671A01010,HONAUT,A,,,,,HONEYWELL AUTOMATION INDIA LTD,34403.4,34403.4,34000,34123.1,34140,34159.35,,34149.72,,,27,922924,20,F1,1,,,,,
10-09-2026,10-09-2026,CM,BSE,STK,517201,INE311D01017,SWITCHTE,XT,,,,,SWITCHING TECHNOLOGIES GUNTHER,122,130,121.05,121.55,121.5,127.4,,121.55,,,7835,950680,28,F1,1,,,,,
10-09-2026,10-09-2026,CM,BSE,STK,517206,INE162B01018,LUMAXIND,B,,,,,LUMAX INDUSTRIES LTD.,6198,6209,5773.5,5858.85,5897.8,6215,,5860.96,,,2133,12600164,590,F1,1,,,,,
10-09-2026,10-09-2026,CM,BSE,STK,517214,INE927C01020,DIGISPICE,B,,,,,DIGISPICE TECHNOLOGIES LIMITED,16.49,16.8,15.83,16.35,16.3,16.34,,16.5,,,9736,159672,55,F1,1,,,,,
10-09-2026,10-09-2026,CM,BSE,STK,517230,INE766A01026,AURIQUE,XT,,,,,AURIQUE LIMITED,19.81,19.81,19.81,19.81,19.81,18.87,,19.81,,,13,257,2,F1,1,,,,,
10-09-2026,10-09-2026,CM,BSE,STK,517236,INE216C01010,CALCOM,X,,,,,CALCOM VISION LTD.,70.54,73.9,70.54,72.3,72.3,71.98,,72.3,,,190,13752,20,F1,1,,,,,
10-09-2026,10-09-2026,CM,BSE,STK,517238,INE083E01010,DYNAVSN,X,,,,,DYNAVISION LTD.,245.9,254,245.9,250,250,241.1,,250,,,80,19997,13,F1,1,,,,,
10-09-2026,10-09-2026,CM,BSE,STK,517246,INE788D01016,BCCFUBA,X,,,,,BCC FUBA INDIA LTD.,246.8,248.4,242.5,248.4,248.4,236.6,,248.4,,,77938,19324103,453,F1,1,,,,,
10-09-2026,10-09-2026,CM,BSE,STK,517258,INE143C01024,PRECISIO,XT,,,,,PRECISION ELECTRONICS LTD.,162,164.1,162,164,164,164.05,,164,,,310,50712,15,F1,1,,,,,
10-09-2026,10-09-2026,CM,BSE,STK,517264,INE087E01011,FINELINE,X,,,,,FINE-LINE CIRCUITS LTD.,70.7,70.7,65,65.11,65.25,67.5,,65.11,,,849,56382,18,F1,1,,,,,
10-09-2026,10-09-2026,CM,BSE,STK,517271,INE292B01021,HBLENGINE,A,,,,,HBL ENGINEERING LIMITED,727.05,740,717.4,720.8,720.8,731.25,,720.91,,,170139,123537510,5161,F1,1,,,,,
10-09-2026,10-09-2026,CM,BSE,STK,517273,INE902B01017,S&SPOWER,B,,,,,S&S POWER SWITCHGEAR LTD.,340,349.8,340,340.05,340.05,340,,342.53,,,193,66703,66,F1,1,,,,,
10-09-2026,10-09-2026,CM,BSE,STK,517286,INE335Q01026,RNITAI,XT,,,,,RNIT AI SOLUTIONS LIMITED,100,102,98.5,99.08,99,99.63,,99.08,,,42555,4235452,266,F1,1,,,,,
10-09-2026,10-09-2026,CM,BSE,STK,517288,INE541F01022,GUJARATPOLY,XT,,,,,Gujarat Poly Electronics Limit,64.65,64.65,61.9,62.02,61.9,64.27,,62.02,,,1365,85119,73,F1,1,,,,,
10-09-2026,10-09-2026,CM,BSE,STK,517300,INE162A01010,GIPCL,B,,,,,GUJARAT INDUSTRIES POWER CO.LT,202.25,204.4,200.75,201.6,202.15,200.95,,201.32,,,36464,7355213,679,F1,1,,,,,
10-09-2026,10-09-2026,CM,BSE,STK,517320,INE898E01011,MAGNUS,XT,,,,,MAGNUS STEEL AND INFRA LIMITED,21.68,21.73,21.32,21.73,21.73,20.7,,21.73,,,28670,621703,234,F1,1,,,,,
10-09-2026,10-09-2026,CM,BSE,STK,517334,INE775A01035,MOTHERSON,A,,,,,Samvardhana Motherson Internat,163.5,164.05,162.35,164,164,163.8,,163.23,,,317292,51797292,3783,F1,1,,,,,
10-09-2026,10-09-2026,CM,BSE,STK,517336,INE834C01028,MODMA,P,,,,,MODERN MALLEABLES LTD.,44.01,44.01,43.45,43.45,43.45,45.73,,43.45,,,5500,240124,12,F1,100,,,,,
10-09-2026,10-09-2026,CM,BSE,STK,517344,INE110B01017,MINDTECK,B,,,,,MINDTECK (INDIA) LTD.,163.65,164.3,158.75,160,160.6,162.15,,160,,,1593,256194,90,F1,1,,,,,
10-09-2026,10-09-2026,CM,BSE,STK,517354,INE176B01034,HAVELLS,A,,,,,HAVELLS INDIA LTD.,1120,1125.7,1105.75,1116,1116,1121.1,,1116,,,68700,76314865,4858,F1,1,,,,,
10-09-2026,10-09-2026,CM,BSE,STK,517356,INE167B01025,ACIIN,XT,,,,,ACI INFOCOM LTD.,2.37,2.37,2.37,2.37,2.37,2.41,,2.37,,,214486,508331,61,F1,1,,,,,
10-09-2026,10-09-2026,CM,BSE,STK,517360,INE689V01018,SBECSYS,X,,,,,SBEC SYSTEMS (INDIA) LTD.,20.85,20.85,19.31,19.35,19.36,19.3,,19.35,,,419,8103,9,F1,1,,,,,
10-09-2026,10-09-2026,CM,BSE,STK,517370,INE437C01012,INCAP,X,,,,,INCAP LTD.,85.79,85.79,83,85.2,85.78,82.01,,85.2,,,63,5314,9,F1,1,,,,,
10-09-2026,10-09-2026,CM,BSE,STK,517372,INE877E01015,GUJINTRX,X,,,,,GUJARAT INTRUX LTD.,447,449,440,446.05,447,445.25,,446.05,,,7039,3138289,185,F1,1,,,,,
10-09-2026,10-09-2026,CM,BSE,STK,517380,INE188B01013,IGARASHI,B,,,,,IGARASHI MOTORS INDIA LTD.,411.55,414.05,406.4,408.85,406.4,408.85,,408.32,,,996,409573,93,F1,1,,,,,
10-09-2026,10-09-2026,CM,BSE,STK,517385,INE225D01027,SYMPHONY,B,,,,,SYMPHONY LIMITED,612.5,617.85,603.8,606.35,603.95,618.7,,606.91,,,7247,4423378,373,F1,1,,,,,
10-09-2026,10-09-2026,CM,BSE,STK,517393,INE043B01028,REGANTO,Z,,,,,REGANTO ENTERPRISES LIMITED,4.4,4.42,4.21,4.21,4.21,4.43,,4.21,,,226974,973392,445,F1,1,,,,,
10-09-2026,10-09-2026,CM,BSE,STK,517397,INE648E01010,PANELEC,X,,,,,PAN ELECTRONICS INDIA LTD.,27.48,29.64,25.72,27.7,27.7,26.09,,27.7,,,1528,42243,29,F1,1,,,,,
10-09-2026,10-09-2026,CM,BSE,STK,517399,INE756A01019,VXLINSTR,XT,,,,,VXL INSTRUMENTS LTD.,3.12,3.12,2.84,3.12,3.12,2.98,,3.12,,,2922,9061,14,F1,1,,,,,
10-09-2026,10-09-2026,CM,BSE,STK,517411,INE635A01023,SHYAMTEL,B,,,,,SHYAM TELECOM LTD.,11.52,11.52,11,11.22,11.22,11.52,,11.5,,,369,4061,3,F1,1,,,,,
10-09-2026,10-09-2026,CM,BSE,STK,517415,INE791B01014,LEENEE,T,,,,,LEE & NEE SOFTWARES (EXPORTS),8.1,8.34,7.75,8.1,7.82,8.1,,8.1,,,696,5527,10,F1,1,,,,,
10-09-2026,10-09-2026,CM,BSE,STK,517417,INE082C01024,PATELSAI,X,,,,,PATELS AIRTEMP (INDIA) LTD.,269,275.85,268.1,274.3,274.45,272.45,,274.3,,,3787,1031081,97,F1,1,,,,,
10-09-2026,10-09-2026,CM,BSE,STK,517421,INE295F01017,BUTTERFLY,B,,,,,BUTTERFLY GANDHIMATHI APPLIANC,621.95,621.95,608.7,608.85,608.7,614.45,,610.31,,,199,121682,34,F1,1,,,,,
10-09-2026,10-09-2026,CM,BSE,STK,517429,INE576B01019,ATHENAGLO,X,,,,,Athena Global Technologies Lim,52,53.8,50.71,51.6,53.8,51.25,,51.6,,,1839,95451,16,F1,1,,,,,
10-09-2026,10-09-2026,CM,BSE,STK,517431,INE060D01028,NARMP,X,,,,,NARMADA MACPLAST DRIP IRRIGATI,23.8,24,23.5,23.52,23.87,23.63,,23.52,,,15165,359073,172,F1,1,,,,,
10-09-2026,10-09-2026,CM,BSE,STK,517437,INE940C01015,DUTRON,X,,,,,DUTRON POLYMERS LTD.,107.15,107.15,105.05,107.15,107.15,102.05,,107.15,,,342,36585,13,F1,1,,,,,
10-09-2026,10-09-2026,CM,BSE,STK,517447,INE165B01029,RSSOFTWARE,B,,,,,R.S.SOFTWARE INDIA LTD.,29.94,29.94,29.89,29.89,29.89,29.45,,29.21,,,70,2093,2,F1,1,,,,,
10-09-2026,10-09-2026,CM,BSE,STK,517449,INE437D01010,MAGNAELQ,X,,,,,MAGNA ELECTRO CASTINGS LTD.,1460,1460,1373.3,1422.6,1422.6,1439.4,,1422.6,,,1275,1805284,82,F1,1,,,,,
10-09-2026,10-09-2026,CM,BSE,STK,517467,INE415B01044,MARSONS,B,,,,,MARSONS LIMITED,134.05,141.5,124.3,125.3,126.2,135.1,,125.38,,,287842,38143421,1827,F1,1,,,,,
10-09-2026,10-09-2026,CM,BSE,STK,517477,INE033C01019,ELNET,X,,,,,ELNET TECHNOLOGIES LTD.,311,314.45,308.2,308.5,313,314.15,,308.5,,,2081,645013,43,F1,1,,,,,
10-09-2026,10-09-2026,CM,BSE,STK,517494,INE258C01038,ACCEL,X,,,,,ACCEL LIMITED,12.6,14.9,11.19,13.3,13.3,12.43,,13.3,,,122082,1546010,343,F1,1,,,,,
10-09-2026,10-09-2026,CM,BSE,STK,517498,INE855C01023,WEBELSOLAR,A,,,,,WEBSOL ENERGY SYSTEM LTD.,79.09,79.34,75.1,75.49,75.66,78.27,,75.39,,,143529,10946127,2521,F1,1,,,,,
10-09-2026,10-09-2026,CM,BSE,STK,517500,INE535D01037,ROTO,B,,,,,ROTO PUMPS LTD.,66.18,67.2,64.91,65.16,65.41,65.48,,65.08,,,32038,2116840,285,F1,1,,,,,
10-09-2026,10-09-2026,CM,BSE,STK,517506,INE690A01028,TTKPRESTIG,B,,,,,TTK PRESTIGE LTD.,543.65,548,538,540.1,538,541.25,,540.2,,,1580,857780,160,F1,1,,,,,
10-09-2026,10-09-2026,CM,BSE,STK,517514,INE589D01018,DHINDIA,X,,,,,D&H INDIA LTD,191.3,191.3,191.3,191.3,191.3,182.2,,191.3,,,7085,1355360,53,F1,1,,,,,
10-09-2026,10-09-2026,CM,BSE,STK,517522,INE451D01029,RAJRATAN,B,,,,,RAJRATAN GLOBAL WIRE LTD.,528.6,534.55,506.55,509.45,508,520.55,,509.65,,,8923,4658371,350,F1,1,,,,,
10-09-2026,10-09-2026,CM,BSE,STK,517530,INE130B01031,SURANAT&P,B,,,,,SURANA TELECOM AND POWER LIMIT,16.3,16.37,16.01,16.05,16.05,16.16,,16.05,,,7785,125454,192,F1,1,,,,,
10-09-2026,10-09-2026,CM,BSE,STK,517536,INE229A01017,ONWARDTEC,B,,,,,ONWARD TECHNOLOGIES LTD.,285.35,297,285.35,287.45,291,287.25,,288.5,,,5172,1506817,335,F1,1,,,,,
10-09-2026,10-09-2026,CM,BSE,STK,517544,INE320B01020,CENTUM,B,,,,,CENTUM ELECTRONICS LTD.,4250.5,4299.65,4195,4212.1,4205,4249.8,,4210.47,,,1977,8387461,285,F1,1,,,,,
10-09-2026,10-09-2026,CM,BSE,STK,517546,INE209C01015,ALFATRAN,X,,,,,ALFA TRANSFORMERS LTD.,34.8,34.8,33.36,34.04,34.28,34.29,,34.04,,,5415,182248,71,F1,1,,,,,
10-09-2026,10-09-2026,CM,BSE,STK,517554,INE141C01036,NHCFOODS,XT,,,,,NHC FOODS LTD.,2.12,2.12,2.12,2.12,2.12,2.23,,2.12,,,1477272,3131816,1033,F1,1,,,,,
10-09-2026,10-09-2026,CM,BSE,STK,517556,INE362A01016,PVP,B,,,,,PVP VENTURES LTD.,65.75,67.17,63.47,66.17,66.3,64.46,,66.11,,,163524,10786231,961,F1,1,,,,,
10-09-2026,10-09-2026,CM,BSE,STK,517562,INE948A01012,TRIGYN,B,,,,,TRIGYN TECHNOLOGIES LTD.,57,59.12,56.97,57.12,57,58.32,,57.04,,,5441,314254,86,F1,1,,,,,
10-09-2026,10-09-2026,CM,BSE,STK,517569,INE878B01027,KEI,A,,,,,KEI INDUSTRIES LTD.,4673.6,4711.45,4580.45,4636.9,4636.9,4664,,4639.98,,,142809,657724564,3358,F1,1,,,,,
10-09-2026,10-09-2026,CM,BSE,STK,518011,INE145L01012,KEERTHI,X,,,,,KEERTHI INDUSTRIES LTD.,41,41,39.55,39.78,40,40.04,,39.78,,,602,24114,12,F1,1,,,,,
10-09-2026,10-09-2026,CM,BSE,STK,518053,INE827D01020,SRICC,X,,,,,Sri Chakra Cement Limited,37.9,37.9,33.76,35.3,35.3,35.5,,35.3,,,1100,38287,19,F1,1,,,,,
10-09-2026,10-09-2026,CM,BSE,STK,518075,INE069E01019,SURAJ,Z,,,,,SURAJ PRODUCTS LTD.,264.65,268.45,251.45,251.55,264,264.65,,251.55,,,7364,1864752,102,F1,1,,,,,
10-09-2026,10-09-2026,CM,BSE,STK,518091,INE071F01012,APCL,B,,,,,ANJANI PORTLAND CEMENT LTD.,100,100,99,99,99,101.37,,98.7,,,1031,102071,38,F1,1,,,,,
10-09-2026,10-09-2026,CM,BSE,STK,519003,INE537F01012,MODINATUR,B,,,,,MODI NATURALS LIMITED,357.65,364.15,355.45,357.75,360,350.55,,355.32,,,30,10747,11,F1,1,,,,,
10-09-2026,10-09-2026,CM,BSE,STK,519031,INE455D01012,SHAHFOOD,XT,,,,,SHAH FOODS LTD.,397.8,439,397.8,410,410,418.7,,410,,,879,369802,39,F1,1,,,,,
10-09-2026,10-09-2026,CM,BSE,STK,519091,INE488B01017,TASTYBITE,B,,,,,TASTY BITE EATABLES LTD.,9790,10361.7,9661.2,10213.8,10250,9792.1,,10201.14,,,338,3413986,117,F1,1,,,,,
10-09-2026,10-09-2026,CM,BSE,STK,519097,INE534D01014,RITESHIN,XT,,,,,RITESH INTERNATIONAL LTD.,79,79,76.9,78.09,77.2,79.01,,78.09,,,9038,709485,40,F1,1,,,,,
10-09-2026,10-09-2026,CM,BSE,STK,519105,INE488D01021,AVTNPL,B,,,,,AVT NATURAL PRODUCTS LTD.,92.65,93,90.01,90.85,90.9,92.21,,90.61,,,18383,1673620,169,F1,1,,,,,
10-09-2026,10-09-2026,CM,BSE,STK,519126,INE254N01026,HNDFDS,B,,,,,HINDUSTAN FOODS LTD.,608.45,622.3,608.45,618.25,618.2,612.95,,619.87,,,2409,1491554,142,F1,1,,,,,
10-09-2026,10-09-2026,CM,BSE,STK,519136,INE289A01011,NAHARINDUS,B,,,,,NAHAR INDUSTRIAL ENTERPRISES L,133.8,141,128,132.2,132.2,134.5,,133.86,,,1613,219609,37,F1,1,,,,,
10-09-2026,10-09-2026,CM,BSE,STK,519152,INE693D01018,VADILENT,B,,,,,VADILAL ENTERPRISES LTD.,10500,10500,10460,10471,10460,10470,,10471,,,22,230620,10,F1,1,,,,,
10-09-2026,10-09-2026,CM,BSE,STK,519156,INE694D01016,VADILALIND,B,,,,,VADILAL INDUSTRIES LTD.,7411,7501.6,7168.5,7236.45,7236.45,7423.75,,7256.02,,,849,6259240,235,F1,1,,,,,
10-09-2026,10-09-2026,CM,BSE,STK,519174,INE709D01012,ASHAI,XT,,,,,ASHIANA AGRO INDUSTRIES LTD.,12.07,12.07,10.93,11.87,11.8,11.5,,11.87,,,190,2174,13,F1,1,,,,,
10-09-2026,10-09-2026,CM,BSE,STK,519183,INE982B01027,ADFFOODS,B,,,,,ADF FOODS LTD.,278,278.05,270.9,272.9,272,277.9,,274.02,,,2130,583321,70,F1,1,,,,,
10-09-2026,10-09-2026,CM,BSE,STK,519191,INE601N01010,RGRL,Z,,,,,Retro Green Revolution Limited,1.25,1.28,1.2,1.24,1.24,1.23,,1.24,,,39293,48952,41,F1,1,,,,,
10-09-2026,10-09-2026,CM,BSE,STK,519214,INE188E01017,WILLIMFI,X,,,,,WILLIAMSON FINANCIAL SERVICES,5.09,5.09,4.66,4.96,4.96,4.85,,4.96,,,8212,40862,17,F1,1,,,,,
10-09-2026,10-09-2026,CM,BSE,STK,519216,INE601B01023,AJANTSOY,X,,,,,AJANTA SOYA LTD.,23.3,23.49,23,23.11,23.01,23.13,,23.11,,,35015,810096,107,F1,1,,,,,
10-09-2026,10-09-2026,CM,BSE,STK,519230,INE102C01020,KISAAN,X,,,,,KISAAN PARIVAR INDUSTRIES LIMI,12.74,12.74,11.67,12.31,12.31,12.23,,12.31,,,1143,14329,17,F1,1,,,,,
10-09-2026,10-09-2026,CM,BSE,STK,519234,INE843L01012,SIEL,B,,,,,SUPERIOR INDUSTRIAL ENTERPRISE,30,30.98,30,30.33,30.98,30.54,,30.19,,,30,909,2,F1,1,,,,,
10-09-2026,10-09-2026,CM,BSE,STK,519238,INE233P01017,SPTRSHI,X,,,,,SAPTARISHI AGRO INDUSTRIES LTD,26.9,26.9,25.55,26.4,26.4,25.5,,26.4,,,287,7580,8,F1,1,,,,,
10-09-2026,10-09-2026,CM,BSE,STK,519242,INE995U01011,SRDAPRT,X,,,,,SARDA PROTEINS LTD.,107.25,107.25,107.25,107.25,107.25,102.15,,107.25,,,5623,603066,19,F1,1,,,,,
10-09-2026,10-09-2026,CM,BSE,STK,519260,INE890C01046,SANWARIA,Z,,,,,SANWARIA CONSUMER LIMITED,0.49,0.49,0.49,0.49,0.49,0.49,,0.19,,,2246,1100,7,F1,1,,,,,
10-09-2026,10-09-2026,CM,BSE,STK,519262,INE297D01018,PRIMAGR,X,,,,,PRIMA AGRO LTD.,15.15,16.39,15.05,15.05,15.05,15.75,,15.05,,,1050,15853,8,F1,1,,,,,
10-09-2026,10-09-2026,CM,BSE,STK,519285,INE906C01016,TARAI,Z,,,,,TARAI FOODS LTD.,4.62,4.62,4.53,4.53,4.53,4.4,,4.53,,,97,444,7,F1,1,,,,,
10-09-2026,10-09-2026,CM,BSE,STK,519287,INE617B01011,MODAIRY,X,,,,,MODERN DAIRIES LTD.,36.99,37.25,35.53,35.73,35.71,36.31,,35.73,,,3478,126838,33,F1,1,,,,,
10-09-2026,10-09-2026,CM,BSE,STK,519295,INE921D01013,BAMBINO,X,,,,,BAMBINO AGRO INDUSTRIES LTD.,243.4,250,233.05,241.35,240.6,241.1,,241.35,,,2679,655653,61,F1,1,,,,,
10-09-2026,10-09-2026,CM,BSE,STK,519299,INE543F01028,PRIMIND,X,,,,,PRIME INDUSTRIES LTD.,41.75,41.75,38.14,40.73,41,40.98,,40.73,,,3837,154781,31,F1,1,,,,,
10-09-2026,10-09-2026,CM,BSE,STK,519307,INE706A01022,VIKASWSP,Z,,,,,VIKAS WSP LTD.,0.94,0.94,0.88,0.89,0.91,0.9,,0.89,,,203592,183937,83,F1,1,,,,,
10-09-2026,10-09-2026,CM,BSE,STK,519331,INE923K01014,VSFPROJ,X,,,,,VSF PROJECTS LTD.,32.88,32.88,30.88,32.65,32.65,31.41,,32.65,,,14,436,4,F1,1,,,,,
10-09-2026,10-09-2026,CM,BSE,STK,519353,INE856E01019,NOVYRA,ZP,,,,,NOVYRA PHARMACHEM LIMITED,10.14,10.14,10.14,10.14,10.14,10.67,,10.14,,,800,8112,3,F1,100,,,,,
10-09-2026,10-09-2026,CM,BSE,STK,519359,INE809E01018,POONADAL,X,,,,,POONA DAL & OIL INDUSTRIES LTD,59,60.32,58.5,58.77,58.51,59.38,,58.77,,,5303,317792,28,F1,1,,,,,
10-09-2026,10-09-2026,CM,BSE,STK,519397,INE220Z01013,SHINDL,B,,,,,SHARAT INDUSTRIES LTD.,161.55,162.4,160.15,162.25,162.4,160.55,,162.01,,,7406,1200956,23,F1,1,,,,,
10-09-2026,10-09-2026,CM,BSE,STK,519421,INE953E01022,KSE,B,,,,,KSE LTD.,180.3,180.3,177.85,178.65,179.7,177.5,,178.69,,,598,107156,39,F1,1,,,,,
10-09-2026,10-09-2026,CM,BSE,STK,519457,INE295C01014,VIRATCRA,X,,,,,VIRAT CRANE INDUSTRIES LTD.,32.8,32.8,32.06,32.64,32.64,32.92,,32.64,,,124,4065,7,F1,1,,,,,
10-09-2026,10-09-2026,CM,BSE,STK,519463,INE678B01039,IBINFO,X,,,,,IB INFOTECH ENTERPRISES LTD.,33.85,33.87,32.15,33.6,33.6,32.26,,33.6,,,1494,49925,23,F1,1,,,,,
10-09-2026,10-09-2026,CM,BSE,STK,519471,INE072V01017,AMBARPIL,XT,,,,,Ambar Protein Industries Limit,230.9,239.8,222,239.8,239.8,230.9,,239.8,,,121,27770,10,F1,1,,,,,
10-09-2026,10-09-2026,CM,BSE,STK,519475,INE975C01011,CHORDIA,X,,,,,CHORDIA FOOD PRODUCTS LTD.,109.49,111.54,108.21,111.54,111.54,106.23,,111.54,,,2004,222083,32,F1,1,,,,,
10-09-2026,10-09-2026,CM,BSE,STK,519477,INE052V01019,CIANAGRO,B,,,,,CIAN Agro Ind & Infra Ltd,1350,1350,1306.75,1314.5,1314.5,1338.05,,1314.5,,,32703,43179636,1781,F1,1,,,,,
10-09-2026,10-09-2026,CM,BSE,STK,519479,INE112B01013,OMEAG,X,,,,,OMEGA AG-SEEDS (PUNJAB) LTD.,9.1,9.1,9,9,9,9.1,,9,,,45,405,5,F1,1,,,,,
10-09-2026,10-09-2026,CM,BSE,STK,519483,INE358D01018,TAIIND,X,,,,,TAI INDUSTRIES LTD.,27,27,24.41,26.72,26.74,27.5,,26.72,,,113,3022,11,F1,1,,,,,
10-09-2026,10-09-2026,CM,BSE,STK,519494,INE542C01019,NKIND,B,,,,,N.K.INDUSTRIES LTD.,72.8,72.8,56.8,56.8,56.8,60.68,,56.6,,,277,16129,17,F1,1,,,,,
10-09-2026,10-09-2026,CM,BSE,STK,519500,INE356C01022,BKV,X,,,,,BKV INDUSTRIES LTD.,9.48,9.48,8.76,9.48,9.48,9.48,,9.48,,,427,3852,16,F1,1,,,,,
10-09-2026,10-09-2026,CM,BSE,STK,519528,INE369C01017,NORBTEAEXP,B,,,,,NORBEN TEA & EXPORTS LTD.,65,65,65,65,65,68.4,,64.15,,,1,65,1,F1,1,,,,,
10-09-2026,10-09-2026,CM,BSE,STK,519532,INE822B01017,ASIANTNE,B,,,,,ASIAN TEA & EXPORTS LTD.,9.4,9.85,9.16,9.46,9.58,9.95,,9.32,,,6516,61305,62,F1,1,,,,,
10-09-2026,10-09-2026,CM,BSE,STK,519552,INE978A01027,HERITGFOOD,B,,,,,HERITAGE FOODS LIMITED,380.05,403,376.8,398.1,399.6,379.8,,398.05,,,79310,31361798,1464,F1,1,,,,,
10-09-2026,10-09-2026,CM,BSE,STK,519566,INE354D01017,SIMRAN,X,,,,,SIMRAN FARMS LTD.,176.4,189.9,176.4,186.85,186,184.6,,186.85,,,2306,430638,82,F1,1,,,,,
10-09-2026,10-09-2026,CM,BSE,STK,519574,INE092301014,HINDUST,X,,,,,HINDUSTAN AGRIGENETICS LTD.,39.8,40.6,39.5,39.6,39.6,39.35,,39.6,,,2602,104167,28,F1,1,,,,,
10-09-2026,10-09-2026,CM,BSE,STK,519600,INE421D01022,CCL,A,,,,,CCL PRODUCTS (INDIA) LTD.,1105.95,1105.95,1088.65,1094.85,1093.2,1103.6,,1096.79,,,864,946229,104,F1,1,,,,,
10-09-2026,10-09-2026,CM,BSE,STK,519602,INE164B01030,KELLTONTEC,B,,,,,KELLTON TECH SOLUTIONS LTD.,13.61,13.74,13.45,13.53,13.5,13.62,,13.51,,,170735,2320069,375,F1,1,,,,,
10-09-2026,10-09-2026,CM,BSE,STK,519604,INE565E01016,SURFI,X,,,,,SURYO FOODS & INDUSTRIES LTD.,17.56,17.56,17.5,17.51,17.5,18.35,,17.51,,,345,6047,7,F1,1,,,,,
10-09-2026,10-09-2026,CM,BSE,STK,519606,INE177M01021,INTEGFD,XT,,,,,INTEGRATED PROTEINS LTD.,14.8,14.8,14.8,14.8,14.8,15.1,,14.8,,,50646,749560,28,F1,1,,,,,
10-09-2026,10-09-2026,CM,BSE,STK,519612,INE734D01010,LAKESHORE,X,,,,,LAKE SHORE REALTY LIMITED,64.99,64.99,60.55,63,63,64.79,,63,,,996,62450,35,F1,1,,,,,
10-09-2026,10-09-2026,CM,BSE,STK,520008,INE209B01025,RICOAUTO,B,,,,,RICO AUTO INDUSTRIES LTD.,129.8,131.3,129.65,130.25,130.25,130.45,,130.31,,,43016,5613651,477,F1,1,,,,,
10-09-2026,10-09-2026,CM,BSE,STK,520021,INE090B01011,OMAXAUTO,B,,,,,OMAX AUTOS LTD.,176,178.25,174.65,178.1,178.1,176.1,,176.45,,,1747,308098,177,F1,1,,,,,
10-09-2026,10-09-2026,CM,BSE,STK,520043,INE577A01027,MUNJALSHOW,B,,,,,MUNJAL SHOWA LTD.,128.25,128.75,126.5,128.7,128.7,128.95,,127.07,,,1117,142162,32,F1,1,,,,,
10-09-2026,10-09-2026,CM,BSE,STK,520051,INE039C01032,JAMNAAUTO,A,,,,,JAMNA AUTO INDUSTRIES LTD.,128.65,133.85,128.65,131.75,131.75,128.95,,131.85,,,261370,34454769,3555,F1,1,,,,,
10-09-2026,10-09-2026,CM,BSE,STK,520056,INE105A01035,TVSHLTD,A,,,,,TVS Holdings Limited,13100.35,13235.5,13000,13146.6,13208.8,13141.85,,13134.32,,,162,2127796,93,F1,1,,,,,
10-09-2026,10-09-2026,CM,BSE,STK,520057,INE643A01035,JTEKTINDIA,B,,,,,JTEKT India Ltd,121.3,121.7,119.7,120,119.75,121.3,,119.93,,,4221,510151,188,F1,1,,,,,
10-09-2026,10-09-2026,CM,BSE,STK,520059,INE672B01032,MUNJALAU,B,,,,,MUNJAL AUTO INDUSTRIES LTD.,109.75,111,108.1,109.15,108.75,109.75,,109.17,,,13593,1483275,229,F1,1,,,,,
10-09-2026,10-09-2026,CM,BSE,STK,520066,INE571B01036,JAYBARMARU,B,,,,,JAY BHARAT MARUTI LTD.,117.9,121.6,115.75,117.5,117.15,117.55,,117.53,,,32730,3881509,689,F1,1,,,,,
10-09-2026,10-09-2026,CM,BSE,STK,520073,INE704B01017,RACLGEAR,B,,,,,RACL Geartech Limited,1647.9,1668.9,1576.35,1591.3,1584,1636.2,,1588.3,,,3654,5945750,359,F1,1,,,,,
10-09-2026,10-09-2026,CM,BSE,STK,520075,INE706B01012,SAMKRG,X,,,,,SAMKRG PISTONS & RINGS LTD.,114.5,117,113.35,114.85,114.85,114,,114.85,,,2249,257141,32,F1,1,,,,,
10-09-2026,10-09-2026,CM,BSE,STK,520086,INE075B01020,SICALLOG,T,,,,,SICAL LOGISTICS LTD.,100.4,101,98.95,99.05,99,100.6,,98.69,,,5678,565141,25,F1,1,,,,,
10-09-2026,10-09-2026,CM,BSE,STK,520111,INE703B01027,RATNAMANI,A,,,,,RATNAMANI METALS & TUBES LTD.,2867.5,2891.3,2776.6,2808,2793.55,2862.55,,2822.5,,,6294,17926376,840,F1,1,,,,,
10-09-2026,10-09-2026,CM,BSE,STK,520113,INE386A01023,VESUVIUS,A,,,,,VESUVIUS INDIA LTD.,425,425,414.55,416.7,415,420.85,,416.13,,,1796,750493,127,F1,1,,,,,
10-09-2026,10-09-2026,CM,BSE,STK,520119,INE900C01027,ASAL,B,,,,,AUTOMOTIVE STAMPINGS & ASSEMBL,467,472.35,465,468.2,471.2,467.05,,466.58,,,221,103558,58,F1,1,,,,,
10-09-2026,10-09-2026,CM,BSE,STK,520123,INE125D01011,ABCINDQ,X,,,,,ABC INDIA LTD.,68.25,68.9,63.5,63.5,63.5,64.25,,63.5,,,7150,491968,10,F1,1,,,,,
10-09-2026,10-09-2026,CM,BSE,STK,520127,INE654B01014,BALTE,X,,,,,BALURGHAT TECHNOLOGIES LTD.,12.49,12.49,12.36,12.48,12.48,12.25,,12.48,,,15702,195295,16,F1,1,,,,,
10-09-2026,10-09-2026,CM,BSE,STK,520141,INE441C01014,SIBARAUT,X,,,,,SIBAR AUTO PARTS LTD.,7.97,7.97,7.21,7.69,7.69,7.94,,7.69,,,5043,38701,46,F1,1,,,,,
10-09-2026,10-09-2026,CM,BSE,STK,520151,INE757B01015,TRANSWORLD,T,,,,,TRANSWORLD SHIPPING LINES LIMI,165.5,165.5,165.45,165.45,165.45,168.75,,165.45,,,53,8769,3,F1,1,,,,,
10-09-2026,10-09-2026,CM,BSE,STK,520155,INE580C01019,STARLOG,X,,,,,Starlog Enterprises Limited,38.95,38.95,37.77,37.77,37.77,37.71,,37.77,,,1501,57607,14,F1,1,,,,,
10-09-2026,10-09-2026,CM,BSE,STK,521005,INE807M01031,TITANIN,X,,,,,TITAN INTECH LIMITED,0.95,0.98,0.94,0.94,0.94,0.94,,0.94,,,4537936,4354729,1287,F1,1,,,,,
10-09-2026,10-09-2026,CM,BSE,STK,521016,INE483B01026,ICIL,A,,,,,INDO COUNT INDUSTRIES LTD.,446.05,471,435,441.65,438.65,445.05,,439.51,,,75928,34322313,2032,F1,1,,,,,
10-09-2026,10-09-2026,CM,BSE,STK,521018,INE882A01013,MARALOVER,B,,,,,MARAL OVERSEAS LTD.,64.01,64.78,61.26,63.25,63.25,65.35,,62.67,,,2500,154260,33,F1,1,,,,,
10-09-2026,10-09-2026,CM,BSE,STK,521034,INE314C01013,SOMATEX,B,,,,,SOMA TEXTILES & INDUSTRIES LTD,84.13,87,83.77,83.84,83.77,84.5,,84.23,,,1792,150833,16,F1,1,,,,,
10-09-2026,10-09-2026,CM,BSE,STK,521036,INE695C01015,SOURCEIND,XT,,,,,SOURCE INDUSTRIES (INDIA) LTD.,53.11,53.11,53.11,53.11,53.11,52.07,,53.11,,,300,15933,2,F1,1,,,,,
10-09-2026,10-09-2026,CM,BSE,STK,521048,INE900E01015,ADVLIFE,X,,,,,ADVANCE LIFESTYLES LTD.,28.4,28.42,27.23,27.23,27.23,27.1,,27.23,,,669,18762,12,F1,1,,,,,
10-09-2026,10-09-2026,CM,BSE,STK,521054,INE092E01011,KAKTEX,X,,,,,KAKATIYA TEXTILES LTD.,8.6,8.6,8.6,8.6,8.6,8.7,,8.6,,,101,868,4,F1,1,,,,,
10-09-2026,10-09-2026,CM,BSE,STK,521062,INE814L01013,OCTAVE,X,,,,,PERFECT-OCTAVE MEDIA PROJECTS,3.75,3.75,3.41,3.71,3.71,3.69,,3.71,,,1670,5946,20,F1,1,,,,,
10-09-2026,10-09-2026,CM,BSE,STK,521064,INE064C01022,TRIDENT,A,,,,,TRIDENT LTD.,23.86,23.91,23.56,23.6,23.6,23.79,,23.59,,,290514,6882176,1890,F1,1,,,,,
10-09-2026,10-09-2026,CM,BSE,STK,521068,INE689E01014,HISARSP,P,,,,,HISAR SPINNING MILLS LTD.,52.36,52.37,52.36,52.37,52.37,49.88,,52.37,,,200,10473,2,F1,100,,,,,
10-09-2026,10-09-2026,CM,BSE,STK,521070,INE270A01029,ALOKINDS,A,,,,,ALOK INDUSTRIES LTD.,7.58,7.67,7.35,7.4,7.4,7.42,,7.4,,,1625834,12100774,2706,F1,1,,,,,
10-09-2026,10-09-2026,CM,BSE,STK,521080,INE604F01010,PASARI,X,,,,,PASARI SPINNING MILLS LTD.,6.54,7.77,6.45,6.45,6.45,6.57,,6.45,,,11054,71446,8,F1,1,,,,,
10-09-2026,10-09-2026,CM,BSE,STK,521097,INE484D01012,AMARJOTHI,B,,,,,AMARJOTHI SPINNING MILLS LTD.,156.5,160,150,152.5,152.5,162,,152.38,,,3631,559466,67,F1,1,,,,,
10-09-2026,10-09-2026,CM,BSE,STK,521105,INE482O01021,OLYMPTX,X,,,,,OLYMPIA INDUSTRIES LTD.,24.7,24.7,22.71,23.26,24.08,23.23,,23.26,,,9043,219635,129,F1,1,,,,,
10-09-2026,10-09-2026,CM,BSE,STK,521109,INE123B01028,NAGREEKEXP,B,,,,,NAGREEKA EXPORTS LTD.,22.01,22.89,22.01,22.64,22.64,22.2,,22.33,,,893,20413,13,F1,1,,,,,
10-09-2026,10-09-2026,CM,BSE,STK,521113,INE691D01012,SUDTIND-B,X,,,,,SUDITI INDUSTRIES LTD.,62.21,67.88,60,65.88,65.88,63.95,,65.88,,,13663,870213,149,F1,1,,,,,
10-09-2026,10-09-2026,CM,BSE,STK,521131,INE363D01018,SBFL,X,,,,,Shree Bhavya Fabrics Limited,22,22.5,22,22.5,22.5,22.49,,22.5,,,51,1122,2,F1,1,,,,,
10-09-2026,10-09-2026,CM,BSE,STK,521137,INE958A01011,EUREKAI,XT,,,,,EUREKA INDUSTRIES LTD.,7.03,7.03,7.03,7.03,7.03,6.9,,7.03,,,70689,496943,42,F1,1,,,,,
10-09-2026,10-09-2026,CM,BSE,STK,521141,INE122D01026,ADITYASP,X,,,,,ADITYA SPINNERS LTD.,13.77,14.24,13.77,14.22,14.22,14.25,,14.22,,,394,5538,23,F1,1,,,,,
10-09-2026,10-09-2026,CM,BSE,STK,521149,INE419E01024,PRIMEURB,X,,,,,PRIME URBAN DEVELOPMENT INDIA,7.75,8.49,7.75,8.45,8.45,7.99,,8.45,,,168,1423,11,F1,1,,,,,
10-09-2026,10-09-2026,CM,BSE,STK,521151,INE953D01016,DHANFAB,X,,,,,DHANLAXMI FABRICS LTD.,52,52,50.05,52,52,52.2,,52,,,18,930,6,F1,1,,,,,
10-09-2026,10-09-2026,CM,BSE,STK,521161,INE456D01010,SLSTLQ,X,,,,,SRI LAKSHMI SARASWATHI TEXTILE,31.82,31.82,31.82,31.82,31.82,31.82,,31.82,,,1,31,1,F1,1,,,,,
10-09-2026,10-09-2026,CM,BSE,STK,521163,INE206B01013,ZODIACLOTH,B,,,,,ZODIAC CLOTHING CO.LTD.,71.4,71.4,69.45,70.47,71,71.37,,70.42,,,376,26466,24,F1,1,,,,,
10-09-2026,10-09-2026,CM,BSE,STK,521167,INE485D01043,MAXGROW,XT,,,,,MAXGROW INDIA LIMITED,188.85,188.85,188.85,188.85,188.85,185.15,,188.85,,,1073,202636,12,F1,1,,,,,
10-09-2026,10-09-2026,CM,BSE,STK,521178,INE306D01017,SRMCL,X,,,,,SRI RAMAKRISHNA MILLS (COIMBAT,58.79,58.79,57.25,57.6,57.55,56.99,,57.6,,,6043,349733,41,F1,1,,,,,
10-09-2026,10-09-2026,CM,BSE,STK,521180,INE662A01027,SUPERSPIN,T,,,,,SUPER SPINNING MILLS LTD.,7.19,7.22,7.19,7.22,7.22,6.88,,7.36,,,2072,14944,12,F1,1,,,,,
10-09-2026,10-09-2026,CM,BSE,STK,521194,INE923A01015,SILINV,B,,,,,SIL INVESTMENTS LTD.,459.8,459.8,454.25,455.5,455.5,456.05,,451.22,,,12,5467,7,F1,1,,,,,
10-09-2026,10-09-2026,CM,BSE,STK,521200,INE713B01026,SURYALAXMI,B,,,,,SURYALAKSHMI COTTON MILLS LTD.,58.5,58.5,58.2,58.2,58.2,58,,58.12,,,371,21682,98,F1,1,,,,,
10-09-2026,10-09-2026,CM,BSE,STK,521206,INE931D01020,SAMTEX,X,,,,,SAMTEX FASHIONS LTD.,1.2,1.28,1.15,1.24,1.28,1.14,,1.24,,,73130,85674,50,F1,1,,,,,
10-09-2026,10-09-2026,CM,BSE,STK,521210,INE117C01010,CITYMAN,X,,,,,CITYMAN LTD.,12.04,12.04,12.04,12.04,12.04,12.67,,12.04,,,330,3973,10,F1,1,,,,,
10-09-2026,10-09-2026,CM,BSE,STK,521216,INE220C01012,DHANROTO,X,,,,,DHANALAXMI ROTO SPINNERS LTD.,73.06,75.7,73.02,74.66,74.03,73.2,,74.66,,,2622,193829,25,F1,1,,,,,
10-09-2026,10-09-2026,CM,BSE,STK,521220,INE497D01022,DAMODARIND,T,,,,,DAMODAR INDUSTRIES LTD.,28,28.4,28,28.4,28.4,27.06,,29.49,,,39,1096,3,F1,1,,,,,
10-09-2026,10-09-2026,CM,BSE,STK,521222,INE602D01027,SANBLUE,X,,,,,SANBLUE CORPORATION LTD.,31,31.08,31,31.08,31.08,29.6,,31.08,,,29,899,2,F1,1,,,,,
10-09-2026,10-09-2026,CM,BSE,STK,521226,INE980D01019,UNIROYAL,X,,,,,UNIROYAL INDUSTRIES LTD.,25.83,26.41,25,25.85,25.85,24.01,,25.85,,,359,9379,10,F1,1,,,,,
10-09-2026,10-09-2026,CM,BSE,STK,521228,INE083G01031,TATIAGLOB,X,,,,,TATIA GLOBAL VENNTURE LTD.,2.1,2.1,2.06,2.07,2.08,2.08,,2.07,,,45666,95053,140,F1,1,,,,,
10-09-2026,10-09-2026,CM,BSE,STK,521232,INE124M01015,SUNILTX,P,,,,,SUNIL INDUSTRIES LTD.,73.81,73.81,73.81,73.81,73.81,70.3,,73.81,,,300,22143,1,F1,100,,,,,
10-09-2026,10-09-2026,CM,BSE,STK,521234,INE443E01016,SRINACHA,X,,,,,SRI NACHAMMAI COTTON MILLS LTD,27.47,27.47,24,26.8,26.8,27.19,,26.8,,,510,12524,12,F1,1,,,,,
10-09-2026,10-09-2026,CM,BSE,STK,521238,INE893C01032,BGDL,B,,,,,BHARAT GLOBAL DEVELOPERS LIMIT,115.85,127.4,115.85,127.4,127.4,115.85,,127.4,,,257226,32695831,1217,F1,1,,,,,
10-09-2026,10-09-2026,CM,BSE,STK,521240,INE304D01012,SAMBANDAM,B,,,,,SAMBANDAM SPINNING MILLS LTD.,115,115,115,115,115,115,,114.01,,,100,11500,1,F1,1,,,,,
10-09-2026,10-09-2026,CM,BSE,STK,521244,INE676G01024,MKPMOB,X,,,,,MKP Mobility Limited,148.55,150.7,141.8,146.85,146.85,149.25,,146.85,,,189,26933,12,F1,1,,,,,
10-09-2026,10-09-2026,CM,BSE,STK,521246,INE162C01024,PARASPETRO,B,,,,,PARAS PETROFILS LTD.,2.2,2.27,2.09,2.17,2.19,2.17,,2.15,,,44709,97455,38,F1,1,,,,,
10-09-2026,10-09-2026,CM,BSE,STK,521248,INE602G01020,KITEX,A,,,,,KITEX GARMENTS LTD.,127.5,128.8,124.1,124.7,125,127.05,,125.54,,,35797,4507650,327,F1,1,,,,,
10-09-2026,10-09-2026,CM,BSE,STK,522001,INE608B01010,CRANEX,XT,,,,,CRANEX LTD.,83.2,83.2,81.55,81.56,82,85.66,,81.56,,,3472,284239,67,F1,1,,,,,
10-09-2026,10-09-2026,CM,BSE,STK,522004,INE177C01022,BATLIBOI,B,,,,,BATLIBOI LTD.,87.55,88.57,85.5,85.69,85.69,87.37,,85.59,,,2440,210100,88,F1,1,,,,,
10-09-2026,10-09-2026,CM,BSE,STK,522005,INE759F01012,AUSTENG,B,,,,,AUSTIN ENGINEERING CO.LTD.,125.05,129.35,120.05,127,129,125,,127.02,,,6041,766082,90,F1,1,,,,,
10-09-2026,10-09-2026,CM,BSE,STK,522014,INE961D01019,UNIDT,T,,,,,UNITED DRILLING TOOLS LTD.,226,233.1,225,229.65,228.35,235.45,,230.45,,,2822,647828,25,F1,1,,,,,
10-09-2026,10-09-2026,CM,BSE,STK,522017,INE459C01016,FLUIDOM,X,,,,,FLUIDOMAT LTD.,750,763.95,749.3,756,756,751.6,,756,,,2602,1969612,93,F1,1,,,,,
10-09-2026,10-09-2026,CM,BSE,STK,522027,INE279D01016,EMAINDIA,X,,,,,EMA INDIA LTD.,656,656,654.55,654.55,654.55,667.9,,654.55,,,736,481756,20,F1,1,,,,,
10-09-2026,10-09-2026,CM,BSE,STK,522029,INE052A01021,WINDMACHIN,B,,,,,WINDSOR MACHINES LTD.,301.9,304.2,296,298.8,301,301.8,,298.9,,,1111,334406,41,F1,1,,,,,
10-09-2026,10-09-2026,CM,BSE,STK,522034,INE631A01022,SHANTIGEAR,B,,,,,SHANTHI GEARS LTD.,696.8,741.8,692,724.8,730,708.55,,725.41,,,24169,17540041,865,F1,1,,,,,
10-09-2026,10-09-2026,CM,BSE,STK,522036,INE338P01014,MIVENMACH,X,,,,,MIVEN MACHINE TOOLS LTD.,68.11,68.11,68.11,68.11,68.11,64.87,,68.11,,,1,68,1,F1,1,,,,,
10-09-2026,10-09-2026,CM,BSE,STK,522064,INE634A01018,HONDAPOWER,B,,,,,HONDA INDIA POWER PRODUCTS LIM,1968.55,1985,1960,1960,1960,1968.55,,1969.5,,,91,179691,40,F1,1,,,,,
10-09-2026,10-09-2026,CM,BSE,STK,522073,INE127B01011,HITECHGEAR,T,,,,,The Hi-Tech Gears Ltd,578.85,578.85,578.85,578.85,578.85,578.85,,579.45,,,36,20838,1,F1,1,,,,,
10-09-2026,10-09-2026,CM,BSE,STK,522074,INE285A01027,ELGIEQUIP,A,,,,,ELGI EQUIPMENTS LTD.,621.15,624.35,588.9,621.7,621.7,618.9,,621.6,,,34166,20902957,1681,F1,1,,,,,
10-09-2026,10-09-2026,CM,BSE,STK,522091,INE890G01047,UVDRHOR,X,,,,,UNITED VAN DER HORST LTD.,37.3,38.39,37.3,38.31,38.39,36.57,,38.31,,,14928,564260,82,F1,1,,,,,
10-09-2026,10-09-2026,CM,BSE,STK,522101,INE338F01015,KLBRENG-B,B,,,,,KILBURN ENGINEERING LTD.,467.5,491.1,466.9,477.55,480.5,466.2,,477.4,,,21247,10258364,888,F1,1,,,,,
10-09-2026,10-09-2026,CM,BSE,STK,522105,INE372E01025,BIRLAPREC,T,,,,,BIRLA PRECISION TECHNOLOGIES L,56.48,59.36,54.99,59.36,59.36,56.54,,59.34,,,92300,5434875,377,F1,1,,,,,
10-09-2026,10-09-2026,CM,BSE,STK,522108,INE384C01016,YUKEN,B,,,,,YUKEN INDIA LTD.,1070,1135.9,1049.4,1089.1,1084.45,1072.2,,1085.73,,,3870,4251528,552,F1,1,,,,,
10-09-2026,10-09-2026,CM,BSE,STK,522113,INE325A01013,TIMKEN,A,,,,,TIMKEN INDIA LTD.,3176,3320,3119.8,3299.8,3303.55,3176.2,,3297.43,,,5119,16733000,967,F1,1,,,,,
10-09-2026,10-09-2026,CM,BSE,STK,522122,INE285C01015,VOITHPAPR,B,,,,,VOITH PAPER FABRICS INDIA LTD.,1502,1502,1475,1489,1489,1483.75,,1484.94,,,85,126473,11,F1,1,,,,,
10-09-2026,10-09-2026,CM,BSE,STK,522134,INE133D01023,ARTSON,X,,,,,ARTSON LIMITED,165,166.95,163.25,165.25,166.75,163.25,,165.25,,,4629,765573,56,F1,1,,,,,
10-09-2026,10-09-2026,CM,BSE,STK,522152,INE410A01013,SOLIMAC,X,,,,,SOLITAIRE MACHINE TOOLS LTD.,95,97.8,90.85,93.41,90.85,94,,93.41,,,2298,215264,28,F1,1,,,,,
10-09-2026,10-09-2026,CM,BSE,STK,522163,INE989C01038,DIACABS,T,,,,,DIAMOND POWER INFRASTRUCTURE L,332.5,352,332.5,352,352,335.25,,351.58,,,84769,29467675,872,F1,1,,,,,
10-09-2026,10-09-2026,CM,BSE,STK,522165,INE867D01018,INDSILHYD,X,,,,,INDSIL HYDRO POWER AND MANGANE,41,41,40.49,40.57,40.49,41.08,,40.57,,,2459,100013,45,F1,1,,,,,
10-09-2026,10-09-2026,CM,BSE,STK,522183,INE478D01014,ITL,B,,,,,ITL INDUSTRIES LTD.,390,410,365,367.05,365.1,351.05,,368.27,,,115,42209,22,F1,1,,,,,
10-09-2026,10-09-2026,CM,BSE,STK,522195,INE572D01014,FRONTSP,B,,,,,FRONTIER SPRINGS LTD.,1271.35,1277.2,1250,1254.5,1251.5,1263.75,,1254.9,,,1539,1941234,189,F1,1,,,,,
10-09-2026,10-09-2026,CM,BSE,STK,522205,INE074A01025,PRAJIND,A,,,,,PRAJ INDUSTRIES LTD.,326,333.9,323.25,326.8,325,327.3,,326.84,,,86668,28323741,2340,F1,1,,,,,
10-09-2026,10-09-2026,CM,BSE,STK,522207,INE682D01011,RASANDIK,X,,,,,RASANDIK ENGINEERING INDUSTRIE,56.1,56.1,54.5,54.5,54.5,56.9,,54.5,,,115,6293,3,F1,1,,,,,
10-09-2026,10-09-2026,CM,BSE,STK,522209,INE429B01011,YOGISUNG,X,,,,,YOGI SUNG-WON (INDIA) LTD.,6.59,6.59,6.59,6.59,6.59,6.59,,6.59,,,12,79,1,F1,1,,,,,
10-09-2026,10-09-2026,CM,BSE,STK,522215,INE461D01028,HLEGLAS,B,,,,,HLE GLASCOAT LIMITED,366.05,396.5,365.35,367.5,369.5,369.3,,367.6,,,49615,18986547,1775,F1,1,,,,,
10-09-2026,10-09-2026,CM,BSE,STK,522217,INE826C01016,GUJAPOLLO,B,,,,,GUJARAT APOLLO INDUSTRIES LTD.,344,349.05,336.1,336.25,336.25,343.85,,338.35,,,56,19261,6,F1,1,,,,,
10-09-2026,10-09-2026,CM,BSE,STK,522229,INE692C01020,TANAA,B,,,,,TANEJA AEROSPACE & AVIATION LT,273.25,279.6,241.8,251.75,251.75,272.35,,251.58,,,30623,7923438,1025,F1,1,,,,,
10-09-2026,10-09-2026,CM,BSE,STK,522231,INE714D01020,CONART,X,,,,,CONART ENGINEERS LTD.,98.94,98.94,93.25,94.44,94.9,95.69,,94.44,,,13618,1295385,119,F1,1,,,,,
10-09-2026,10-09-2026,CM,BSE,STK,522235,INE097E01028,MINALIND,T,,,,,MINAL INDUSTRIES LIMITED,5.67,5.69,5.67,5.67,5.67,5.78,,5.67,,,14567,82637,30,F1,1,,,,,
10-09-2026,10-09-2026,CM,BSE,STK,522237,INE092H01014,SHIVAGR,X,,,,,SHIVAGRICO IMPLEMENTS LTD.,26.2,27.2,23.13,24,24,25.69,,24,,,584,14057,11,F1,1,,,,,
10-09-2026,10-09-2026,CM,BSE,STK,522241,INE227C01017,MMFL,B,,,,,M.M.FORGINGS LTD.,614.6,648,614.6,644.15,647.6,617.55,,644.1,,,9540,6055230,436,F1,1,,,,,
10-09-2026,10-09-2026,CM,BSE,STK,522249,INE040D01038,MAYURUNIQ,B,,,,,MAYUR UNIQUOTERS LTD.,735.8,766,735.8,754.9,752.7,735.55,,756.51,,,4943,3736232,352,F1,1,,,,,
10-09-2026,10-09-2026,CM,BSE,STK,522251,INE627F01011,CENLUB,X,,,,,CENLUB INDUSTRIES LTD.,182.3,184.25,177,178.9,178.9,181.4,,178.9,,,3453,620977,91,F1,1,,,,,
10-09-2026,10-09-2026,CM,BSE,STK,522257,INE535F01024,RAJOOENG,T,,,,,RAJOO ENGINEERS LTD.,55.05,57,54.11,54.84,54.15,56.05,,54.88,,,31693,1770253,203,F1,1,,,,,
10-09-2026,10-09-2026,CM,BSE,STK,522261,INE920A01037,DOLPHIN,B,,,,,DOLPHIN OFFSHORE ENTERPRISES (,685.75,693.75,642.55,655.35,653,686.25,,654.08,,,3578,2373232,204,F1,1,,,,,
10-09-2026,10-09-2026,CM,BSE,STK,522267,INE466D01019,VJLAXMIE,X,,,,,VEEJAY LAKSHMI ENGINEERING WOR,40,41,38,40.98,40.98,40.9,,40.98,,,2262,92240,17,F1,1,,,,,
10-09-2026,10-09-2026,CM,BSE,STK,522273,INE868C01018,AHMDSTE,X,,,,,AHMEDABAD STEELCRAFT LTD.,169.5,173.7,163.05,172.35,172.8,168.35,,172.35,,,934,157166,23,F1,1,,,,,
10-09-2026,10-09-2026,CM,BSE,STK,522275,INE200A01026,GVT&D,A,,,,,GE Vernova T&D India Limited,4658.9,4663.2,4500,4500,4500,4663.2,,4543.62,,,29681,135907197,6024,F1,1,,,,,
10-09-2026,10-09-2026,CM,BSE,STK,522281,INE207E01023,RAMRAT,B,,,,,RAM RATNA WIRES LTD.,529.8,547.15,525,536.7,540.1,526.9,,536.75,,,9762,5247786,414,F1,1,,,,,
10-09-2026,10-09-2026,CM,BSE,STK,522285,INE854B01010,JAYNECOIND,A,,,,,JAYASWAL NECO INDUSTRIES LTD.,91.4,92.54,89.9,91.49,91.49,91.35,,91.31,,,151637,13823866,1291,F1,1,,,,,
10-09-2026,10-09-2026,CM,BSE,STK,522287,INE220B01022,KPIL,A,,,,,KALPATARU PROJECTS INTERNATION,1405.25,1439.05,1402.85,1433.05,1433.05,1408.65,,1432.06,,,115268,163699945,857,F1,1,,,,,
10-09-2026,10-09-2026,CM,BSE,STK,522289,INE169F01014,NMSGLOBAL,X,,,,,NMS GLOBAL LIMITED,38.9,41.39,38.9,39.12,39.99,40.94,,39.12,,,16881,665144,250,F1,1,,,,,
10-09-2026,10-09-2026,CM,BSE,STK,522292,INE713D01055,CANDOUR,XT,,,,,CANDOUR TECHTEX LIMITED,65.67,65.67,59.44,61.77,62.47,62.56,,61.77,,,18900,1166408,109,F1,1,,,,,
10-09-2026,10-09-2026,CM,BSE,STK,522294,INE811B01010,TIGLOB,X,,,,,T & I GLOBAL LTD.,174.9,188.9,174.9,186.1,188.9,174.9,,186.1,,,5889,1090815,59,F1,1,,,,,
10-09-2026,10-09-2026,CM,BSE,STK,522295,INE663B01015,CONTROLPR,B,,,,,CONTROL PRINT LIMITED,581.05,594.2,571.9,575.25,575,588.75,,572.97,,,592,342774,78,F1,1,,,,,
10-09-2026,10-09-2026,CM,BSE,STK,522650,INE142E01022,BEMHY,X,,,,,BEMCO HYDRAULICS LTD.,105.75,109.95,105.75,107.35,106.75,109.4,,107.35,,,2929,316556,82,F1,1,,,,,
10-09-2026,10-09-2026,CM,BSE,STK,523007,INE030C01015,ANSALBU,B,,,,,ANSAL BUILDWELL LTD.,80.76,82,80.74,81.6,82,76.91,,80.92,,,51,4144,8,F1,1,,,,,
10-09-2026,10-09-2026,CM,BSE,STK,523011,INE080A01014,WEIZMANIND,B,,,,,WEIZMANN LTD.,71.65,73,70.5,72.83,72.45,75.78,,71.6,,,44,3164,9,F1,1,,,,,
10-09-2026,10-09-2026,CM,BSE,STK,523019,INE710D01028,BNRSEC,X,,,,,B.N.RATHI SECURITIES LTD.,18,18,17.7,17.75,17.75,17.58,,17.75,,,10630,189863,70,F1,1,,,,,
10-09-2026,10-09-2026,CM,BSE,STK,523021,INE989D01010,RISHITECH,X,,,,,RISHI TECHTEX LTD.,40.6,40.6,39.99,40,39.99,40,,40,,,2007,80277,5,F1,1,,,,,
10-09-2026,10-09-2026,CM,BSE,STK,523023,INE985A01022,SINCLAIR,B,,,,,SINCLAIRS HOTELS LIMITED,82.16,82.16,80.79,81.57,81.57,82.87,,81.58,,,986,79830,10,F1,1,,,,,
10-09-2026,10-09-2026,CM,BSE,STK,523025,INE429E01023,SAFARI,A,,,,,SAFARI INDUSTRIES (INDIA) LTD.,1538.85,1542.4,1498.1,1503.3,1498.1,1529.95,,1501.63,,,1039,1576627,158,F1,1,,,,,
10-09-2026,10-09-2026,CM,BSE,STK,523062,INE584C01011,JJFINCOR,XT,,,,,J.J.FINANCE CORPORATION LTD.,46,46,46,46,46,46,,46,,,1000,46000,2,F1,1,,,,,
10-09-2026,10-09-2026,CM,BSE,STK,523100,INE124B01018,COSMOFE,X,,,,,COSMO FERRITES LTD.,199,203,194,194.05,194,204,,194.05,,,1777,348166,80,F1,1,,,,,
10-09-2026,10-09-2026,CM,BSE,STK,523105,INE293E01031,CROPSTER,T,,,,,CROPSTER AGRO LIMITED,3.33,3.37,3.17,3.17,3.17,3.33,,3.17,,,8659978,28252952,4851,F1,1,,,,,
10-09-2026,10-09-2026,CM,BSE,STK,523120,INE628D01014,THRIVE,XT,,,,,THRIVE FUTURE HABITATS LIMITED,89.9,89.9,85.5,85.5,85.5,90,,85.5,,,1619,139173,11,F1,1,,,,,
10-09-2026,10-09-2026,CM,BSE,STK,523127,INE276C01014,EIHAHOTELS,B,,,,,EIH ASSOCIATED HOTELS LTD.,304,304,290.65,291.05,291,294.95,,291.54,,,996,290472,130,F1,1,,,,,
10-09-2026,10-09-2026,CM,BSE,STK,523144,INE442D01010,MEDICAPQ,B,,,,,MEDI-CAPS LTD.,31.21,36.79,29,35.04,34.57,31.2,,35.21,,,62632,2163179,459,F1,1,,,,,
10-09-2026,10-09-2026,CM,BSE,STK,523160,INE599F01020,FOSECOC,X,,,,,FOSECO CRUCIBLE INDIA LIMITED,1779.95,2050,1761,1996.8,1996.8,1764,,1996.8,,,38565,76166732,2394,F1,1,,,,,
10-09-2026,10-09-2026,CM,BSE,STK,523186,INE00FM01013,BAPACK,X,,,,,B&A PACKAGING INDIA LIMITED,198.9,198.9,198.9,198.9,198.9,197.65,,198.9,,,36,7160,3,F1,1,,,,,
10-09-2026,10-09-2026,CM,BSE,STK,523204,INE421A01028,ABAN,T,,,,,ABAN OFFSHORE LTD.,14.57,14.73,14.49,14.5,14.49,14.74,,14.45,,,4700,68284,42,F1,1,,,,,
10-09-2026,10-09-2026,CM,BSE,STK,523207,INE760A01029,KOKUYOCMLN,B,,,,,KOKUYO CAMLIN LTD.,79.57,80,78.39,78.68,78.68,79.02,,78.94,,,2942,234822,169,F1,1,,,,,
10-09-2026,10-09-2026,CM,BSE,STK,523222,INE173J01018,SRMENERGY,X,,,,,SRM ENERGY LTD.,31.54,31.54,31.54,31.54,31.54,30.04,,31.54,,,20646,651174,53,F1,1,,,,,
10-09-2026,10-09-2026,CM,BSE,STK,523229,INE415D01024,BHARATSE,B,,,,,BHARAT SEATS LTD.,220,224.8,215,215.7,215.7,222.25,,216.88,,,9535,2082710,203,F1,1,,,,,
10-09-2026,10-09-2026,CM,BSE,STK,523232,INE369D01023,CONTPTR,X,,,,,CONTINENTAL PETROLEUMS LTD.,75.01,75.5,75.01,75.45,75.45,77.7,,75.45,,,209,15683,7,F1,1,,,,,
10-09-2026,10-09-2026,CM,BSE,STK,523242,INE006F01018,NBFOOT,P,,,,,NB FOOTWEAR LTD.,2.81,3.09,2.81,2.87,2.87,2.95,,2.87,,,161500,457563,100,F1,100,,,,,
10-09-2026,10-09-2026,CM,BSE,STK,523248,INE082B01018,MACPLASQ,X,,,,,MACHINO PLASTICS LTD.,268,283,268,277.3,269.5,266.4,,277.3,,,2472,685382,57,F1,1,,,,,
10-09-2026,10-09-2026,CM,BSE,STK,523260,INE844A01013,PEARLPOLY,B,,,,,PEARL POLYMERS LTD.,15.99,15.99,15.9,15.9,15.9,15.38,,15.62,,,2,31,2,F1,1,,,,,
10-09-2026,10-09-2026,CM,BSE,STK,523261,INE398A01010,VENKEYS,B,,,,,VENKYS (INDIA) LTD.,1701.55,1738,1689.05,1706.1,1702,1694.15,,1706.67,,,4878,8345993,340,F1,1,,,,,
10-09-2026,10-09-2026,CM,BSE,STK,523269,INE199C01026,ADVANIHOTR,B,,,,,ADVANI HOTELS & RESORTS (INDIA,47.81,49.19,47.5,48.54,48.51,48.9,,48.45,,,3961,191786,152,F1,1,,,,,
10-09-2026,10-09-2026,CM,BSE,STK,523277,INE395B01048,GVFILM,X,,,,,GV FILMS LTD.,0.37,0.38,0.36,0.38,0.38,0.37,,0.38,,,1099294,408716,199,F1,1,,,,,
10-09-2026,10-09-2026,CM,BSE,STK,523283,INE712B01010,SUPERHOUSE,B,,,,,SUPERHOUSE LTD.,187,187,168.75,169.65,170.5,180,,171.65,,,976,170382,87,F1,1,,,,,
10-09-2026,10-09-2026,CM,BSE,STK,523289,INE763B01013,RAMAVISION,X,,,,,RAMA VISION LTD.,170,172.85,166,166.5,166.5,169.55,,166.5,,,807,136028,31,F1,1,,,,,
10-09-2026,10-09-2026,CM,BSE,STK,523301,INE822C01015,TCPLPACK,B,,,,,TCPL PACKAGING LTD.,3848,3928.7,3843.05,3859.7,3855.5,3817.9,,3856.14,,,231,895937,69,F1,1,,,,,
10-09-2026,10-09-2026,CM,BSE,STK,523309,INE241V01018,SHRIGANG,X,,,,,SHRI GANG INDUSTRIES AND ALLIE,57.5,57.99,54.4,55,55,56.99,,55,,,28438,1590788,418,F1,1,,,,,
10-09-2026,10-09-2026,CM,BSE,STK,523319,INE164A01016,BALMLAWRIE,B,,,,,BALMER LAWRIE AND COMPANY LIMI,175.9,176.5,172.5,174.05,174.05,175.5,,174.08,,,20310,3543548,475,F1,1,,,,,
10-09-2026,10-09-2026,CM,BSE,STK,523323,INE177F01017,KOVAI,B,,,,,KOVAI MEDICAL CENTER & HOSPITA,6150.85,6435,6132.3,6302.8,6318.45,6150.55,,6293.92,,,1141,7184503,265,F1,1,,,,,
10-09-2026,10-09-2026,CM,BSE,STK,523367,INE499A01024,DCMSHRIRAM,A,,,,,DCM SHRIRAM LIMITED,990.65,1014,990.65,1008.3,1010.5,997.1,,1007.51,,,2869,2882988,122,F1,1,,,,,
10-09-2026,10-09-2026,CM,BSE,STK,523369,INE843D01027,DCMSRIND,B,,,,,DCM SHRIRAM INDUSTRIES LTD.,42.93,43.25,41.67,41.84,41.69,42.43,,41.78,,,17027,715394,105,F1,1,,,,,
10-09-2026,10-09-2026,CM,BSE,STK,523371,INE636A01039,MAWANASUG,B,,,,,MAWANA SUGARS LTD.,137.95,142.1,135.1,136.25,136.7,140.2,,135.72,,,19506,2708938,385,F1,1,,,,,
10-09-2026,10-09-2026,CM,BSE,STK,523373,INE281E01028,MINID,X,,,,,MINI DIAMONDS (INDIA) LTD.,4.26,4.33,4.2,4.23,4.24,4.21,,4.23,,,173052,733142,264,F1,1,,,,,
10-09-2026,10-09-2026,CM,BSE,STK,523384,INE843B01013,MAHAPEXLTD,B,,,,,MAHA RASHTRA APEX CORPORATION,51.3,58.5,51.3,57.62,57.62,52.01,,56.23,,,1459,81972,16,F1,1,,,,,
10-09-2026,10-09-2026,CM,BSE,STK,523385,INE310A01015,NILKAMAL,B,,,,,NILKAMAL LTD.,2059.95,2087.05,2035.85,2067.6,2068.45,2054.3,,2077.35,,,875,1801845,125,F1,1,,,,,
10-09-2026,10-09-2026,CM,BSE,STK,523387,INE982C01033,HOM,XT,,,,,HOMRE LIMITED,2.11,2.12,1.95,1.97,1.96,2.05,,1.97,,,185188,374840,284,F1,1,,,,,
10-09-2026,10-09-2026,CM,BSE,STK,523391,INE308A01027,NAHARPOLY,B,,,,,NAHAR POLYFILMS LTD.,254.45,254.45,233,234.2,233.8,237.1,,233.82,,,479,112849,74,F1,1,,,,,
10-09-2026,10-09-2026,CM,BSE,STK,523395,INE470A01017,3MINDIA,A,,,,,3M INDIA LTD.,32975.05,33177.85,32653.1,32759.1,33000,33038.8,,32796.59,,,120,3941205,78,F1,1,,,,,
10-09-2026,10-09-2026,CM,BSE,STK,523398,INE782A01015,BOSCH-HCIL,B,,,,,BOSCH HOME COMFORT INDIA LIMIT,1780.95,1787.25,1681.45,1688.45,1687,1780.95,,1689.86,,,3312,5759807,430,F1,1,,,,,
10-09-2026,10-09-2026,CM,BSE,STK,523405,INE780C01023,JMFINANCIL,A,,,,,JM FINANCIAL LTD.,126.9,128.45,126.55,127.35,127.15,126.6,,127.25,,,42101,5361612,494,F1,1,,,,,
10-09-2026,10-09-2026,CM,BSE,STK,523411,INE833A01016,ADCINDIA,XT,,,,,ADC INDIA COMMUNICATIONS LIMIT,2300,2300.05,2290.65,2300.05,2300.05,2337.3,,2300.05,,,737,1693582,38,F1,1,,,,,
10-09-2026,10-09-2026,CM,BSE,STK,523419,INE141D01018,TNTELE,B,,,,,TAMILNADU TELECOMMUNICATIONS L,8.82,9.13,8.81,8.85,9.13,8.8,,8.94,,,1181,10598,27,F1,1,,,,,
10-09-2026,10-09-2026,CM,BSE,STK,523445,INE046A01015,RIIL,B,,,,,RELIANCE INDUSTRIAL INFRASTRUC,734.35,734.35,712.15,714.55,712.85,724.75,,714.84,,,2275,1638445,145,F1,1,,,,,
10-09-2026,10-09-2026,CM,BSE,STK,523457,INE473A01011,LINDEINDIA,A,,,,,Linde India Limited,6350,6366.1,6201,6226.8,6226.8,6356.05,,6227.46,,,1122,7056563,338,F1,1,,,,,
10-09-2026,10-09-2026,CM,BSE,STK,523465,INE969D01012,INDBNK,B,,,,,IND BANK HOUSING LTD.,48.6,48.6,47.11,47.2,47.2,48.6,,47.2,,,408,19226,5,F1,1,,,,,
10-09-2026,10-09-2026,CM,BSE,STK,523467,INE250C01027,JAIMATAG,XT,,,,,JAI MATA GLASS LTD.,2.73,2.73,2.73,2.73,2.73,2.78,,2.73,,,1177,3213,21,F1,1,,,,,
10-09-2026,10-09-2026,CM,BSE,STK,523475,INE026D01011,LOTUSCHO,B,,,,,LOTUS CHOCOLATE CO.LTD.,595.95,649,580,601.6,602.5,590.05,,598.69,,,878,526374,89,F1,1,,,,,
10-09-2026,10-09-2026,CM,BSE,STK,523483,INE883C01025,PACIFICI,B,,,,,PACIFIC INDUSTRIES LTD.,139.7,146.95,139.7,146.95,146.95,139.7,,138.33,,,116,16212,3,F1,1,,,,,
10-09-2026,10-09-2026,CM,BSE,STK,523489,INE889F01017,CMMHOSP,X,,,,,CHENNAI MEENAKSHI MULTISPECIAL,38.5,38.5,37.5,38.25,38,37.89,,38.25,,,246,9237,7,F1,1,,,,,
10-09-2026,10-09-2026,CM,BSE,STK,523519,INE951C01012,UNIOFFICE,X,,,,,UNIVERSAL OFFICE AUTOMATION LT,7.27,7.56,6.84,7.19,6.87,7.2,,7.19,,,1100,7947,19,F1,1,,,,,
10-09-2026,10-09-2026,CM,BSE,STK,523537,INE170D01025,APMIN,X,,,,,APM INDUSTRIES LTD.,56.62,58,56.62,57.9,57.9,56.95,,57.9,,,354,20266,21,F1,1,,,,,
10-09-2026,10-09-2026,CM,BSE,STK,523539,INE372C01037,PRECWIRE,B,,,,,PRECISION WIRES INDIA LTD.,474.55,475.95,460.9,463.1,466.4,474.4,,464.59,,,22979,10777204,1166,F1,1,,,,,
10-09-2026,10-09-2026,CM,BSE,STK,523550,INE951B01014,KRYPTONQ,X,,,,,KRYPTON INDUSTRIES LTD.,35,35,33,34.72,34.65,35,,34.72,,,5874,199696,35,F1,1,,,,,
10-09-2026,10-09-2026,CM,BSE,STK,523558,INE010C01025,SWISSMLTRY,T,,,,,SWISS MILITARY CONSUMER GOODS,15.17,15.37,15,15.06,15.01,15.17,,15.11,,,22871,347193,121,F1,1,,,,,
10-09-2026,10-09-2026,CM,BSE,STK,523566,INE199D01016,MARBU,X,,,,,MARTIN BURN LTD.,43.25,45.4,42.42,45.25,45.25,45.55,,45.25,,,2424,104755,24,F1,1,,,,,
10-09-2026,10-09-2026,CM,BSE,STK,523586,INE826B01026,INDTONER,X,,,,,INDIAN TONERS & DEVELOPERS LTD,46.8,47.55,46.01,46.43,46.9,47.08,,46.43,,,12816,598659,135,F1,1,,,,,
10-09-2026,10-09-2026,CM,BSE,STK,523594,INE638D01021,KUNSTOFF,X,,,,,KUNSTSTOFFE INDUSTRIES LTD.,19.95,19.95,19.21,19.24,19.24,19.96,,19.24,,,241,4662,5,F1,1,,,,,
10-09-2026,10-09-2026,CM,BSE,STK,523598,INE109A01011,SCI,A,,,,,SHIPPING CORPORATION OF INDIA,287.95,291.05,284.4,285.1,285.1,287.3,,285.2,,,52373,15042416,1024,F1,1,,,,,
10-09-2026,10-09-2026,CM,BSE,STK,523606,INE438E01032,SIKA,B,,,,,SIKA INTERPLANT SYSTEMS LTD.,988,1059.5,988,1026.2,1034.95,997.55,,1025.22,,,13060,13525570,1248,F1,1,,,,,
10-09-2026,10-09-2026,CM,BSE,STK,523610,INE248A01017,ITI,B,,,,,ITI LTD.,268,269.2,263,263.5,263.2,267.15,,263.5,,,11986,3179809,338,F1,1,,,,,
10-09-2026,10-09-2026,CM,BSE,STK,523618,INE506A01018,DREDGECORP,B,,,,,DREDGING CORPORATION OF INDIA,1036,1052.55,1021.35,1030.75,1030.9,1042.3,,1030.7,,,5387,5601107,218,F1,1,,,,,
10-09-2026,10-09-2026,CM,BSE,STK,523620,INE486I01016,PHRMASI,X,,,,,PHAARMASIA LTD.,88,88,88,88,88,88,,88,,,852,74976,11,F1,1,,,,,
10-09-2026,10-09-2026,CM,BSE,STK,523630,INE870D01012,NFL,B,,,,,NATIONAL FERTILIZERS LTD.,69.99,71,69.3,69.47,69.47,69.99,,69.45,,,57778,4039129,577,F1,1,,,,,
10-09-2026,10-09-2026,CM,BSE,STK,523638,INE558A01019,IPRINGLTD,B,,,,,IP RINGS LTD.,154,155,146,148.65,151,155,,148.1,,,1864,282301,98,F1,1,,,,,
10-09-2026,10-09-2026,CM,BSE,STK,523642,INE603J01030,PIIND,A,,,,,P.I.INDUSTRIES LTD.,2381.5,2396.55,2352,2359.75,2359.75,2396.05,,2365,,,8477,20051938,1133,F1,1,,,,,
10-09-2026,10-09-2026,CM,BSE,STK,523648,INE083C01022,PLASTIBLEN,B,,,,,PLASTIBLENDS INDIA LTD.,189.9,196.2,189.85,193.95,192.65,189.9,,194.12,,,2211,428580,92,F1,1,,,,,
10-09-2026,10-09-2026,CM,BSE,STK,523650,INE823D01011,YASHINNO,X,,,,,YASH INNOVENTURES LIMITED,41.5,43.15,40.6,42.41,43.15,41.11,,42.41,,,38295,1584951,43,F1,1,,,,,
10-09-2026,10-09-2026,CM,BSE,STK,523660,INE054C01015,WATERBASE,B,,,,,WATERBASE LTD.,47.9,47.96,46.5,46.65,46.55,47.1,,46.59,,,3750,175813,64,F1,1,,,,,
10-09-2026,10-09-2026,CM,BSE,STK,523672,INE954B01018,FLEXFO,X,,,,,FLEX FOODS LTD.,45.56,47.7,45.56,46,46.85,45.97,,46,,,2556,118747,17,F1,1,,,,,
10-09-2026,10-09-2026,CM,BSE,STK,523676,INE798D01015,GOLKUNDIA,X,,,,,GOLKUNDA DIAMONDS & JEWELLERY,345,345,323.35,326.6,328.1,334.4,,326.6,,,2532,842189,138,F1,1,,,,,
10-09-2026,10-09-2026,CM,BSE,STK,523694,INE116A01032,APCOTEXIND,B,,,,,APCOTEX INDUSTRIES LTD.,613.3,613.3,600.85,604.45,605.4,617.05,,603.84,,,8928,5408133,373,F1,1,,,,,
10-09-2026,10-09-2026,CM,BSE,STK,523696,INE842B01015,FORTISMLR,X,,,,,FORTIS MALAR HOSPITALS LIMITED,44.25,45.75,44.25,45.09,45.49,44.7,,45.09,,,13967,621005,132,F1,1,,,,,
10-09-2026,10-09-2026,CM,BSE,STK,523704,INE759A01021,MASTEK,A,,,,,MASTEK LTD.,1605,1635,1604,1608.55,1612.8,1625.45,,1609.95,,,2216,3588949,289,F1,1,,,,,
10-09-2026,10-09-2026,CM,BSE,STK,523708,INE158B01016,EIMCOELECO,B,,,,,EIMCO ELECON (INDIA) LTD.,2229.4,2340,2211.35,2289.1,2282,2214.3,,2291.34,,,3066,7029243,374,F1,1,,,,,
10-09-2026,10-09-2026,CM,BSE,STK,523710,INE318C01014,SAYAJIHOTL,B,,,,,SAYAJI HOTELS LIMITED,307,326.9,302,321.6,325,309,,323.04,,,41333,12484765,12,F1,1,,,,,
10-09-2026,10-09-2026,CM,BSE,STK,523716,INE365D01021,ASHIANA,B,,,,,ASHIANA HOUSING LTD.,346,349.45,345.35,345.9,345.7,349.9,,347.83,,,1080,374577,47,F1,1,,,,,
10-09-2026,10-09-2026,CM,BSE,STK,523722,INE119B01018,SVAMSOF,X,,,,,SVAM SOFTWARE LTD.,5.25,5.69,5.25,5.64,5.64,5.42,,5.64,,,28294,159454,28,F1,1,,,,,
10-09-2026,10-09-2026,CM,BSE,STK,523732,INE866A01016,ECOBOAR,X,,,,,ECOBOARD INDUSTRIES LTD.,62.2,62.9,60.31,61.57,61.98,62.25,,61.57,,,4266,261247,24,F1,1,,,,,
10-09-2026,10-09-2026,CM,BSE,STK,523736,INE477B01010,DVL,B,,,,,Dhunseri Ventures Limited,290.85,290.85,285.3,285.8,285.8,287.9,,285.1,,,39,11150,7,F1,1,,,,,
10-09-2026,10-09-2026,CM,BSE,STK,523752,INE502D01011,TIHIL,XT,,,,,TRANS INDIA HOUSE IMPEX LIMITE,2.96,2.96,2.83,2.83,2.83,2.97,,2.83,,,41274,117840,106,F1,1,,,,,
10-09-2026,10-09-2026,CM,BSE,STK,523754,INE215D01010,MAHEPC,B,,,,,MAHINDRA EPC IRRIGATION LIMITE,102.05,105,102.05,103.5,103.5,104,,102.65,,,743,75959,25,F1,1,,,,,
10-09-2026,10-09-2026,CM,BSE,STK,523782,INE844D01017,MITSHI,X,,,,,Mitshi India Limited,14.74,14.74,14.1,14.34,14.42,14.25,,14.34,,,24231,348420,84,F1,1,,,,,
10-09-2026,10-09-2026,CM,BSE,STK,523792,INE885E01042,MAZDA,T,,,,,MAZDA LTD.,273.1,273.1,263,265.95,265.95,271.25,,261,,,975,260573,18,F1,1,,,,,
10-09-2026,10-09-2026,CM,BSE,STK,523796,INE048C01025,VHLTD,T,,,,,VICEROY HOTELS LTD.,118.8,121,118.6,119.6,119.95,119.95,,119.53,,,2509,300586,53,F1,1,,,,,
10-09-2026,10-09-2026,CM,BSE,STK,523826,INE959D01013,SOVERDIA,X,,,,,SOVEREIGN DIAMONDS LTD.,28.83,29.85,27.9,28.43,28.29,28.83,,28.43,,,1127,32205,22,F1,1,,,,,
10-09-2026,10-09-2026,CM,BSE,STK,523828,INE071D01033,MENONBE,T,,,,,MENON BEARINGS LTD.,304.85,313.4,292,299.1,305.8,306.35,,301.29,,,7273,2191904,134,F1,1,,,,,
10-09-2026,10-09-2026,CM,BSE,STK,523832,INE862C01029,MUKATPIP,X,,,,,MUKAT PIPES LTD.,15.96,15.96,14.66,15.81,15.81,15.43,,15.81,,,811,12195,12,F1,1,,,,,
10-09-2026,10-09-2026,CM,BSE,STK,523836,INE610B01024,GUJRAFFIA,B,,,,,GUJARAT RAFFIA INDUSTRIES LTD.,41.5,41.5,40.26,40.26,40.26,41.45,,41.17,,,575,23219,44,F1,1,,,,,
10-09-2026,10-09-2026,CM,BSE,STK,523838,INE059B01024,SIMPLEXINF,B,,,,,SIMPLEX INFRASTRUCTURES LTD.,263.15,265.3,253,255.4,253.1,259.05,,255.75,,,3148,817747,95,F1,1,,,,,
10-09-2026,10-09-2026,CM,BSE,STK,523840,INE965C01038,INNOVTEC,X,,,,,INNOVATIVE TECH PACK LTD.,14.71,14.99,14.31,14.97,14.97,14.71,,14.97,,,610,8904,13,F1,1,,,,,
10-09-2026,10-09-2026,CM,BSE,STK,523842,INE460D01038,SUPTANERY,T,,,,,SUPER TANNERY LIMITED,10.98,10.98,10.98,10.98,10.98,11.55,,10.91,,,2255,24759,22,F1,1,,,,,
10-09-2026,10-09-2026,CM,BSE,STK,523850,INE767C01012,AXTEL,B,,,,,AXTEL INDUSTRIES LTD.,440,443.85,420.15,427.15,427.15,432.6,,425.34,,,486,207877,55,F1,1,,,,,
10-09-2026,10-09-2026,CM,BSE,STK,523862,INE926B01016,GRANDOAK,B,,,,,GRAND OAK CANYONS DISTILLERY L,36.5,38.2,36,36.06,36,36.39,,36.68,,,1374,50477,15,F1,1,,,,,
10-09-2026,10-09-2026,CM,BSE,STK,523874,INE191C01023,EASTINDIA,XT,,,,,East India Drums and Barrels M,94.7,94.7,90.3,93.65,93.5,93.72,,93.65,,,4116,384109,95,F1,1,,,,,
10-09-2026,10-09-2026,CM,BSE,STK,523888,INE317D01014,MEGAMONT,X,,,,,MEGAMONT LIMITED,184,184,181,184,184,184,,184,,,2225,407590,59,F1,1,,,,,
10-09-2026,10-09-2026,CM,BSE,STK,524000,INE511C01022,POONAWALLA,A,,,,,POONAWALLA FINCORP LIMITED,457.85,457.85,445.9,449.2,449,448.5,,449.39,,,25549,11503099,1247,F1,1,,,,,
10-09-2026,10-09-2026,CM,BSE,STK,524019,INE473D01015,KINGFA,B,,,,,Kingfa Science & Technology (I,6208.95,6339.6,6132.55,6211.15,6230,6167.55,,6227.31,,,1476,9241837,386,F1,1,,,,,
10-09-2026,10-09-2026,CM,BSE,STK,524037,INE809A01032,RAMAPHO,B,,,,,RAMA PHOSPHATES LTD.,123.4,124.55,122.2,123.65,123.65,123.4,,123.57,,,512,62860,9,F1,1,,,,,
10-09-2026,10-09-2026,CM,BSE,STK,524038,INE204D01022,VENLONENT,X,,,,,VENLON ENTERPRISES LTD.,4.75,4.75,4,4.32,4.37,4.28,,4.32,,,1280,5196,19,F1,1,,,,,
10-09-2026,10-09-2026,CM,BSE,STK,524051,INE633B01018,POLYPLEX,B,,,,,POLYPLEX CORPORATION LTD.,1146.3,1152.95,1113.05,1124.45,1131,1139.35,,1125.28,,,2368,2659352,161,F1,1,,,,,
10-09-2026,10-09-2026,CM,BSE,STK,524075,INE155C01010,ALBERTDAVD,B,,,,,ALBERT DAVID LTD.,851,854.8,840,854.8,854.8,850.95,,850,,,43,36479,13,F1,1,,,,,
10-09-2026,10-09-2026,CM,BSE,STK,524080,INE681F01018,HARLETH,X,,,,,HARYANA LEATHER CHEMICALS LTD.,60.28,60.28,56.4,57.63,57.63,60.35,,57.63,,,3632,205818,54,F1,1,,,,,
10-09-2026,10-09-2026,CM,BSE,STK,524091,INE482D01024,CARYSIL,B,,,,,CARYSIL LIMITED,1178.5,1210,1172,1178.3,1176.75,1178.5,,1178.5,,,5699,6786734,426,F1,1,,,,,
10-09-2026,10-09-2026,CM,BSE,STK,524109,INE900B01029,KABRAEXTRU,B,,,,,KABRA EXTRUSIONTECHNIK LTD.,661.85,716,656,707.1,710.55,665.5,,707.53,,,35324,24681362,1303,F1,1,,,,,
10-09-2026,10-09-2026,CM,BSE,STK,524129,INE250B01029,VINYLINDIA,B,,,,,VINYL CHEMICALS (INDIA) LTD.,225.45,227.8,222,222,222,225.45,,221.72,,,1440,322338,210,F1,1,,,,,
10-09-2026,10-09-2026,CM,BSE,STK,524136,INE417E01010,PCCOSMA,X,,,,,PEE CEE COSMA SOPE LTD.,493.5,504.95,482,499.75,501,496.9,,499.75,,,2783,1371848,149,F1,1,,,,,
10-09-2026,10-09-2026,CM,BSE,STK,524156,INE034F01010,TCMLMTD,X,,,,,TCM LTD.,47.07,47.07,45.22,46.67,47,46.15,,46.67,,,11473,528012,31,F1,1,,,,,
10-09-2026,10-09-2026,CM,BSE,STK,524164,INE485C01029,IOLCP,B,,,,,IOL CHEMICALS & PHARMACEUTICAL,208.9,215.35,208.9,211.3,211.3,209.75,,211.42,,,335741,71127219,3714,F1,1,,,,,
10-09-2026,10-09-2026,CM,BSE,STK,524174,INE133C01033,KESARPE,X,,,,,KESAR PETROPRODUCTS LTD.,13.98,14.4,13.53,13.89,13.93,13.75,,13.89,,,39033,548352,195,F1,1,,,,,
10-09-2026,10-09-2026,CM,BSE,STK,524200,INE410B01037,VINATIORGA,A,,,,,VINATI ORGANICS LTD.,1331.2,1337.35,1307.5,1309.8,1318.1,1337.9,,1312.17,,,5014,6612340,490,F1,1,,,,,
10-09-2026,10-09-2026,CM,BSE,STK,524202,INE058I01013,LACTOSE,X,,,,,LACTOSE (INDIA) LTD.,104.8,104.8,98.6,100.1,100,100.5,,100.1,,,4967,496029,73,F1,1,,,,,
10-09-2026,10-09-2026,CM,BSE,STK,524204,INE757D01011,TEEAI,X,,,,,TEESTA AGRO INDUSTRIES LTD.,115,115,111.5,112.6,111.5,113.6,,112.6,,,209,23802,8,F1,1,,,,,
10-09-2026,10-09-2026,CM,BSE,STK,524208,INE769A01020,AARTIIND,A,,,,,AARTI INDUSTRIES LTD.,493.05,511.7,493.05,504.45,504.45,497.05,,504.08,,,87491,43920942,2728,F1,1,,,,,
10-09-2026,10-09-2026,CM,BSE,STK,524210,INE702E01015,PNTKYOR,X,,,,,PENTOKEY ORGANY (INDIA) LTD.,37.99,37.99,36.3,36.3,36.3,34.78,,36.3,,,27,983,4,F1,1,,,,,
10-09-2026,10-09-2026,CM,BSE,STK,524212,INE107F01022,WANBURY,B,,,,,WANBURY LTD.,244.6,249.95,241.2,241.95,241.95,245.95,,241.5,,,13537,3331179,293,F1,1,,,,,
10-09-2026,10-09-2026,CM,BSE,STK,524218,INE486D01017,RESONANCE,XT,,,,,RESONANCE SPECIALTIES LTD.,170,174,164,171.25,171,169.4,,171.25,,,12678,2164165,114,F1,1,,,,,
10-09-2026,10-09-2026,CM,BSE,STK,524226,INE036B01030,GAEL,B,,,,,GUJARAT AMBUJA EXPORTS LTD.,167.95,170.45,164.5,165.2,164.5,165.8,,164.8,,,21727,3634587,421,F1,1,,,,,
10-09-2026,10-09-2026,CM,BSE,STK,524230,INE027A01015,RCF,A,,,,,RASHTRIYA CHEMICALS & FERTILIZ,112,117.3,112,112.6,112.6,112.65,,112.57,,,72792,8275533,1104,F1,1,,,,,
10-09-2026,10-09-2026,CM,BSE,STK,524238,INE659F01022,GUJINJEC,XT,,,,,GUJARAT INJECT (KERALA) LTD.,10.26,10.77,10.06,10.25,10.5,10.26,,10.25,,,413065,4324449,545,F1,1,,,,,
10-09-2026,10-09-2026,CM,BSE,STK,524280,INE082A01010,KOPRAN,B,,,,,KOPRAN LTD.,236.3,243.05,234.4,235.65,237.35,234.25,,235.82,,,22223,5314497,397,F1,1,,,,,
10-09-2026,10-09-2026,CM,BSE,STK,524288,INE008B01013,AIMCOPEST,X,,,,,AIMCO PESTICIDES LTD.,46.3,47.8,46.3,46.8,46.8,46.3,,46.8,,,2798,131791,34,F1,1,,,,,
10-09-2026,10-09-2026,CM,BSE,STK,524314,INE499G01013,GUJTERC,X,,,,,GUJARAT TERCE LABORATORIES LTD,42,42,38.51,40.99,41,39.49,,40.99,,,1330,54311,28,F1,1,,,,,
10-09-2026,10-09-2026,CM,BSE,STK,524322,INE323K01017,KABRADG,X,,,,,KABRA DRUGS LTD.,21.21,21.24,19.85,20.14,20.14,20.9,,20.14,,,61168,1243791,180,F1,1,,,,,
10-09-2026,10-09-2026,CM,BSE,STK,524324,INE573R01012,SEYAIND,T,,,,,SEYA INDUSTRIES LTD.,12.58,12.58,12.33,12.4,12.4,12.58,,12.44,,,68,843,8,F1,1,,,,,
10-09-2026,10-09-2026,CM,BSE,STK,524330,INE785A01026,JAYAGROGN,B,,,,,JAYANT AGRO-ORGANICS LTD.,258.6,264,253.15,256.6,253.2,257.65,,258.09,,,3456,896528,188,F1,1,,,,,
10-09-2026,10-09-2026,CM,BSE,STK,524332,INE412G01024,BCLIND,B,,,,,BCL INDUSTRIES LIMITED,35.25,35.63,34.98,35.16,35.23,35.59,,35.13,,,51181,1801585,237,F1,1,,,,,
10-09-2026,10-09-2026,CM,BSE,STK,524336,INE065E01017,SHHARICH,XT,,,,,SHREE HARI CHEMICALS EXPORT LT,300.95,300.95,272.35,281.45,289,286.65,,281.45,,,146176,43318629,725,F1,1,,,,,
10-09-2026,10-09-2026,CM,BSE,STK,524342,INE803D01021,INDOBORAX,B,,,,,INDO BORAX & CHEMICALS LTD.,514.3,514.3,478,484.1,484.1,511.8,,483.48,,,26291,12873416,860,F1,1,,,,,
10-09-2026,10-09-2026,CM,BSE,STK,524348,INE767A01016,AARTIDRUGS,B,,,,,AARTI DRUGS LTD.,419.85,439.35,419.85,436.85,436.1,424.15,,437,,,31810,13852173,743,F1,1,,,,,
10-09-2026,10-09-2026,CM,BSE,STK,524370,INE338D01028,BODALCHEM,B,,,,,BODAL CHEMICALS LTD.,166.65,169.9,166.25,166.25,166.25,175,,166.11,,,322742,53840064,1115,F1,1,,,,,
10-09-2026,10-09-2026,CM,BSE,STK,524372,INE191A01027,ORCHPHARMA,B,,,,,Orchid Pharma Limited,1035.9,1035.9,1001,1015.25,1016,1022.45,,1016.05,,,4347,4427148,352,F1,1,,,,,
10-09-2026,10-09-2026,CM,BSE,STK,524394,INE579C01029,VIMTALABS,B,,,,,VIMTA LABS LTD.,624.35,640.65,624.35,635.4,638,628.9,,634.96,,,7891,4994337,425,F1,1,,,,,
10-09-2026,10-09-2026,CM,BSE,STK,524396,INE829A01014,BIOFILCHEM,B,,,,,BIOFIL CHEMICALS & PHARMACEUTI,33.5,37.51,33.01,36.83,36,31.26,,36.79,,,56425,2048591,586,F1,1,,,,,
10-09-2026,10-09-2026,CM,BSE,STK,524400,INE806D01016,ISHITADR,X,,,,,ISHITA DRUGS & INDUSTRIES LTD.,74,74,74,74,74,74,,74,,,2,148,1,F1,1,,,,,
10-09-2026,10-09-2026,CM,BSE,STK,524404,INE750C01026,MARKSANS,A,,,,,MARKSANS PHARMA LTD.,329,334.4,324.25,330.45,330.3,330.45,,330.4,,,117577,38780051,2017,F1,1,,,,,
10-09-2026,10-09-2026,CM,BSE,STK,524408,INE113E01015,UNIVSTAR,XT,,,,,UNIVERSAL STARCH-CHEM ALLIED L,191.05,194.8,191.05,194.3,194.3,190.1,,194.3,,,295,57319,5,F1,1,,,,,
10-09-2026,10-09-2026,CM,BSE,STK,524412,INE198H01019,AAREYDRUGS,B,,,,,AAREY DRUGS & PHARMACEUTICALS,99.85,101.11,94.74,95.44,95.44,99.72,,95.68,,,9235,888454,180,F1,1,,,,,
10-09-2026,10-09-2026,CM,BSE,STK,524414,INE744C01029,NORRIS,X,,,,,NORRIS MEDICINES LTD.,14.75,15.87,14.38,14.5,14.5,15.12,,14.5,,,492,7239,13,F1,1,,,,,
10-09-2026,10-09-2026,CM,BSE,STK,524434,INE810M01019,ASINPET,X,,,,,ASIAN PETROPRODUCTS & EXPORTS,10.56,11,10.56,10.62,10.56,10.67,,10.62,,,11986,128147,38,F1,1,,,,,
10-09-2026,10-09-2026,CM,BSE,STK,524440,INE198C01010,CAMEXLTD,X,,,,,CAMEX LTD.,52.83,52.83,50,51.39,51.4,51.46,,51.39,,,9665,489720,78,F1,1,,,,,
10-09-2026,10-09-2026,CM,BSE,STK,524444,INE313M01030,EVEXIA,X,,,,,EVEXIA LIFECARE LIMITED,1.58,1.58,1.58,1.58,1.58,1.51,,1.58,,,38566441,60934976,517,F1,1,,,,,
10-09-2026,10-09-2026,CM,BSE,STK,524458,INE319N01019,INDOEURO,X,,,,,INDO EURO INDCHEM LTD.,8,8.5,8,8.5,8.5,9,,8.5,,,75,612,5,F1,1,,,,,
10-09-2026,10-09-2026,CM,BSE,STK,524470,INE312C01025,SYNCOMF,B,,,,,SYNCOM FORMULATIONS (INDIA) LT,20.22,20.3,19.1,19.33,19.33,20.15,,19.26,,,880617,17227212,1938,F1,1,,,,,
10-09-2026,10-09-2026,CM,BSE,STK,524480,INE249D01019,RIDDHI,XT,,,,,RIDDHI SIDDHI GLUCO BIOLS LTD.,750,765,734,740.05,740.1,755,,740.05,,,1552,1161054,35,F1,1,,,,,
10-09-2026,10-09-2026,CM,BSE,STK,524488,INE038B01010,SVCIND,X,,,,,SVC INDUSTRIES LIMITED,2.47,2.67,2.47,2.65,2.65,2.52,,2.65,,,23489,60934,80,F1,1,,,,,
10-09-2026,10-09-2026,CM,BSE,STK,524494,INE571A01038,IPCALAB,A,,,,,IPCA LABORATORIES LTD.,1952.15,1980,1952.15,1970.1,1966.05,1963.7,,1970.88,,,107603,212489329,1562,F1,1,,,,,
10-09-2026,10-09-2026,CM,BSE,STK,524500,INE729D01010,KILITCH,T,,,,,KILITCH DRUGS (INDIA) LTD.,185.1,185.1,180.3,183.55,182.1,185.5,,185.01,,,349,64003,9,F1,1,,,,,
10-09-2026,10-09-2026,CM,BSE,STK,524502,INE548H01015,RAAJMEDI,XT,,,,,RAAJ MEDISAFE INDIA LTD.,97.11,102.5,96.21,99.85,100.01,98.01,,99.85,,,936,92196,21,F1,1,,,,,
10-09-2026,10-09-2026,CM,BSE,STK,524506,INE683E01017,CORALAB,XT,,,,,CORAL LABORATORIES LTD.,570,593.9,560,561.3,561.25,580,,561.3,,,1258,717510,49,F1,1,,,,,
10-09-2026,10-09-2026,CM,BSE,STK,524514,INE276N01011,TULASEEBIOE,ZP,,,,,TULASEE BIO-ETHANOL LTD.,31.5,31.5,31.5,31.5,31.5,31.5,,31.5,,,700,22050,7,F1,100,,,,,
10-09-2026,10-09-2026,CM,BSE,STK,524516,INE711D01018,BACPHAR,X,,,,,BACIL PHARMA LTD.,18,18.58,16.82,18.46,18.58,17.7,,18.46,,,160075,2845692,331,F1,1,,,,,
10-09-2026,10-09-2026,CM,BSE,STK,524518,INE268B01013,KREBSBIO,B,,,,,KREBS BIOCHEMICALS & INDUSTRIE,61,64.34,60.5,61.58,61.5,60,,61.48,,,53204,3328452,347,F1,1,,,,,
10-09-2026,10-09-2026,CM,BSE,STK,524520,INE879K01018,KMCSHIL,B,,,,,KMC SPECIALITY HOSPITALS (INDI,139.95,139.95,136.5,137.2,137.3,138.2,,137.35,,,12783,1761433,265,F1,1,,,,,
10-09-2026,10-09-2026,CM,BSE,STK,524522,INE919B01011,LAFFANSQ,X,,,,,LAFFANS PETROCHEMICALS LTD.,28.38,29.37,27.55,29.27,29.27,27.89,,29.27,,,1410,39334,17,F1,1,,,,,
10-09-2026,10-09-2026,CM,BSE,STK,524534,INE972C01018,BHASKAGR,X,,,,,BHASKAR AGROCHEMICALS LTD.,106.65,106.65,100.6,105.5,106.4,106.65,,105.5,,,2933,304619,49,F1,1,,,,,
10-09-2026,10-09-2026,CM,BSE,STK,524542,INE450E01029,SUKHJITS,B,,,,,SUKHJIT STARCH & CHEMICALS LTD,162,162.25,159.95,159.95,159.95,160.55,,159.99,,,511,82717,13,F1,1,,,,,
10-09-2026,10-09-2026,CM,BSE,STK,524548,INE465H01012,SHARMEH,X,,,,,SHARMA EAST INDIA HOSPITALS &,93.5,93.5,89,90.42,89,93.5,,90.42,,,316,29051,30,F1,1,,,,,
10-09-2026,10-09-2026,CM,BSE,STK,524558,INE794A01010,NEULANDLAB,A,,,,,NEULAND LABORATORIES LTD.,23195,24145,23195,23803.85,23807.35,23250.3,,23800.09,,,3270,77778829,1107,F1,1,,,,,
10-09-2026,10-09-2026,CM,BSE,STK,524564,INE052E01015,GAYATRIBI,X,,,,,GAYATRI BIOORGANICS LTD.,7.7,7.9,7.37,7.86,7.87,7.57,,7.86,,,9990,78368,70,F1,1,,,,,
10-09-2026,10-09-2026,CM,BSE,STK,524570,INE371C01013,PODDARMENT,B,,,,,PODDAR PIGMENTS LTD.,295.9,325.55,292.3,300.05,298.55,295.9,,299.4,,,3648,1138128,217,F1,1,,,,,
10-09-2026,10-09-2026,CM,BSE,STK,524572,INE117D01018,PHARMAID,X,,,,,PHARMAIDS PHARMACEUTICALS LTD.,30.31,30.99,29.51,30.09,29.7,30.21,,30.09,,,10648,320153,100,F1,1,,,,,
10-09-2026,10-09-2026,CM,BSE,STK,524576,INE737C01023,VIVIDIND,X,,,,,VIVID GLOBAL INDUSTRIES LTD.,21.75,24.85,21.5,23.47,23.47,21.49,,23.47,,,29884,668533,90,F1,1,,,,,
10-09-2026,10-09-2026,CM,BSE,STK,524580,INE686C01014,PRIYALT,X,,,,,PRIYA LTD.,19.22,19.22,19,19,19,19.72,,19,,,64,1227,3,F1,1,,,,,
10-09-2026,10-09-2026,CM,BSE,STK,524592,INE263B01022,JAYSYNTH,XT,,,,,JAYSYNTH ORGOCHEM LIMITED,16.8,17.5,16,16.31,16.65,16.79,,16.31,,,82457,1343992,257,F1,1,,,,,
10-09-2026,10-09-2026,CM,BSE,STK,524594,INE994D01010,AEONXDIGI,X,,,,,Aeonx Digital Technology Limit,116.9,116.9,108.6,110.95,110.95,111,,110.95,,,718,79873,26,F1,1,,,,,
10-09-2026,10-09-2026,CM,BSE,STK,524598,INE542B01011,AKSHARCHEM,T,,,,,AKSHARCHEM (INDIA) LTD.,410.3,412,410.3,410.3,410.3,431.85,,408.46,,,1190,488440,36,F1,1,,,,,
10-09-2026,10-09-2026,CM,BSE,STK,524602,INE875N01036,BANDARAM,X,,,,,BANDARAM PHARMA PACKTECH LIMIT,21.5,21.9,20.55,21.5,21.5,21.27,,21.5,,,572,12309,12,F1,1,,,,,
10-09-2026,10-09-2026,CM,BSE,STK,524606,INE415H01017,BERLDRG,X,,,,,BERYL DRUGS LTD.,24.3,25.4,23.52,24.12,24.12,24.77,,24.12,,,3040,73670,25,F1,1,,,,,
10-09-2026,10-09-2026,CM,BSE,STK,524614,INE056E01024,INDXTRA,X,,,,,IEL LIMITED,5.69,5.75,5.44,5.5,5.44,5.56,,5.5,,,15063,83805,84,F1,1,,,,,
10-09-2026,10-09-2026,CM,BSE,STK,524622,INE532B01020,ISTRNETWK,X,,,,,ISTREET NETWORK LIMITED,50.11,51.99,48.5,48.97,48.97,50.11,,48.97,,,15528,777348,99,F1,1,,,,,
10-09-2026,10-09-2026,CM,BSE,STK,524624,INE076D01016,GAGAN,X,,,,,GAGAN GASES LTD.,19.02,20.2,19.02,19.97,19.97,19.65,,19.97,,,3641,73041,22,F1,1,,,,,
10-09-2026,10-09-2026,CM,BSE,STK,524628,INE750B01010,PARKERAC,X,,,,,PARKER AGROCHEM EXPORTS LTD.,21,21,19.31,19.31,19.31,20.32,,19.31,,,120,2351,3,F1,1,,,,,
10-09-2026,10-09-2026,CM,BSE,STK,524632,INE551C01044,SHUKRAPHAR,B,,,,,Shukra Pharmaceuticals Limited,57.31,57.84,53.86,53.92,53.9,56.3,,53.96,,,779126,42521778,2899,F1,1,,,,,
10-09-2026,10-09-2026,CM,BSE,STK,524634,INE058F01019,ALUFLUOR,B,,,,,ALUFLUORIDE LTD.,503.95,504,499.4,500.3,500,494.65,,498.13,,,734,368079,38,F1,1,,,,,
10-09-2026,10-09-2026,CM,BSE,STK,524636,INE102E01018,OXYGENTAPH,XT,,,,,OXYGENTA PHARMACEUTICAL LIMITE,55,56.6,53.8,53.8,53.8,54.38,,53.8,,,7746,430661,27,F1,1,,,,,
10-09-2026,10-09-2026,CM,BSE,STK,524640,INE078I01011,ARCHITORG,XT,,,,,ARCHIT ORGANOSYS LTD.,65.15,66.5,63.15,65.22,65.9,66.47,,65.22,,,18860,1213423,79,F1,1,,,,,
10-09-2026,10-09-2026,CM,BSE,STK,524648,INE760F01028,INDOAMIN,T,,,,,INDO AMINES LTD.,128.1,129,125.2,127.05,127.95,128.15,,127.85,,,7375,946613,51,F1,1,,,,,
10-09-2026,10-09-2026,CM,BSE,STK,524654,INE936B01015,NATCAPSUQ,T,,,,,NATURAL CAPSULES LTD.,196,198.3,187.1,191.8,191.75,195,,190.98,,,2744,522024,31,F1,1,,,,,
10-09-2026,10-09-2026,CM,BSE,STK,524661,INE331C01025,WELCURE,X,,,,,WELCURE DRUGS & PHARMACEUTICAL,0.23,0.23,0.22,0.22,0.22,0.23,,0.22,,,2179942,487199,440,F1,1,,,,,
10-09-2026,10-09-2026,CM,BSE,STK,524663,INE994B01014,BIBCL,B,,,,,BHARAT IMMUNOLOGICALS & BIOLOG,15.02,18,15,15.08,15.08,15.24,,15.08,,,14593,220281,109,F1,1,,,,,
10-09-2026,10-09-2026,CM,BSE,STK,524667,INE035D01020,SOTL,B,,,,,SAVITA OIL TECHNOLOGIES LTD.,687.2,705.35,685,697.3,699.5,689.8,,697.11,,,18188,12590038,653,F1,1,,,,,
10-09-2026,10-09-2026,CM,BSE,STK,524669,INE782E01017,HESTERBIO,B,,,,,HESTER BIOSCIENCES LTD.,2322.25,2337.05,2280,2297.3,2280,2317.1,,2279.85,,,85,195708,35,F1,1,,,,,
10-09-2026,10-09-2026,CM,BSE,STK,524675,INE645C01010,KABSON,X,,,,,KABSONS INDUSTRIES LTD.,20.4,20.7,19.05,19.68,19.32,19.99,,19.68,,,2586,51526,21,F1,1,,,,,
10-09-2026,10-09-2026,CM,BSE,STK,524687,INE473E01021,BASANTGL,X,,,,,BASANT AGRO TECH (INDIA) LTD.,11.3,11.6,11.14,11.39,11.44,11.3,,11.39,,,16331,185013,83,F1,1,,,,,
10-09-2026,10-09-2026,CM,BSE,STK,524703,INE751D01014,SANDUPHQ,X,,,,,SANDU PHARMACEUTICALS LTD.,37.3,38,37.25,37.86,37.88,37.3,,37.86,,,1220,45656,28,F1,1,,,,,
10-09-2026,10-09-2026,CM,BSE,STK,524709,INE295D01020,NACLIND,B,,,,,NACL Industries Limited,165.9,165.9,157.05,159.6,160.6,164.35,,159.5,,,37615,6050330,785,F1,1,,,,,
10-09-2026,10-09-2026,CM,BSE,STK,524711,INE427C01021,VISTAPH,X,,,,,VISTA PHARMACEUTICALS LTD.,5.89,6.1,5.55,5.6,5.81,5.87,,5.6,,,26683,151411,52,F1,1,,,,,
10-09-2026,10-09-2026,CM,BSE,STK,524715,INE044A01036,SUNPHARMA,A,,,,,SUN PHARMACEUTICAL INDUSTRIES,1862.95,1874.35,1840.7,1864,1864,1868.5,,1861.21,,,74021,137064752,3753,F1,1,,,,,
10-09-2026,10-09-2026,CM,BSE,STK,524717,INE150C01029,TITANBIO,XT,,,,,TITAN BIOTECH LTD.,412.2,438,406.1,434.25,437,419.9,,434.25,,,31024,13346719,712,F1,1,,,,,
10-09-2026,10-09-2026,CM,BSE,STK,524723,INE491D01017,ARVAYA,XT,,,,,Arvaya Healthcare Limited,125,127.05,125,127,127,121,,127,,,212,26674,6,F1,1,,,,,
10-09-2026,10-09-2026,CM,BSE,STK,524727,INE004E01016,SDL,X,,,,,Span Divergent Limited,29.3,29.3,29.3,29.3,29.3,30.84,,29.3,,,940,27542,5,F1,1,,,,,
10-09-2026,10-09-2026,CM,BSE,STK,524731,INE354A01013,JENBURPH,B,,,,,JENBURKT PHARMACEUTICALS LTD.,1023.85,1044.75,1013.05,1038.4,1038.4,1023.8,,1027.19,,,825,844380,73,F1,1,,,,,
10-09-2026,10-09-2026,CM,BSE,STK,524735,INE475B01022,HIKAL,B,,,,,HIKAL LTD.,240.05,244.35,233,234.95,233,240.8,,234.79,,,51825,12402364,801,F1,1,,,,,
10-09-2026,10-09-2026,CM,BSE,STK,524742,INE475E01026,CAPLIPOINT,A,,,,,CAPLIN POINT LABORATORIES LTD.,2704.4,2840.95,2704.4,2793,2773.8,2726.65,,2795.2,,,20070,56049860,1700,F1,1,,,,,
10-09-2026,10-09-2026,CM,BSE,STK,524743,INE771F01041,FISCHER,B,,,,,FISCHER MEDICAL VENTURES LIMIT,35.01,35.36,34.59,34.8,35.12,34.87,,34.88,,,72960,2547358,160,F1,1,,,,,
10-09-2026,10-09-2026,CM,BSE,STK,524748,INE302F01011,LINKPH,X,,,,,LINK PHARMA CHEM LTD.,27.95,27.98,26.25,27.44,27.44,26.64,,27.44,,,1569,43533,19,F1,1,,,,,
10-09-2026,10-09-2026,CM,BSE,STK,524752,INE643N01012,DECIPHER,X,,,,,DECIPHER LABS LIMITED,5.8,5.8,5.7,5.7,5.7,5.7,,5.7,,,5685,32928,19,F1,1,,,,,
10-09-2026,10-09-2026,CM,BSE,STK,524768,INE634B01016,EMMESSA,X,,,,,EMMESSAR BIOTECH & NUTRITION L,24.97,24.97,24,24.49,24.49,24.62,,24.49,,,1024,25074,10,F1,1,,,,,
10-09-2026,10-09-2026,CM,BSE,STK,524774,INE887E01022,NGLFINE,B,,,,,NGL FINE-CHEM LTD.,2766,2779.65,2701.1,2720.25,2701.1,2765.75,,2725.67,,,222,609096,44,F1,1,,,,,
10-09-2026,10-09-2026,CM,BSE,STK,524790,INE334C01029,EVERESTO,X,,,,,EVEREST ORGANICS LTD.,273,275.05,266,275,275,272.95,,275,,,1179,323677,23,F1,1,,,,,
10-09-2026,10-09-2026,CM,BSE,STK,524804,INE406A01037,AUROPHARMA,A,,,,,AUROBINDO PHARMA LTD.,1689.95,1690,1655.2,1669,1669,1690,,1668.4,,,11097,18514025,637,F1,1,,,,,
10-09-2026,10-09-2026,CM,BSE,STK,524808,INE037C01010,PHYTO,X,,,,,PHYTO CHEM (INDIA) LTD.,17.9,17.9,16.5,17.35,17.5,16.77,,17.35,,,2930,50467,23,F1,1,,,,,
10-09-2026,10-09-2026,CM,BSE,STK,524816,INE987B01026,NATCOPHARM,A,,,,,NATCO PHARMA LTD.,826.25,831.5,816.2,819,819,826.25,,818.66,,,17690,14524844,1585,F1,1,,,,,
10-09-2026,10-09-2026,CM,BSE,STK,524818,INE457C01010,DYNAMIND,X,,,,,DYNAMIC INDUSTRIES LTD.,135,135,124,126.95,129.75,130,,126.95,,,1814,230459,45,F1,1,,,,,
10-09-2026,10-09-2026,CM,BSE,STK,524820,INE305C01029,PANAMAPET,B,,,,,PANAMA PETROCHEM LTD.,501.35,502,489,492.7,493.4,497.5,,491.78,,,12406,6134358,388,F1,1,,,,,
10-09-2026,10-09-2026,CM,BSE,STK,524824,INE083D01012,BALPHARMA,B,,,,,BAL PHARMA LTD.,123.8,124.68,105.11,106.35,105.37,114.02,,106.22,,,53882,6186020,1306,F1,1,,,,,
10-09-2026,10-09-2026,CM,BSE,STK,524828,INE278D01018,BDH,X,,,,,BDH INDUSTRIES LTD.,515,525.5,508.7,515.4,508.7,521.8,,515.4,,,533,275353,31,F1,1,,,,,
10-09-2026,10-09-2026,CM,BSE,STK,526001,INE593O01017,JAUSPOL,X,,,,,JAUSS POLYMERS LTD.,23.75,23.75,23.74,23.74,23.74,23.75,,23.74,,,58,1376,4,F1,1,,,,,
10-09-2026,10-09-2026,CM,BSE,STK,526025,INE064L01015,GLOBUSCON,X,,,,,GLOBUS CONSTRUCTORS & DEVELOPE,13.75,14.9,13.75,14.44,14.48,13.98,,14.44,,,29427,418910,72,F1,1,,,,,
10-09-2026,10-09-2026,CM,BSE,STK,526027,INE144D01012,CUBEXTUB,B,,,,,CUBEX TUBINGS LTD.,79,82,77,77.38,77,80.12,,77.2,,,5673,448246,181,F1,1,,,,,
10-09-2026,10-09-2026,CM,BSE,STK,526043,INE809B01014,POLYCHMP,X,,,,,POLYMECHPLAST MACHINES LTD.,46.1,47.99,46.1,46.53,47.7,47.75,,46.53,,,931,43317,40,F1,1,,,,,
10-09-2026,10-09-2026,CM,BSE,STK,526071,INE395F01023,STELLANT,XT,,,,,STELLANT SECURITIES (INDIA) LT,1054.9,1054.9,1000,1014.95,1031,1027.65,,1014.95,,,1431,1472170,215,F1,1,,,,,
10-09-2026,10-09-2026,CM,BSE,STK,526073,INE020S01012,GALXBRG,XT,,,,,GALAXY BEARINGS LTD.,876,915.05,876,900.05,900.05,899.75,,900.05,,,174,157308,23,F1,1,,,,,
10-09-2026,10-09-2026,CM,BSE,STK,526075,INE092O01028,VINRKLB,XT,,,,,REKVINA LABORATORIES LTD.,58.24,58.24,58.24,58.24,58.24,57.1,,58.24,,,11172,650657,54,F1,1,,,,,
10-09-2026,10-09-2026,CM,BSE,STK,526081,INE895E01017,SCAGRO,XT,,,,,SC Agrotech Limited,24.5,24.5,24.5,24.5,24.5,25,,24.5,,,1,24,1,F1,1,,,,,
10-09-2026,10-09-2026,CM,BSE,STK,526095,INE427E01027,RALEGRA,X,,,,,RAVILEELA GRANITES LTD.,55,59.99,55,58.5,58.49,55,,58.5,,,578,34072,16,F1,1,,,,,
10-09-2026,10-09-2026,CM,BSE,STK,526113,INE602H01010,UNRYLMA,XT,,,,,UNIROYAL MARINE EXPORTS LTD.,16.53,16.53,15,16.52,16.52,15.75,,16.52,,,102,1533,5,F1,1,,,,,
10-09-2026,10-09-2026,CM,BSE,STK,526115,INE327D01013,KARANWO,X,,,,,KARAN WOO-SIN LTD.,8.08,8.25,8.08,8.25,8.25,8.5,,8.25,,,400,3249,4,F1,1,,,,,
10-09-2026,10-09-2026,CM,BSE,STK,526117,INE011D01013,SHERVANI,B,,,,,SHERVANI INDUSTRIAL SYNDICATE,315,315,305,308.95,305,330,,309.36,,,24,7516,6,F1,1,,,,,
10-09-2026,10-09-2026,CM,BSE,STK,526125,INE00HZ01011,BNAGROCHEM,B,,,,,BN AGROCHEM LIMITED,210,210,200.4,200.4,200.4,210,,206.2,,,38,7639,3,F1,1,,,,,
10-09-2026,10-09-2026,CM,BSE,STK,526133,INE881B01054,SUPERTEX,X,,,,,SUPERTEX INDUSTRIES LTD.,5.7,5.7,5.7,5.7,5.7,5.69,,5.7,,,32,182,3,F1,1,,,,,
10-09-2026,10-09-2026,CM,BSE,STK,526137,INE278C01010,SHETR,X,,,,,SHETRON LTD.,103.2,106.7,103.2,105.05,105.1,104.1,,105.05,,,411,42977,17,F1,1,,,,,
10-09-2026,10-09-2026,CM,BSE,STK,526139,INE773D01018,TRABI,X,,,,,TRANSGENE BIOTEK LTD.,2.83,2.88,2.77,2.86,2.86,2.77,,2.86,,,11228,31875,31,F1,1,,,,,
10-09-2026,10-09-2026,CM,BSE,STK,526143,INE343A01016,MPL,X,,,,,MPL PLASTICS LTD.,6.8,7.4,6.8,7.4,7.4,6.8,,7.4,,,1204,8235,7,F1,1,,,,,
10-09-2026,10-09-2026,CM,BSE,STK,526159,INE926C01022,NIKHILAD,X,,,,,NIKHIL ADHESIVES LTD.,83,83,81,81.13,82.89,82.51,,81.13,,,3572,292021,55,F1,1,,,,,
10-09-2026,10-09-2026,CM,BSE,STK,526161,INE175C01018,SPENTA,XT,,,,,SPENTA INTERNATIONAL LTD.,153.3,153.3,147.3,147.3,147.3,150.3,,147.3,,,506,77269,7,F1,1,,,,,
10-09-2026,10-09-2026,CM,BSE,STK,526169,INE678F01014,MULTIBASE,X,,,,,MULTIBASE INDIA LTD.,175.65,176,173.9,174.2,174.2,175.65,,174.2,,,4550,792855,97,F1,1,,,,,
10-09-2026,10-09-2026,CM,BSE,STK,526173,INE449C01025,ANDREWYU,B,,,,,ANDREW YULE & COMPANY LTD.,26.55,27.46,26.55,26.82,27.16,26.78,,26.78,,,6482,174103,114,F1,1,,,,,
10-09-2026,10-09-2026,CM,BSE,STK,526179,INE983C01015,LUDLOWJUT,X,,,,,LUDLOW JUTE & SPECIALITIES LTD,333.85,338,321.05,330,330,333.85,,330,,,4832,1595293,59,F1,1,,,,,
10-09-2026,10-09-2026,CM,BSE,STK,526193,INE618A01011,ROYALCU,X,,,,,ROYAL CUSHION VINYL PRODUCTS L,16,16.7,13.8,13.9,13.8,16,,13.9,,,47604,711961,157,F1,1,,,,,
10-09-2026,10-09-2026,CM,BSE,STK,526211,INE170U01011,SURJIND,X,,,,,SURAJ INDUSTRIES LTD.,59,60.9,58.11,58.94,59,59.02,,58.94,,,2823,167242,28,F1,1,,,,,
10-09-2026,10-09-2026,CM,BSE,STK,526217,INE120D01012,HITECHCORP,T,,,,,Hitech Corporation Limited,331.1,332,321.15,328.35,321.15,331.1,,329.32,,,2401,788359,23,F1,1,,,,,
10-09-2026,10-09-2026,CM,BSE,STK,526227,INE816B01035,FILATEX,B,,,,,FILATEX INDIA LTD.,75,76.49,75,76.13,76.45,75.44,,76.24,,,30354,2306458,300,F1,1,,,,,
10-09-2026,10-09-2026,CM,BSE,STK,526231,INE307D01015,STDSFAC,XT,,,,,STANDARD SURFACTANTS LTD.,120.79,124.09,115.15,124.09,124.09,118.19,,124.09,,,67933,8275025,372,F1,1,,,,,
10-09-2026,10-09-2026,CM,BSE,STK,526237,INE902C01015,MORGAN,X,,,,,MORGAN VENTURES LTD.,46.44,46.44,42.31,44.39,44.72,45.99,,44.39,,,1822,80592,76,F1,1,,,,,
10-09-2026,10-09-2026,CM,BSE,STK,526241,INE762C01021,AMRAPLIN,XT,,,,,AMRAPALI INDUSTRIES LTD.,35.56,39.28,35.56,37.05,39,37.41,,37.05,,,25438,968563,108,F1,1,,,,,
10-09-2026,10-09-2026,CM,BSE,STK,526247,INE863B01029,PREMEXPLN,A,,,,,PREMIER EXPLOSIVES LTD.,667,671.5,665.7,666.65,668.4,667,,667.04,,,9787,6543177,248,F1,1,,,,,
10-09-2026,10-09-2026,CM,BSE,STK,526251,INE033E01015,MIDEASTP,XT,,,,,MID EAST PORTFOLIO MANAGEMENT,34.2,35.28,34.2,35.28,35.28,36,,35.28,,,632,21944,7,F1,1,,,,,
10-09-2026,10-09-2026,CM,BSE,STK,526263,INE835B01035,MOLDTECH,T,,,,,MOLD-TEK TECHNOLOGIES LTD.,213.9,216.3,207.9,210.1,213.8,213.9,,211.51,,,3910,831687,74,F1,1,,,,,
10-09-2026,10-09-2026,CM,BSE,STK,526269,INE293N01016,CRSTCHM,XT,,,,,CRESTCHEM LTD.,136,136.5,131,136.45,136.5,135.5,,136.45,,,1994,265089,29,F1,1,,,,,
10-09-2026,10-09-2026,CM,BSE,STK,526299,INE356A01018,MPHASIS,A,,,,,MPHASIS LTD.,2312.65,2326.2,2290,2290,2290,2311.65,,2291.68,,,3294,7595963,395,F1,1,,,,,
10-09-2026,10-09-2026,CM,BSE,STK,526315,INE410G01010,DIVSHKT,XT,,,,,DIVYASHAKTI LIMITED,75.3,81,74.84,74.84,74.84,78.77,,74.84,,,13384,1006822,54,F1,1,,,,,
10-09-2026,10-09-2026,CM,BSE,STK,526325,INE609C01024,ORIENTLTD,T,,,,,ORIENT PRESS LTD.,81.7,85,80.01,82.99,82.99,81.75,,81.73,,,1015,82964,15,F1,1,,,,,
10-09-2026,10-09-2026,CM,BSE,STK,526331,INE875S01019,ADVMULT,XT,,,,,ADVANCE MULTITECH LTD.,51.4,53.97,51.4,53.97,53.97,4.08,,53.97,,,300,15934,3,F1,1,,,,,
10-09-2026,10-09-2026,CM,BSE,STK,526335,INE115F01017,SHREYASI,X,,,,,SHREYAS INTERMEDIATES LTD.,8.81,9.09,7.05,7.73,7.8,8.81,,7.73,,,142700,1075537,263,F1,1,,,,,
10-09-2026,10-09-2026,CM,BSE,STK,526345,INE744D01019,PANJON,X,,,,,PANJON LTD.,23.9,24.55,23.5,23.54,23.99,24.47,,23.54,,,3582,84813,40,F1,1,,,,,
10-09-2026,10-09-2026,CM,BSE,STK,526365,INE967A01012,SWARNSAR,B,,,,,SWARNSARITA JEWELS INDIA LIMIT,40.78,44,38,41.49,41.49,40.66,,41.55,,,22106,924205,168,F1,1,,,,,
10-09-2026,10-09-2026,CM,BSE,STK,526367,INE460C01014,GANESHHOU,B,,,,,GANESH HOUSING LIMITED,752.3,781,752.3,770.1,775.65,757.75,,772.47,,,2022,1559657,96,F1,1,,,,,
10-09-2026,10-09-2026,CM,BSE,STK,526371,INE584A01023,NMDC,A,,,,,NMDC LTD.,85.95,86.31,84.2,84.8,84.8,85.6,,84.6,,,366207,31115260,2180,F1,1,,,,,
10-09-2026,10-09-2026,CM,BSE,STK,526381,INE529D01014,PATINTLOG,T,,,,,PATEL INTEGRATED LOGISTICS LTD,13,13.57,13,13.11,13.1,13.22,,13.11,,,1222,15949,15,F1,1,,,,,
10-09-2026,10-09-2026,CM,BSE,STK,526397,INE137C01018,ALPHAGEO,T,,,,,ALPHAGEO (INDIA) LTD.,332,332.5,318,323,323.75,328,,322.1,,,623,200538,26,F1,1,,,,,
10-09-2026,10-09-2026,CM,BSE,STK,526407,INE299D01022,HAMPTON,B,,,,,HAMPTON SKY REALTY LIMITED,8.47,8.47,8.14,8.21,8.21,8.3,,8.4,,,3348,27587,45,F1,1,,,,,
10-09-2026,10-09-2026,CM,BSE,STK,526409,INE301C01028,KKALPANAIND,X,,,,,KKALPANA INDUSTRIES (INDIA) LT,6.98,6.98,6.55,6.73,6.71,6.93,,6.73,,,32583,219857,98,F1,1,,,,,
10-09-2026,10-09-2026,CM,BSE,STK,526415,INE870B01024,OKPLA,X,,,,,OK PLAY INDIA LTD.,3.1,3.22,3.06,3.18,3.2,3.07,,3.18,,,367436,1170312,289,F1,1,,,,,
10-09-2026,10-09-2026,CM,BSE,STK,526423,INE479D01038,KRITI,B,,,,,KRITI INDUSTRIES (INDIA) LTD.,61.6,62.94,61.02,61.52,61.52,61.6,,62.9,,,95,5937,12,F1,1,,,,,
10-09-2026,10-09-2026,CM,BSE,STK,526433,INE867C01010,ASMTEC,B,,,,,ASM TECHNOLOGIES LTD.,6569,7248,6525,6993.05,6993.05,6521.65,,6993.05,,,122643,851292705,11365,F1,1,,,,,
10-09-2026,10-09-2026,CM,BSE,STK,526435,INE759I01024,PERFEPA,X,,,,,PERFECTPAC LTD.,72,75.85,69,70.9,70.5,76,,70.9,,,2178,154169,52,F1,1,,,,,
10-09-2026,10-09-2026,CM,BSE,STK,526439,INE267C01013,AMBIT,X,,,,,AMBITIOUS PLASTOMAC COMPANY LT,8.51,8.51,8.51,8.51,8.51,8.51,,8.51,,,1,8,1,F1,1,,,,,
10-09-2026,10-09-2026,CM,BSE,STK,526441,INE515B01025,VISIONCINE,X,,,,,VISION CINEMAS LTD.,1.21,1.21,1.14,1.15,1.15,1.17,,1.15,,,8670,9951,23,F1,1,,,,,
10-09-2026,10-09-2026,CM,BSE,STK,526443,INE072B01027,AEIM,X,,,,,Artificial Electronics Intelli,84.35,84.85,80,81.71,82.05,83.32,,81.71,,,39163,3228382,348,F1,1,,,,,
10-09-2026,10-09-2026,CM,BSE,STK,526445,INE007C01021,INDRANIB,X,,,,,INDRAYANI BIOTECH LTD.,9.12,9.74,9.12,9.74,9.74,8.12,,9.74,,,317879,3064813,212,F1,1,,,,,
10-09-2026,10-09-2026,CM,BSE,STK,526468,INE940E01011,EUROLED,XT,,,,,EURO LEDER FASHION LTD.,21.74,21.74,20.96,21.04,20.96,20.72,,21.04,,,956,20246,16,F1,1,,,,,
10-09-2026,10-09-2026,CM,BSE,STK,526471,INE391C01011,WINSOMBR,X,,,,,WINSOME BREWERIES LTD.,19.6,19.97,19.02,19.38,19.38,19.37,,19.38,,,4627,89015,61,F1,1,,,,,
10-09-2026,10-09-2026,CM,BSE,STK,526473,INE152E01013,ELEFLOR,X,,,,,ELEGANT FLORICULTURE & AGROTEC,4.84,4.93,4.72,4.87,4.81,4.76,,4.87,,,19659,94596,53,F1,1,,,,,
10-09-2026,10-09-2026,CM,BSE,STK,526479,INE765B01018,SKYIND,X,,,,,SKY INDUSTRIES LTD.,103.99,103.99,93.1,95.86,96.02,97.44,,95.86,,,1738,167210,38,F1,1,,,,,
10-09-2026,10-09-2026,CM,BSE,STK,526481,INE245B01011,PHOENXINTL,B,,,,,PHOENIX INTERNATIONAL LTD.,28,31,28,29.31,29.3,31.08,,29.35,,,167,4812,13,F1,1,,,,,
10-09-2026,10-09-2026,CM,BSE,STK,526488,INE432N01010,BHUDEVI,X,,,,,BHUDEVI INFRA PROJECTS LIMITED,76.75,76.75,76.75,76.75,76.75,80.75,,76.75,,,601,46126,22,F1,1,,,,,
10-09-2026,10-09-2026,CM,BSE,STK,526490,INE206C01029,PRATIK,X,,,,,PRATIK PANELS LTD.,4.65,4.65,4.4,4.55,4.64,4.49,,4.55,,,42471,190299,94,F1,1,,,,,
10-09-2026,10-09-2026,CM,BSE,STK,526492,INE582D01013,RISHIROOP,X,,,,,Rishiroop Limited,116.75,123.95,116.75,123.1,123.1,117.6,,123.1,,,16838,2055856,185,F1,1,,,,,
10-09-2026,10-09-2026,CM,BSE,STK,526494,INE818D01011,PROMACT,X,,,,,Promact Plastics Limited,11.6,12.18,11.6,12.18,12.18,11.6,,12.18,,,13493,164004,14,F1,1,,,,,
10-09-2026,10-09-2026,CM,BSE,STK,526506,INE356B01024,SYSTMTXC,T,,,,,SYSTEMATIX CORPORATE SERVICES,73.13,73.13,73.1,73.13,73.13,71.7,,73.13,,,16652,1217742,31,F1,1,,,,,
10-09-2026,10-09-2026,CM,BSE,STK,526508,INE825D01016,SHAHISHIP,X,,,,,Shahi Shipping Limited,11.7,11.93,10.76,11.3,11.3,12,,11.3,,,6180,68894,46,F1,1,,,,,
10-09-2026,10-09-2026,CM,BSE,STK,526519,INE840D01015,ALPINEHOU,XT,,,,,ALPINE HOUSING DEVELOPMENT COR,119.9,119.9,119.9,119.9,119.9,119.9,,119.9,,,2,239,1,F1,1,,,,,
10-09-2026,10-09-2026,CM,BSE,STK,526525,INE550D01010,WWALUM,X,,,,,WORLDWIDE ALUMINIUM LIMITED,18.04,18.04,18.04,18.04,18.04,18.13,,18.04,,,97,1749,5,F1,1,,,,,
10-09-2026,10-09-2026,CM,BSE,STK,526530,INE670C01026,IIRM,XT,,,,,IIRM HOLDINGS INDIA LIMITED,143.95,143.95,137,137.65,137,138.6,,137.65,,,3400,474687,49,F1,1,,,,,
10-09-2026,10-09-2026,CM,BSE,STK,526532,INE716K01020,SFPIL,X,,,,,SQUARE FOUR PROJECTS INDIA LIM,8,9.23,8,9.03,9.04,8.09,,9.03,,,3151,26668,34,F1,1,,,,,
10-09-2026,10-09-2026,CM,BSE,STK,526544,INE967B01028,SGLRES,B,,,,,SGL RESOURCES LIMITED,2.45,2.55,2.4,2.51,2.55,2.44,,2.37,,,7401,18349,27,F1,1,,,,,
10-09-2026,10-09-2026,CM,BSE,STK,526546,INE493D01013,CHOKSILA,X,,,,,CHOKSI LABORATORIES LTD.,182,182,182,182,182,173.35,,182,,,7408,1348256,36,F1,1,,,,,
10-09-2026,10-09-2026,CM,BSE,STK,526550,INE652F01027,CCHHL,B,,,,,COUNTRY CLUB HOSPITALITY AND H,12.52,12.85,12.51,12.51,12.7,12.51,,12.5,,,1923,24078,14,F1,1,,,,,
10-09-2026,10-09-2026,CM,BSE,STK,526554,INE159C01012,SALGUTI,X,,,,,SALGUTI INDUSTRIES LTD.,28.99,28.99,28.99,28.99,28.99,29,,28.99,,,10,289,1,F1,1,,,,,
10-09-2026,10-09-2026,CM,BSE,STK,526570,INE519N01014,REMAGNET,B,,,,,MIDWEST ENERGY LIMITED,3700,3750,3557.4,3733.25,3660.05,3721.2,,3733.25,,,793,2927651,160,F1,1,,,,,
10-09-2026,10-09-2026,CM,BSE,STK,526574,INE439G01019,ENTRINT,X,,,,,ENTERPRISE INTERNATIONAL LTD.,23.39,23.39,22.5,23.3,23.3,23.63,,23.3,,,155,3576,5,F1,1,,,,,
10-09-2026,10-09-2026,CM,BSE,STK,526582,INE413G01022,TPLPLASTEH,B,,,,,TPL PLASTECH LTD.,68,68.55,67.6,67.64,68,67.87,,68.16,,,1746,118574,25,F1,1,,,,,
10-09-2026,10-09-2026,CM,BSE,STK,526588,INE813B01016,PHOTOQUP,X,,,,,PHOTOQUIP INDIA LTD.,14.4,14.4,14.4,14.4,14.4,15.11,,14.4,,,150,2160,3,F1,1,,,,,
10-09-2026,10-09-2026,CM,BSE,STK,526596,INE557B01019,LIBERTSHOE,B,,,,,LIBERTY SHOES LTD.,234.9,239.1,229,229.5,229,233.1,,229.42,,,2868,671922,144,F1,1,,,,,
10-09-2026,10-09-2026,CM,BSE,STK,526604,INE845B01018,LIPPISYS,XT,,,,,LIPPI SYSTEMS LTD.,216,229,213.85,213.85,213.85,225.1,,213.85,,,13520,2917407,90,F1,1,,,,,
10-09-2026,10-09-2026,CM,BSE,STK,526608,INE822G01016,ELECTHERM,B,,,,,ELECTROTHERM (INDIA) LTD.,961,967.55,945.2,945.55,945.55,961,,943,,,482,461134,34,F1,1,,,,,
10-09-2026,10-09-2026,CM,BSE,STK,526612,INE233B01017,BLUEDART,A,,,,,BLUE DART EXPRESS LTD.,4912,4924.65,4870,4886.75,4870,4926.95,,4882.77,,,374,1832863,125,F1,1,,,,,
10-09-2026,10-09-2026,CM,BSE,STK,526614,INE561D01025,EXPOEAPL,XT,,,,,EXPO ENGINEERING AND PROJECTS,90.91,92.25,87.7,92,92,89.81,,92,,,11954,1095733,55,F1,1,,,,,
10-09-2026,10-09-2026,CM,BSE,STK,526616,INE233D01013,NATPLAS,X,,,,,NATIONAL PLASTIC INDUSTRIES LT,40.99,40.99,40,40.03,40,40,,40.03,,,453,18298,18,F1,1,,,,,
10-09-2026,10-09-2026,CM,BSE,STK,526622,INE244C01020,MFLINDIA,X,,,,,MFL INDIA LTD.,0.39,0.45,0.39,0.45,0.45,0.38,,0.45,,,5998644,2620200,860,F1,1,,,,,
10-09-2026,10-09-2026,CM,BSE,STK,526638,INE594V01028,TEXELIN,X,,,,,TEXEL INDUSTRIES LTD.,64.9,64.9,63.5,64.14,64.2,63.47,,64.14,,,7004,447799,78,F1,1,,,,,
10-09-2026,10-09-2026,CM,BSE,STK,526640,INE008C01011,RAYALEMA,X,,,,,ROYALE MANOR HOTELS & INDUSTRI,28.48,29,25.66,28.75,28.75,28.19,,28.75,,,941,25612,31,F1,1,,,,,
10-09-2026,10-09-2026,CM,BSE,STK,526642,INE771A01026,MIRZAINT,B,,,,,MIRZA INTERNATIONAL LTD.,31.25,31.51,30.75,30.76,30.75,31.25,,30.81,,,5097,157758,87,F1,1,,,,,
10-09-2026,10-09-2026,CM,BSE,STK,526650,INE305A01023,TFCILTD,A,,,,,TOURISM FINANCE CORPORATION OF,141.55,144.25,141,143.15,143.1,141.4,,143.17,,,128052,18221502,873,F1,1,,,,,
10-09-2026,10-09-2026,CM,BSE,STK,526654,INE403F01017,THAKDEV,B,,,,,THAKKERS DEVELOPERS LTD.,142.85,144.85,136.75,136.75,136.75,151.9,,136.98,,,705,96495,18,F1,1,,,,,
10-09-2026,10-09-2026,CM,BSE,STK,526662,INE610C01014,ARENTERP,B,,,,,RAJDARSHAN INDUSTRIES LTD.,33,33,33,33,33,33.42,,32.6,,,3,99,2,F1,1,,,,,
10-09-2026,10-09-2026,CM,BSE,STK,526666,INE828A01016,BIL,B,,,,,BHARTIYA INTERNATIONAL LTD.,1123.85,1149,1058,1079.7,1073.15,1104.05,,1081.66,,,3568,3860896,333,F1,1,,,,,
10-09-2026,10-09-2026,CM,BSE,STK,526668,INE967C01018,KAMATHOTEL,B,,,,,KAMAT HOTELS (INDIA) LTD.,226.45,228.3,222,224.85,225.05,226.15,,224.68,,,967,216808,83,F1,1,,,,,
10-09-2026,10-09-2026,CM,BSE,STK,526675,INE008N01018,TIRTPLS,X,,,,,TIRTH PLASTIC LTD.,24.81,26.5,24.81,26.45,26.48,26.04,,26.45,,,1970,51133,26,F1,1,,,,,
10-09-2026,10-09-2026,CM,BSE,STK,526677,INE055C01020,KEEPLEARN,B,,,,,DSJ KEEP LEARNING LIMITED,1.98,1.99,1.85,1.95,1.95,1.98,,1.9,,,7895,15617,10,F1,1,,,,,
10-09-2026,10-09-2026,CM,BSE,STK,526703,INE423D01010,ECOPLAST,X,,,,,ECOPLAST LTD.,503.95,506.9,480.1,492.5,501,501.45,,492.5,,,388,192621,32,F1,1,,,,,
10-09-2026,10-09-2026,CM,BSE,STK,526709,INE839A01021,BITS,X,,,,,BITS LTD.,7.13,7.14,6.57,7.04,6.99,7.05,,7.04,,,28413,200418,178,F1,1,,,,,
10-09-2026,10-09-2026,CM,BSE,STK,526711,INE627D01016,ADARSHPL,X,,,,,ADARSH PLANT PROTECT LTD.,27.49,27.49,26.02,26.02,26.02,27.49,,26.02,,,451,12222,8,F1,1,,,,,
10-09-2026,10-09-2026,CM,BSE,STK,526717,INE136C01044,HPBL,XT,,,,,HCP PLASTENE BULKPACK LIMITED,314,318,299,309.95,315,314,,309.95,,,6415,1981202,111,F1,1,,,,,
10-09-2026,10-09-2026,CM,BSE,STK,526721,INE653C01022,NICCOPAR,B,,,,,NICCO PARKS & RESORTS LTD.,80.26,80.5,80.26,80.5,80.5,78.94,,80.02,,,506,40612,4,F1,1,,,,,
10-09-2026,10-09-2026,CM,BSE,STK,526723,INE920C01017,NTCIND,B,,,,,NTC INDUSTRIES LTD.,131.05,134.95,131,131.45,131,132.85,,131.68,,,386,51771,14,F1,1,,,,,
10-09-2026,10-09-2026,CM,BSE,STK,526725,INE583B01015,SANDESH,B,,,,,SANDESH LTD.,1037.5,1037.5,1014.15,1021.05,1021.05,1035.8,,1021.1,,,6,6174,5,F1,1,,,,,
10-09-2026,10-09-2026,CM,BSE,STK,526727,INE797D01017,GARNET,X,,,,,GARNET CONSTRUCTION LTD.,57.08,57.08,53,54.34,54.24,56.79,,54.34,,,4081,222775,58,F1,1,,,,,
10-09-2026,10-09-2026,CM,BSE,STK,526729,INE025B01025,GOLDIAM,A,,,,,GOLDIAM INTERNATIONAL LTD.,331.4,333.15,326,328.15,328.15,329.75,,327.8,,,12131,3994979,399,F1,1,,,,,
10-09-2026,10-09-2026,CM,BSE,STK,526731,INE630D01010,BRIGHTBR,B,,,,,BRIGHT BROTHERS LTD.,252.1,259.6,251.45,258.45,259.35,259.6,,256.76,,,311,79712,10,F1,1,,,,,
10-09-2026,10-09-2026,CM,BSE,STK,526739,INE869A01010,SHAWGELTIN,X,,,,,NARMADA GELATINES LTD.,473.95,475,468.4,473.75,473.95,469.25,,473.75,,,1556,736548,62,F1,1,,,,,
10-09-2026,10-09-2026,CM,BSE,STK,526747,INE078D01012,PGFOILQ,X,,,,,PG FOILS LTD.,237.9,238,226.5,230.4,230.4,232.45,,230.4,,,4783,1104493,91,F1,1,,,,,
10-09-2026,10-09-2026,CM,BSE,STK,526755,INE548D01014,VELHO,XT,,,,,VELAN HOTELS LTD.,5.3,5.49,5.07,5.49,5.49,5.33,,5.49,,,206,1086,5,F1,1,,,,,
10-09-2026,10-09-2026,CM,BSE,STK,526761,INE931B01016,HOWARHO,X,,,,,HOWARD HOTELS LTD.,18.3,18.3,18.26,18.26,18.26,18.4,,18.26,,,6,109,2,F1,1,,,,,
10-09-2026,10-09-2026,CM,BSE,STK,526775,INE760B01019,VALIANT,X,,,,,VALIANT COMMUNICATIONS LTD.,1311,1349.9,1290,1345,1348,1321.3,,1345,,,27646,36599063,989,F1,1,,,,,
10-09-2026,10-09-2026,CM,BSE,STK,526783,INE934C01018,DRAGARWQ,B,,,,,DR.AGARWALS EYE HOSPITAL LTD.,5210.5,5345,5210.5,5315.75,5340,5232.15,,5306.15,,,83,442210,42,F1,1,,,,,
10-09-2026,10-09-2026,CM,BSE,STK,526797,INE461C01038,GREENPLY,B,,,,,GREENPLY INDUSTRIES LTD.,292.7,299.3,291,297.05,299.3,294,,296.73,,,8369,2467653,236,F1,1,,,,,
10-09-2026,10-09-2026,CM,BSE,STK,526807,INE497B01018,SEAMECLTD,B,,,,,SEAMEC LTD.,1780.1,1804,1765,1778.15,1783.3,1772.5,,1772.93,,,1584,2831335,138,F1,1,,,,,
10-09-2026,10-09-2026,CM,BSE,STK,526813,INE753B01014,RAGHUNAT,X,,,,,RAGHUNATH INTERNATIONAL LTD.,10.7,10.7,10.03,10.03,10.03,10.7,,10.03,,,10,105,4,F1,1,,,,,
10-09-2026,10-09-2026,CM,BSE,STK,526817,INE974B01016,CHEVIOT,B,,,,,CHEVIOT CO.LTD.,1190,1207.2,1190,1190.5,1190.5,1186.8,,1195.82,,,198,236267,19,F1,1,,,,,
10-09-2026,10-09-2026,CM,BSE,STK,526821,INE928C01010,DAICHI,T,,,,,DAI-ICHI KARKARIA LTD.,341.2,352.2,341.2,342,342,352.2,,341.06,,,287,98207,11,F1,1,,,,,
10-09-2026,10-09-2026,CM,BSE,STK,526823,INE016C01014,RAJINFRA,Z,,,,,RAJESWARI INFRASTRUCTURE LIMIT,4.13,4.13,4.13,4.13,4.13,4.05,,4.13,,,2,8,1,F1,1,,,,,
10-09-2026,10-09-2026,CM,BSE,STK,526827,INE882D01025,SPICEISLIN,XT,,,,,SPICE ISLANDS INDUSTRIES LIMIT,99.9,99.9,92.5,93.3,93.1,96.75,,93.3,,,17233,1637537,320,F1,1,,,,,
10-09-2026,10-09-2026,CM,BSE,STK,526829,INE552D01024,CONFIPET,B,,,,,CONFIDENCE PETROLEUM INDIA LTD,90.99,90.99,87.06,87.88,87.85,90.48,,87.84,,,175146,15481948,1157,F1,1,,,,,
10-09-2026,10-09-2026,CM,BSE,STK,526839,INE413C01013,SIPL,X,,,,,SHELTER INFRA PROJECTS LTD.,14.27,14.31,14.27,14.31,14.31,14.2,,14.31,,,26,371,7,F1,1,,,,,
10-09-2026,10-09-2026,CM,BSE,STK,526841,INE794C01016,SHAKTIPR,X,,,,,SHAKTI PRESS LTD.,11.38,11.74,11.38,11.45,11.45,11.69,,11.45,,,146157,1676145,447,F1,1,,,,,
10-09-2026,10-09-2026,CM,BSE,STK,526847,INE338C01012,ASHSI,X,,,,,ASHIRWAD STEELS & INDUSTRIES L,24.45,24.45,22.7,23.09,23.35,23.16,,23.09,,,1752,40616,33,F1,1,,,,,
10-09-2026,10-09-2026,CM,BSE,STK,526849,INE655B01011,BANARBEADS,B,,,,,BANARAS BEADS LTD.,113.65,115,108.15,115,115,112.2,,110.56,,,60,6620,15,F1,1,,,,,
10-09-2026,10-09-2026,CM,BSE,STK,526851,INE480H01011,AREXMIS,X,,,,,AREX INDUSTRIES LTD.,120.6,122.05,120.6,122.05,122.05,122.85,,122.05,,,183,22245,8,F1,1,,,,,
10-09-2026,10-09-2026,CM,BSE,STK,526853,INE986A01012,BI,T,,,,,BILCARE LTD.,91,92.7,88.6,89.62,89.12,91.62,,89.8,,,2442,222789,33,F1,1,,,,,
10-09-2026,10-09-2026,CM,BSE,STK,526859,INE973B01026,ISFL,X,,,,,ISF LIMITED,0.7,0.7,0.68,0.68,0.68,0.7,,0.68,,,19583,13405,29,F1,1,,,,,
10-09-2026,10-09-2026,CM,BSE,STK,526861,INE988D01012,RISHILASE,X,,,,,RISHI LASER LTD.,142.55,144,140.2,142.6,142.6,141.6,,142.6,,,14105,1997553,87,F1,1,,,,,
10-09-2026,10-09-2026,CM,BSE,STK,526865,INE966C01010,JAINCO,X,,,,,JAINCO PROJECTS (INDIA) LTD.,4.72,4.72,4.52,4.52,4.52,4.72,,4.52,,,354,1670,6,F1,1,,,,,
10-09-2026,10-09-2026,CM,BSE,STK,526869,INE795E01019,KUMPFIN,X,,,,,KUMBHAT FINANCIAL SERVICES LTD,20,20,18.56,19.3,18.59,19.05,,19.3,,,4902,96742,12,F1,1,,,,,
10-09-2026,10-09-2026,CM,BSE,STK,526871,INE017E01018,INTECCAP,XT,,,,,INTEC CAPITAL LTD.,14.86,14.86,14.32,14.32,14.32,14.5,,14.32,,,166,2451,11,F1,1,,,,,
10-09-2026,10-09-2026,CM,BSE,STK,526873,INE184D01026,RAJSEC,X,,,,,RAJASTHAN SECURITIES LIMITED,57.8,57.8,57.6,57.7,57.7,57.55,,57.7,,,8607,495877,31,F1,1,,,,,
10-09-2026,10-09-2026,CM,BSE,STK,526877,INE797C01019,SIDDHEGA,XT,,,,,SIDDHESWARI GARMENTS LTD.,19.97,19.97,19.97,19.97,19.97,19.58,,19.97,,,20,399,2,F1,1,,,,,
10-09-2026,10-09-2026,CM,BSE,STK,526881,INE111B01023,63MOONS,A,,,,,63 Moons Technologies Limited,872.9,911,872.9,888.55,886,867.2,,886.51,,,70144,62995116,3411,F1,1,,,,,
10-09-2026,10-09-2026,CM,BSE,STK,526885,INE453D01025,SARLAPOLY,B,,,,,SARLA PERFORMANCE FIBERS LTD.,101.95,102.25,100,102,102,101.15,,101.31,,,780,78845,16,F1,1,,,,,
10-09-2026,10-09-2026,CM,BSE,STK,526887,INE147D01015,INDOCRED,XT,,,,,INDO CREDIT CAPITAL LTD.,7.25,7.25,6.89,6.89,6.89,7.25,,6.89,,,1461,10080,8,F1,1,,,,,
10-09-2026,10-09-2026,CM,BSE,STK,526891,INE944C01017,MKTCREAT,X,,,,,MARKET CREATORS LTD.,15.15,15.15,15.15,15.15,15.15,15.22,,15.15,,,1,15,1,F1,1,,,,,
10-09-2026,10-09-2026,CM,BSE,STK,526899,INE552B01010,HFIL,X,,,,,HIMALAYA FOOD INTERNATIONAL LI,8.25,8.25,8.04,8.1,8.05,8.12,,8.1,,,43293,351123,122,F1,1,,,,,
10-09-2026,10-09-2026,CM,BSE,STK,526901,INE344I01017,SONALAD,X,,,,,SONAL ADHESIVES LTD.,40.58,41.39,40.41,41.39,41.39,41.4,,41.39,,,20,809,3,F1,1,,,,,
10-09-2026,10-09-2026,CM,BSE,STK,526905,INE743D01011,PADMAIND,X,,,,,Padmanabh Industries Ltd,7.5,7.52,6.86,6.98,7.1,7.17,,6.98,,,422,3170,6,F1,1,,,,,
10-09-2026,10-09-2026,CM,BSE,STK,526921,INE253B01015,21STCENMGM,B,,,,,TWENTYFIRST CENTURY MANAGEMENT,39.95,39.95,38.65,38.65,38.65,39.4,,38.97,,,151,5840,4,F1,1,,,,,
10-09-2026,10-09-2026,CM,BSE,STK,526931,INE400G01011,HRYNSHP,B,,,,,HARIYANA SHIP BREAKERS LTD.,101,101.8,99.55,101.8,101.8,99.5,,100.85,,,241,24269,26,F1,1,,,,,
10-09-2026,10-09-2026,CM,BSE,STK,526935,INE377D01026,KALIND,X,,,,,Kalind Limited,6.03,6.03,5.95,6.03,6.03,5.75,,6.03,,,8320766,50163756,1311,F1,1,,,,,
10-09-2026,10-09-2026,CM,BSE,STK,526945,INE945B01016,TYROON,X,,,,,TYROON TEA CO.LTD.,89.8,89.8,81.9,81.9,81.9,84.8,,81.9,,,126,10460,7,F1,1,,,,,
10-09-2026,10-09-2026,CM,BSE,STK,526947,INE059D01020,LAOPALA,B,,,,,LA OPALA RG LTD.,166.75,169.4,162,162.95,162.95,167.5,,162.41,,,9603,1585363,479,F1,1,,,,,
10-09-2026,10-09-2026,CM,BSE,STK,526951,INE239C01020,STYLAMIND,B,,,,,STYLAM INDUSTRIES LIMITED,3373.55,3373.55,3302.2,3310.9,3327.65,3388,,3310.6,,,399,1336912,87,F1,1,,,,,
10-09-2026,10-09-2026,CM,BSE,STK,526953,INE411B01019,VENUSREM,T,,,,,VENUS REMEDIES LTD.,1677.95,1677.95,1618,1626.45,1626.45,1654.1,,1624.58,,,1308,2140648,140,F1,1,,,,,
10-09-2026,10-09-2026,CM,BSE,STK,526961,INE404B01022,LASTMILE,X,,,,,LAST MILE ENTERPRISES LIMITED,5.06,5.18,5,5.05,5.05,5.03,,5.05,,,24043,120684,77,F1,1,,,,,
10-09-2026,10-09-2026,CM,BSE,STK,526965,INE372D01019,GUJCRAFT,X,,,,,GUJARAT CRAFT INDUSTRIES LTD.,96,96,95,95.5,96,95.5,,95.5,,,36,3434,5,F1,1,,,,,
10-09-2026,10-09-2026,CM,BSE,STK,526967,INE025D01013,HEERAISP,X,,,,,HEERA ISPAT LTD.,7.35,7.35,7.35,7.35,7.35,7,,7.35,,,5018,36882,11,F1,1,,,,,
10-09-2026,10-09-2026,CM,BSE,STK,526971,INE313G01016,DHOOTIN,XT,,,,,DHOOT INDUSTRIAL FINANCE LTD.,272,275,267.7,270.45,273.4,272,,270.45,,,757,204014,38,F1,1,,,,,
10-09-2026,10-09-2026,CM,BSE,STK,526981,INE402H01015,SHBAJRG,B,,,,,SHRI BAJRANG ALLIANCE LIMITED,159.75,159.9,158,159.9,159.9,159.4,,159.61,,,493,78431,29,F1,1,,,,,
10-09-2026,10-09-2026,CM,BSE,STK,526987,INE550C01020,URJA,B,,,,,URJA GLOBAL LTD.,9.05,9.15,8.98,9,9,9.06,,9,,,104511,943110,585,F1,1,,,,,
10-09-2026,10-09-2026,CM,BSE,STK,527001,INE348A01023,ASHAPURMIN,A,,,,,ASHAPURA MINECHEM LTD.,550.9,557.45,539.65,543.15,543.15,550.9,,542.22,,,392739,213126647,1290,F1,1,,,,,
10-09-2026,10-09-2026,CM,BSE,STK,527005,INE847D01010,SHREEPAC,X,,,,,SHREE PACETRONIX LTD.,148,148,136,144.25,144.6,142.95,,144.25,,,6032,844947,73,F1,1,,,,,
10-09-2026,10-09-2026,CM,BSE,STK,530001,INE186A01019,GUJALKALI,B,,,,,GUJARAT ALKALIES & CHEMICALS L,712.9,728.1,708,716.55,720,712.9,,718.66,,,3590,2569609,263,F1,1,,,,,
10-09-2026,10-09-2026,CM,BSE,STK,530005,INE383A01012,INDIACEM,A,,,,,INDIA CEMENTS LTD.,352,353.55,347,347.25,347.5,351.65,,347.82,,,7116,2487035,439,F1,1,,,,,
10-09-2026,10-09-2026,CM,BSE,STK,530007,INE573A01042,JKTYRE,A,,,,,JK TYRE & INDUSTRIES LTD.,358.85,359,351,357.6,357.4,356.5,,357.65,,,56836,20297077,1691,F1,1,,,,,
10-09-2026,10-09-2026,CM,BSE,STK,530017,INE173A01025,SIL,B,,,,,STANDARD INDUSTRIES LTD.,18.41,18.56,18.01,18.25,18.25,18.41,,18.13,,,9224,169297,91,F1,1,,,,,
10-09-2026,10-09-2026,CM,BSE,STK,530019,INE700A01033,JUBLPHARMA,A,,,,,JUBILANT PHARMOVA LIMITED,1014.3,1027.9,1008,1025.7,1026.5,1019,,1025.65,,,18851,19165984,1240,F1,1,,,,,
10-09-2026,10-09-2026,CM,BSE,STK,530023,INE924D01017,THEINVEST,B,,,,,THE INVESTMENT TRUST OF INDIA,98.75,99,96,98.84,98.84,97.85,,97.34,,,283,27293,13,F1,1,,,,,
10-09-2026,10-09-2026,CM,BSE,STK,530025,INE607G01011,SAMYAKINT,X,,,,,SAMYAK INTERNATIONAL LTD.,17.69,17.69,17.69,17.69,17.69,17.35,,17.69,,,1,17,1,F1,1,,,,,
10-09-2026,10-09-2026,CM,BSE,STK,530037,INE618F01010,SPARKLEGR,X,,,,,SPARKLE GOLD ROCK LIMITED,67,67,66.6,66.65,66.65,65.39,,66.65,,,1513,100974,15,F1,1,,,,,
10-09-2026,10-09-2026,CM,BSE,STK,530043,INE326C01017,ACKNIT,X,,,,,ACKNIT INDUSTRIES LTD.,321.55,339.7,315.05,337.45,338,342,,337.45,,,276,90545,26,F1,1,,,,,
10-09-2026,10-09-2026,CM,BSE,STK,530045,INE090D01017,TITANSEC,X,,,,,TITAN SECURITIES LTD.,41.65,41.85,39.81,41,41,41.7,,41,,,30426,1250502,96,F1,1,,,,,
10-09-2026,10-09-2026,CM,BSE,STK,530053,INE055E01034,REALECO,X,,,,,REAL ECO-ENERGY LIMITED,4.5,4.69,4.31,4.49,4.49,4.51,,4.49,,,9488,43457,87,F1,1,,,,,
10-09-2026,10-09-2026,CM,BSE,STK,530057,INE984E01035,VIVANZA,X,,,,,Vivanza Biosciences Limited,1.9,1.9,1.88,1.88,1.88,1.78,,1.88,,,27235,51301,28,F1,1,,,,,
10-09-2026,10-09-2026,CM,BSE,STK,530063,INE095C01018,YASHRAJC,XT,,,,,YASHRAJ CONTAINEURS LTD.,4.37,4.57,4.21,4.46,4.46,4.37,,4.46,,,357,1547,27,F1,1,,,,,
10-09-2026,10-09-2026,CM,BSE,STK,530065,INE689J01013,LORDSHOTL,X,,,,,LORDS ISHWAR HOTELS LIMITED,15.34,16.1,15.34,15.35,15.34,15.34,,15.35,,,131,2010,4,F1,1,,,,,
10-09-2026,10-09-2026,CM,BSE,STK,530067,INE718F01018,CSLFINANCE,B,,,,,CSL Finance Limited,244,245.3,240,241,241.4,243.3,,241.04,,,5610,1360261,139,F1,1,,,,,
10-09-2026,10-09-2026,CM,BSE,STK,530073,INE989A01032,SANGHVIMOV,B,,,,,SANGHVI MOVERS LTD.,442.7,444.9,432.4,434,432.45,442.7,,434.15,,,13366,5850113,354,F1,1,,,,,
10-09-2026,10-09-2026,CM,BSE,STK,530075,INE818A01017,ANTELOPUS,B,,,,,Antelopus Selan Energy Limited,1160,1170,1092.1,1117.15,1117.15,1171.7,,1123.67,,,209872,239690165,5192,F1,1,,,,,
10-09-2026,10-09-2026,CM,BSE,STK,530077,INE795D01011,PURETROP,X,,,,,PURETROP FRUITS LIMITED,180.15,183.75,172,179.3,180,180.5,,179.3,,,30360,5462583,137,F1,1,,,,,
10-09-2026,10-09-2026,CM,BSE,STK,530079,INE963C01033,FAZE3Q,B,,,,,FAZE THREE LTD.,487.3,491.25,480.7,485.1,485,486.1,,486.38,,,845,409100,55,F1,1,,,,,
10-09-2026,10-09-2026,CM,BSE,STK,530109,INE069B01023,ANUPAM,X,,,,,ANUPAM FINSERV LIMITED,1.84,1.84,1.7,1.75,1.75,1.81,,1.75,,,356934,622026,271,F1,1,,,,,
10-09-2026,10-09-2026,CM,BSE,STK,530111,INE639C01013,RAJPACK,X,,,,,RAJ PACKAGING INDUSTRIES LTD.,30.5,30.7,29.01,30.18,30.7,30.5,,30.18,,,4466,135422,20,F1,1,,,,,
10-09-2026,10-09-2026,CM,BSE,STK,530117,INE959A01019,PRIVISCL,A,,,,,PRIVI SPECIALITY CHEMICALS LIM,3544.4,3544.4,3441,3498.65,3491.8,3536.5,,3495.66,,,4002,13935366,500,F1,1,,,,,
10-09-2026,10-09-2026,CM,BSE,STK,530119,INE444D01016,NATRAJPR,X,,,,,NATRAJ PROTEINS LTD.,41,43.9,37.55,38.39,37.56,39.9,,38.39,,,4330,166965,52,F1,1,,,,,
10-09-2026,10-09-2026,CM,BSE,STK,530125,INE103E01016,SAMRATPH,X,,,,,SAMRAT PHARMACHEM LTD.,230,233.45,224.05,231.5,231,228.25,,231.5,,,407,92879,31,F1,1,,,,,
10-09-2026,10-09-2026,CM,BSE,STK,530127,INE446D01011,NPRFIN,X,,,,,NPR FINANCE LTD.,31,31,27.76,27.76,27.76,30.84,,27.76,,,11768,341518,105,F1,1,,,,,
10-09-2026,10-09-2026,CM,BSE,STK,530129,INE445D01013,NILE,B,,,,,NILE LTD.,1443.65,1479.75,1443.65,1455.25,1455.25,1479.05,,1456.56,,,356,518474,42,F1,1,,,,,
10-09-2026,10-09-2026,CM,BSE,STK,530133,INE924B01011,AMCOIND,X,,,,,AMCO INDIA LTD.,68,68,64,64.03,65.38,65.3,,64.03,,,462,30363,14,F1,1,,,,,
10-09-2026,10-09-2026,CM,BSE,STK,530135,INE350C01017,OPTIEMUS,B,,,,,OPTIEMUS INFRACOM LTD,545.1,569.15,544.85,556.45,554.3,542.35,,557.61,,,12072,6718896,640,F1,1,,,,,
10-09-2026,10-09-2026,CM,BSE,STK,530139,INE302C01018,KREONFIN,XT,,,,,KREON FINNANCIAL SERVICES LTD.,89.99,90.88,85.01,85.76,86,86.56,,85.76,,,1344,116962,23,F1,1,,,,,
10-09-2026,10-09-2026,CM,BSE,STK,530141,INE487G01018,GYANDEV,X,,,,,GYAN DEVELOPERS & BUILDERS LTD,49,52,48.5,52,52,50.8,,52,,,64,3132,7,F1,1,,,,,
10-09-2026,10-09-2026,CM,BSE,STK,530145,INE017C01012,KISAN,XT,,,,,KISAN MOULDINGS LTD.,23,23.52,23,23.52,23.52,23.06,,23.52,,,31854,738530,34,F1,1,,,,,
10-09-2026,10-09-2026,CM,BSE,STK,530163,INE817B01025,KERALAYUR,X,,,,,KERALA AYURVEDA LTD.,172.95,180,172.95,176.75,180,176.1,,176.75,,,5841,1021757,84,F1,1,,,,,
10-09-2026,10-09-2026,CM,BSE,STK,530167,INE153K01018,MONGIPA,XT,,,,,MOONGIPA CAPITAL FINANCE LTD.,19.03,19.5,18.98,19.5,19.5,19.07,,19.5,,,4099,77887,11,F1,1,,,,,
10-09-2026,10-09-2026,CM,BSE,STK,530169,INE388C01017,MOHITPPR,X,,,,,MOHIT PAPER MILLS LTD.,26.01,27.38,26.01,27.38,27.38,26.52,,27.38,,,643,16817,7,F1,1,,,,,
10-09-2026,10-09-2026,CM,BSE,STK,530171,INE108C01019,DAULAT,X,,,,,DAULAT SECURITIES LTD.,29.99,33.87,26.6,29.16,28.51,28.23,,29.16,,,4008,118123,33,F1,1,,,,,
10-09-2026,10-09-2026,CM,BSE,STK,530175,INE213B01019,ODYSSEY,X,,,,,ODYSSEY TECHNOLOGIES LTD.,42.79,42.79,40.51,41.76,41.99,40.66,,41.76,,,7523,314380,69,F1,1,,,,,
10-09-2026,10-09-2026,CM,BSE,STK,530177,INE758B01013,VKGLOBAL,X,,,,,VK Global Industries Limited,25.39,25.39,25.02,25.39,25.39,24.19,,25.39,,,41398,1050464,47,F1,1,,,,,
10-09-2026,10-09-2026,CM,BSE,STK,530179,INE015F01019,RSCINT,XT,,,,,RSC INTERNATIONAL LTD.,82.62,82.62,82.62,82.62,82.62,81,,82.62,,,12248,1011929,17,F1,1,,,,,
10-09-2026,10-09-2026,CM,BSE,STK,530185,INE936A01025,SURATRAML,X,,,,,Surat Trade and Mercantile Lim,4.67,4.98,4.67,4.89,4.97,4.79,,4.89,,,64706,315049,145,F1,1,,,,,
10-09-2026,10-09-2026,CM,BSE,STK,530187,INE354E01031,ATHARVENT,XT,,,,,ATHARV ENTERPRISES LTD.,5.1,5.1,5.1,5.1,5.1,4.86,,5.1,,,84626,431592,23,F1,1,,,,,
10-09-2026,10-09-2026,CM,BSE,STK,530197,INE365H01014,FUNDVISER,X,,,,,FUNDVISER CAPITAL (INDIA) LIMI,380.95,420.95,380.95,406.3,420.95,401,,406.3,,,89,34667,16,F1,1,,,,,
10-09-2026,10-09-2026,CM,BSE,STK,530199,INE083B01024,THEMISMED,B,,,,,THEMIS MEDICARE LTD.,133.5,133.9,131.65,132,132.4,132.25,,132.07,,,9848,1307985,172,F1,1,,,,,
10-09-2026,10-09-2026,CM,BSE,STK,530201,INE629F01025,KALLAM,XT,,,,,KALLAM TEXTILES LTD,2.1,2.13,2.03,2.13,2.13,2.13,,2.13,,,13334,27588,42,F1,1,,,,,
10-09-2026,10-09-2026,CM,BSE,STK,530207,INE899B01015,BRAWN,X,,,,,BRAWN BIOTECH LTD.,23.3,23.3,23,23.3,23.3,23.29,,23.3,,,1040,24228,6,F1,1,,,,,
10-09-2026,10-09-2026,CM,BSE,STK,530213,INE501D01013,FORINTL,X,,,,,FORTUNE INTERNATIONAL LTD.,79.61,80,79.6,80,80,79.5,,80,,,3494,278923,7,F1,1,,,,,
10-09-2026,10-09-2026,CM,BSE,STK,530215,INE050N01010,KINGSINFR,X,,,,,KINGS INFRA VENTURES LIMITED,84.4,87.33,83.01,83.95,83.5,84.42,,83.95,,,9623,814653,121,F1,1,,,,,
10-09-2026,10-09-2026,CM,BSE,STK,530217,INE295B01016,SWOJAS,X,,,,,SWOJAS FOODS LIMITED,7.31,7.62,7,7.14,7.17,7.31,,7.14,,,16171,114912,37,F1,1,,,,,
10-09-2026,10-09-2026,CM,BSE,STK,530231,INE690D01014,SUBSM,X,,,,,SUBHASH SILK MILLS LTD.,56.62,56.62,56.62,56.62,56.62,59.6,,56.62,,,10,566,1,F1,1,,,,,
10-09-2026,10-09-2026,CM,BSE,STK,530233,INE292C01011,AUROLAB,X,,,,,AURO LABORATORIES LTD.,254,260.7,246.05,256.95,256.95,256.75,,256.95,,,3015,770552,104,F1,1,,,,,
10-09-2026,10-09-2026,CM,BSE,STK,530235,INE533C01018,KJMCFIN,B,,,,,KJMC FINANCIAL SERVICES LTD.,63.97,63.97,60.78,60.78,60.78,63.97,,61.58,,,108,6587,18,F1,1,,,,,
10-09-2026,10-09-2026,CM,BSE,STK,530239,INE495B01038,SUVEN,B,,,,,SUVEN LIFE SCIENCES LTD.,359.95,366.35,359,361.55,360.65,357.9,,360.73,,,38988,14113331,953,F1,1,,,,,
10-09-2026,10-09-2026,CM,BSE,STK,530245,INE032E01017,ARYAMAN,B,,,,,ARYAMAN FINANCIAL SERVICES LTD,621.95,621.95,620.5,620.5,620.5,612.35,,620.5,,,35,21742,5,F1,1,,,,,
10-09-2026,10-09-2026,CM,BSE,STK,530249,INE958C01025,BRIDGESE,X,,,,,BRIDGE SECURITIES LTD.,9.27,9.27,9.27,9.27,9.27,9.75,,9.27,,,58728,544408,153,F1,1,,,,,
10-09-2026,10-09-2026,CM,BSE,STK,530251,INE001O01029,RISAINTL,X,,,,,RISA INTERNATIONAL LTD.,0.45,0.45,0.42,0.42,0.42,0.45,,0.42,,,29147,12325,26,F1,1,,,,,
10-09-2026,10-09-2026,CM,BSE,STK,530253,INE497E01020,RAJTUBE,XT,,,,,RAJASTHAN TUBE MANUFACTURING C,10.29,10.29,9.5,10.19,10.19,10,,10.19,,,23580,226757,84,F1,1,,,,,
10-09-2026,10-09-2026,CM,BSE,STK,530255,INE961B01013,KAYPOWR,X,,,,,KAY POWER AND PAPER LTD.,10.2,10.2,9.7,9.97,10.05,9.79,,9.97,,,6589,64646,25,F1,1,,,,,
10-09-2026,10-09-2026,CM,BSE,STK,530259,INE003B01014,INTSTOIL,XT,,,,,INTER STATE OIL CARRIER LTD.,50.5,53.07,50.42,50.42,50.42,53.07,,50.42,,,15562,805645,44,F1,1,,,,,
10-09-2026,10-09-2026,CM,BSE,STK,530263,INE062C01042,GLOBALCA,X,,,,,GLOBAL CAPITAL MARKETS LTD.,0.45,0.46,0.45,0.46,0.46,0.45,,0.46,,,119094,54639,79,F1,1,,,,,
10-09-2026,10-09-2026,CM,BSE,STK,530265,INE584B01013,SAINIK,X,,,,,SAINIK FINANCE & INDUSTRIES LT,37.89,37.89,34.22,34.29,35.69,34.2,,34.29,,,608,21710,29,F1,1,,,,,
10-09-2026,10-09-2026,CM,BSE,STK,530267,INE021N01011,ARIGATO,X,,,,,ARIGATO UNIVERSE LIMITED,52.98,52.98,50.34,50.34,50.34,52.98,,50.34,,,800,40800,13,F1,1,,,,,
10-09-2026,10-09-2026,CM,BSE,STK,530271,INE652D01014,RICHUNV,X,,,,,RICH UNIVERSE NETWORK LTD.,9.2,9.2,8.35,8.37,8.37,8.77,,8.37,,,21459,197118,15,F1,1,,,,,
10-09-2026,10-09-2026,CM,BSE,STK,530281,INE373C01019,QUANTDIA,XT,,,,,QUANTUM DIGITAL VISION (INDIA),45.57,45.57,44.5,44.51,44.51,43.41,,44.51,,,7437,338168,32,F1,1,,,,,
10-09-2026,10-09-2026,CM,BSE,STK,530289,INE102F01015,SPCAPIT,X,,,,,SP CAPITAL FINANCING LTD.,54,57.5,54,57.45,57.1,52.64,,57.45,,,77,4399,10,F1,1,,,,,
10-09-2026,10-09-2026,CM,BSE,STK,530291,INE791C01012,PAOS,X,,,,,PAOS INDUSTRIES LIMITED,42,42,42,42,42,42.5,,42,,,82,3444,3,F1,1,,,,,
10-09-2026,10-09-2026,CM,BSE,STK,530299,INE823A01017,KOTHARIPRO,B,,,,,KOTHARI PRODUCTS LTD.,67.9,68,65.33,66.97,66.95,67.9,,65.82,,,1045,68732,20,F1,1,,,,,
10-09-2026,10-09-2026,CM,BSE,STK,530305,INE546C01010,PICCADIL,B,,,,,PICCADILY AGRO INDUSTRIES LTD.,597.45,611.3,594.55,600.35,606,599.85,,600.5,,,16479,9893448,567,F1,1,,,,,
10-09-2026,10-09-2026,CM,BSE,STK,530307,INE419D01026,CLSEL,B,,,,,CHAMAN LAL SETIA EXPORTS LIMIT,304.45,304.45,299.05,302.45,301.6,304.6,,302.55,,,1486,447969,85,F1,1,,,,,
10-09-2026,10-09-2026,CM,BSE,STK,530309,INE368D01025,CHANDRAP,X,,,,,CHANDRA PRABHU INTERNATIONAL L,10.51,11.09,10.51,10.77,10.98,10.96,,10.77,,,7855,84591,40,F1,1,,,,,
10-09-2026,10-09-2026,CM,BSE,STK,530313,INE285U01025,KIMIABL,X,,,,,KIMIA BIOSCIENCES LIMITED,29.62,29.62,28.75,29.52,29.52,29.48,,29.52,,,634,18328,8,F1,1,,,,,
10-09-2026,10-09-2026,CM,BSE,STK,530315,INE428D01019,HINDTIN,X,,,,,HINDUSTAN TIN WORKS LTD.,118,118.55,113.1,114.95,114,115.55,,114.95,,,3864,449075,90,F1,1,,,,,
10-09-2026,10-09-2026,CM,BSE,STK,530317,INE362C01012,GODAVARI,X,,,,,GODAVARI DRUGS LTD.,122.94,125,116.3,120.61,119,120.53,,120.61,,,14409,1745775,138,F1,1,,,,,
10-09-2026,10-09-2026,CM,BSE,STK,530331,INE001E01012,PREMCO,B,,,,,PREMCO GLOBAL LTD.,390,395,385.7,388.75,385.7,385.3,,386.37,,,55,21612,7,F1,1,,,,,
10-09-2026,10-09-2026,CM,BSE,STK,530341,INE596B01017,MUKESHB,B,,,,,MUKESH BABU FINANCIAL SERVICES,132,132,132,132,132,134,,132.5,,,200,26400,1,F1,1,,,,,
10-09-2026,10-09-2026,CM,BSE,STK,530343,INE955D01029,GENUSPOWER,A,,,,,GENUS POWER INFRASTRUCTURES LT,329,332.5,325.1,326.15,326.1,329.15,,326.15,,,42693,13994560,1052,F1,1,,,,,
10-09-2026,10-09-2026,CM,BSE,STK,530355,INE276G01015,ASIANENE,B,,,,,ASIAN ENERGY SERVICES LTD,535.8,541.85,530.9,533.6,532.9,534.05,,533.93,,,12639,6775532,442,F1,1,,,,,
10-09-2026,10-09-2026,CM,BSE,STK,530357,INE883D01023,KBSINDIA,X,,,,,KBS INDIA LIMITED,1.33,1.37,1.32,1.34,1.35,1.32,,1.34,,,22412,30124,65,F1,1,,,,,
10-09-2026,10-09-2026,CM,BSE,STK,530361,INE428P01013,PRABHHANS,XT,,,,,PRABHHANS INDUSTRIES LIMITED,35,38.56,34.9,36.67,36.67,36.73,,36.67,,,18889,696036,56,F1,1,,,,,
10-09-2026,10-09-2026,CM,BSE,STK,530363,INE071E01023,UGARSUGAR,B,,,,,UGAR SUGAR WORKS LTD.,50.83,51.5,49.47,49.97,50,50.76,,49.92,,,33545,1689512,407,F1,1,,,,,
10-09-2026,10-09-2026,CM,BSE,STK,530365,INE607D01018,ORIENTBELL,B,,,,,ORIENT BELL LIMITED,422,422,409.25,410,412.5,418.9,,411.93,,,785,325452,36,F1,1,,,,,
10-09-2026,10-09-2026,CM,BSE,STK,530367,INE349A01021,NRBBEARING,B,,,,,NRB BEARINGS LTD.,486.95,517.5,483.45,515.75,515.75,483.95,,515.94,,,92211,46784403,2112,F1,1,,,,,
10-09-2026,10-09-2026,CM,BSE,STK,530369,INE380C01014,VAMSHIRU,X,,,,,VAMSHI RUBBER LTD.,38.3,40.8,38.3,39.97,39.97,39.99,,39.97,,,888,35358,16,F1,1,,,,,
10-09-2026,10-09-2026,CM,BSE,STK,530377,INE937C01029,NILAINFRA,B,,,,,NILA INFRASTRUCTURES LTD.,6.8,6.9,6.72,6.74,6.74,6.8,,6.73,,,13273,90102,53,F1,1,,,,,
10-09-2026,10-09-2026,CM,BSE,STK,530393,INE921B01025,DBSTOCKBRO,T,,,,,DB (INTERNATIONAL) STOCK BROKE,29,29,28.01,28.2,28.2,28.5,,28.1,,,433,12208,9,F1,1,,,,,
10-09-2026,10-09-2026,CM,BSE,STK,530401,INE526H01011,VINYOFL,X,,,,,VINYOFLEX LTD.,51,52,50.1,50.8,50.75,51.11,,50.8,,,1559,79279,17,F1,1,,,,,
10-09-2026,10-09-2026,CM,BSE,STK,530405,INE356F01017,JINDCAP,X,,,,,JINDAL CAPITAL LTD.,35.4,35.4,32.11,33.77,33.83,33.03,,33.77,,,4260,143648,67,F1,1,,,,,
10-09-2026,10-09-2026,CM,BSE,STK,530407,INE932F01015,EPIC,X,,,,,EPIC ENERGY LTD.,33.28,33.28,32.4,32.86,33,33.19,,32.86,,,4147,136154,41,F1,1,,,,,
10-09-2026,10-09-2026,CM,BSE,STK,530419,INE886B01012,SUMEDHA,B,,,,,SUMEDHA FISCAL SERVICES LTD.,39.07,41.4,39.06,41.01,41.4,39.99,,41.01,,,26318,1069226,147,F1,1,,,,,
10-09-2026,10-09-2026,CM,BSE,STK,530421,INE430F01010,KUWERIN,X,,,,,KUWER INDUSTRIES LTD.,10.25,11.95,9.75,9.99,10.35,10.38,,9.99,,,11297,115714,78,F1,1,,,,,
10-09-2026,10-09-2026,CM,BSE,STK,530427,INE865B01016,CHOKSI,X,,,,,CHOKSI ASIA LIMITED,219.55,224,212.2,216.1,216,219.55,,216.1,,,2317,504432,49,F1,1,,,,,
10-09-2026,10-09-2026,CM,BSE,STK,530429,INE831C01016,ASHISHPO,X,,,,,ASHISH POLYPLAST LTD.,30.89,30.89,29,29,29,29.36,,29,,,691,20892,7,F1,1,,,,,
10-09-2026,10-09-2026,CM,BSE,STK,530433,INE960E01019,SHIVAAGRO,B,,,,,SHIVA GLOBAL AGRO INDUSTRIES L,42.5,42.5,42.5,42.5,42.5,43,,40.32,,,2,85,1,F1,1,,,,,
10-09-2026,10-09-2026,CM,BSE,STK,530439,INE140C01012,SIDDHA,X,,,,,SIDDHA VENTURES LTD.,4.5,4.79,4.14,4.5,4.5,4.5,,4.5,,,1524,6548,25,F1,1,,,,,
10-09-2026,10-09-2026,CM,BSE,STK,530445,INE764B01029,SUMERUIND,X,,,,,SUMERU INDUSTRIES LTD.,1.43,1.54,1.43,1.5,1.53,1.42,,1.5,,,10312,15481,21,F1,1,,,,,
10-09-2026,10-09-2026,CM,BSE,STK,530449,INE347C01013,RUNGTAIR,X,,,,,RUNGTA IRRIGATION LTD.,49.85,49.85,49.84,49.84,49.84,49.85,,49.84,,,18,897,2,F1,1,,,,,
10-09-2026,10-09-2026,CM,BSE,STK,530457,INE959B01017,GTTDATA,X,,,,,GTT DATA SOLUTIONS LIMITED,39.93,39.93,38.5,38.84,38.56,38.41,,38.84,,,6740,263224,90,F1,1,,,,,
10-09-2026,10-09-2026,CM,BSE,STK,530459,INE808A01018,VALSONQ,XT,,,,,VALSON INDUSTRIES LTD.,38.26,41,38.2,41,41,40.21,,41,,,1549,59264,20,F1,1,,,,,
10-09-2026,10-09-2026,CM,BSE,STK,530461,INE440C01016,SABOOSOD,X,,,,,SABOO SODIUM CHLORO LTD.,12.17,12.27,11.9,12,12,12.23,,12,,,37734,454011,119,F1,1,,,,,
10-09-2026,10-09-2026,CM,BSE,STK,530475,INE015C01016,TINNARUBR,B,,,,,TINNA RUBBER AND INFRASTRUCTUR,1048.05,1059.95,1019.1,1029.1,1032.35,1048,,1028.62,,,6990,7221008,320,F1,1,,,,,
10-09-2026,10-09-2026,CM,BSE,STK,530477,INE337E01010,VIKRAMTH,XT,,,,,VIKRAM THERMO (INDIA) LTD.,318.5,323.4,311,323.4,323.4,308,,323.4,,,32229,10396592,288,F1,1,,,,,
10-09-2026,10-09-2026,CM,BSE,STK,530495,INE473C01025,STRATMONT,X,,,,,STRATMONT INDUSTRIES LIMITED,67.92,67.92,61.7,65.09,65.02,64.69,,65.09,,,40188,2670520,185,F1,1,,,,,
10-09-2026,10-09-2026,CM,BSE,STK,530499,INE701G01012,AKCAPIT,B,,,,,A.K.CAPITAL SERVICES LTD.,1735,1735.05,1685,1705.2,1720,1699.1,,1702.67,,,1137,1959067,81,F1,1,,,,,
10-09-2026,10-09-2026,CM,BSE,STK,530517,INE131B01039,RELAXO,A,,,,,RELAXO FOOTWEARS LTD.,328,351.95,323.95,327,326.9,326.55,,326.9,,,65197,21972031,2199,F1,1,,,,,
10-09-2026,10-09-2026,CM,BSE,STK,530521,INE467D01017,VIRAT,B,,,,,VIRAT INDUSTRIES LTD.,435.15,458.45,435,449.65,449.65,445.7,,450.35,,,14728,6584445,168,F1,1,,,,,
10-09-2026,10-09-2026,CM,BSE,STK,530525,INE786J01033,RRETAIL,XT,,,,,RAJNISH RETAIL LIMITED,2.17,2.3,2.17,2.19,2.25,2.23,,2.19,,,47047,103397,123,F1,1,,,,,
10-09-2026,10-09-2026,CM,BSE,STK,530533,INE390D01011,TERAI,B,,,,,TERAI TEA CO.LTD.,128.9,128.9,123.1,123.1,123.1,122.6,,124.48,,,23,2860,3,F1,1,,,,,
10-09-2026,10-09-2026,CM,BSE,STK,530545,INE949B01018,COSCO,X,,,,,COSCO (INDIA) LTD.,197.05,197.05,187.6,188.95,188.15,195.4,,188.95,,,1178,224598,29,F1,1,,,,,
10-09-2026,10-09-2026,CM,BSE,STK,530549,INE790G01031,SHILPAMED,A,,,,,SHILPA MEDICARE LTD.,961.5,973.95,931.6,940.25,944,961.45,,939.91,,,40465,38718630,2053,F1,1,,,,,
10-09-2026,10-09-2026,CM,BSE,STK,530555,INE074B01023,PARACABLES,B,,,,,PARAMOUNT COMMUNICATIONS LTD.,66.79,68.15,65.5,65.7,65.7,66.48,,65.69,,,115955,7760452,969,F1,1,,,,,
10-09-2026,10-09-2026,CM,BSE,STK,530557,INE132F01038,NCLRESE,XT,,,,,NCL RESEARCH & FINANCIAL SERVI,0.69,0.7,0.69,0.7,0.7,0.69,,0.7,,,2222437,1544909,367,F1,1,,,,,
10-09-2026,10-09-2026,CM,BSE,STK,530577,INE519D01015,LADDERUP,B,,,,,LADDERUP FINANCE LTD.,52.2,65.64,52.2,65.64,65.64,54.7,,65.57,,,29728,1882772,151,F1,1,,,,,
10-09-2026,10-09-2026,CM,BSE,STK,530579,INE152C01025,UYFINCORP,T,,,,,U. Y. FINCORP LIMITED,19.95,19.95,19.24,19.24,19.24,19.32,,19.31,,,13918,273478,26,F1,1,,,,,
10-09-2026,10-09-2026,CM,BSE,STK,530581,INE906L01025,EKAMLEA,XT,,,,,EKAM LEASING & FINANCE CO.LTD.,5.15,5.38,5.13,5.38,5.38,5.13,,5.38,,,350,1858,6,F1,1,,,,,
10-09-2026,10-09-2026,CM,BSE,STK,530585,INE691C01022,SWASTIKA,XT,,,,,SWASTIKA INVESTMART LIMITED,160.05,162.45,155.6,160.85,161,163,,160.85,,,3825,611544,49,F1,1,,,,,
10-09-2026,10-09-2026,CM,BSE,STK,530589,INE573B01016,PRIMAPLA,XT,,,,,PRIMA PLASTICS LTD.,133,139.8,133,136.65,136.65,136.35,,136.65,,,2693,365248,31,F1,1,,,,,
10-09-2026,10-09-2026,CM,BSE,STK,530595,INE381G01013,TELECANOR,XT,,,,,TELECANOR GLOBAL LTD.,22.15,22.15,20.11,20.5,20.5,21.15,,20.5,,,9652,195970,40,F1,1,,,,,
10-09-2026,10-09-2026,CM,BSE,STK,530601,INE582C01015,JAGSONSER,X,,,,,JAGSONPAL SERVICES LIMITED,51,51,51,51,51,52.95,,51,,,40,2040,1,F1,1,,,,,
10-09-2026,10-09-2026,CM,BSE,STK,530615,INE194E01015,GARGFUR,X,,,,,GARG FURNACE LTD.,153.95,154.95,148,150.1,150,152.35,,150.1,,,2087,312644,52,F1,1,,,,,
10-09-2026,10-09-2026,CM,BSE,STK,530617,INE375C01022,SAMPRE,X,,,,,SAMPRE NUTRITIONS LTD.,6.14,6.36,5.88,6.11,6.15,6.13,,6.11,,,176982,1068761,131,F1,1,,,,,
10-09-2026,10-09-2026,CM,BSE,STK,530621,INE864E01021,AAIL,XT,,,,,Akar Auto Industries Limited,89.67,90,86.12,89.44,89.96,87.53,,89.44,,,3112,276409,28,F1,1,,,,,
10-09-2026,10-09-2026,CM,BSE,STK,530627,INE834D01018,VIPULORG,X,,,,,Vipul Organics Limited,267.6,273.8,265.6,271.05,271.45,270.3,,271.05,,,3160,856700,41,F1,1,,,,,
10-09-2026,10-09-2026,CM,BSE,STK,530643,INE316A01038,ECORECO,B,,,,,ECO RECYCLING LTD.,450,450,433.85,436.15,438.8,445.35,,436.78,,,9092,3989679,392,F1,1,,,,,
10-09-2026,10-09-2026,CM,BSE,STK,530655,INE127I01024,GOODLUCK,B,,,,,Goodluck India Limited,515.05,533.3,515.05,518.15,518.55,516.65,,517.91,,,77142,40444920,2178,F1,1,,,,,
10-09-2026,10-09-2026,CM,BSE,STK,530663,INE912B01032,GOYALASS,X,,,,,GOYAL ASSOCIATES LTD.,1.08,1.08,1.02,1.02,1.02,1.05,,1.02,,,141091,145901,47,F1,1,,,,,
10-09-2026,10-09-2026,CM,BSE,STK,530665,INE812B01026,ZENITHHE,X,,,,,ZENITH HEALTH CARE LTD.,3.25,3.38,3.2,3.26,3.25,3.25,,3.26,,,37240,122388,104,F1,1,,,,,
10-09-2026,10-09-2026,CM,BSE,STK,530675,INE057Q01018,YORKEXP,X,,,,,YORK EXPORTS LTD.,60.35,60.35,58.9,60.35,60.35,57.48,,60.35,,,2015,121431,26,F1,1,,,,,
10-09-2026,10-09-2026,CM,BSE,STK,530677,INE822E01011,SUPREME,B,,,,,SUPREME HOLDINGS & HOSPITALITY,35.23,35.76,34.2,35.67,34.43,35.18,,34.71,,,2360,81811,87,F1,1,,,,,
10-09-2026,10-09-2026,CM,BSE,STK,530689,INE624M01014,LYKISLTD,X,,,,,LYKIS LIMITED,50.05,51.47,50,51,51,50.34,,51,,,9671,490931,50,F1,1,,,,,
10-09-2026,10-09-2026,CM,BSE,STK,530695,INE233C01023,PRIMEPRO,X,,,,,PRIME PROPERTY DEVELOPMENT COR,24.44,26.59,23,25.1,25.1,24.44,,25.1,,,3002,76797,25,F1,1,,,,,
10-09-2026,10-09-2026,CM,BSE,STK,530697,INE546F01013,ZENLABS,X,,,,,Zenlabs Ethica Limited,33.19,33.21,32.4,32.77,32.77,32.4,,32.77,,,246,8136,12,F1,1,,,,,
10-09-2026,10-09-2026,CM,BSE,STK,530699,INE533D01032,RAJRILTD,T,,,,,RAJ RAYON INDUSTRIES LIMITED,21.54,21.59,21.02,21.17,21.32,21.44,,21.17,,,1631,34400,36,F1,1,,,,,
10-09-2026,10-09-2026,CM,BSE,STK,530705,INE161F01011,ANIRIT,XT,,,,,ANIRIT VENTURES LIMITED,44,44,44,44,44,44,,44,,,10,440,1,F1,1,,,,,
10-09-2026,10-09-2026,CM,BSE,STK,530709,INE225G01012,GOWRALE,XT,,,,,GOWRA LEASING & FINANCE LTD.,85.5,91,85.5,91,91,89.8,,91,,,2,176,2,F1,1,,,,,
10-09-2026,10-09-2026,CM,BSE,STK,530711,INE144C01014,JAGANLAM,X,,,,,JAGAN LAMPS LTD.,61.45,61.45,59,60.57,60.57,61.45,,60.57,,,1221,73200,16,F1,1,,,,,
10-09-2026,10-09-2026,CM,BSE,STK,530723,INE041B01014,ASITCFIN,X,,,,,ASIT C.MEHTA FINANCIAL SERVICE,102.5,102.6,102.5,102.5,102.5,102.5,,102.5,,,67,6870,4,F1,1,,,,,
10-09-2026,10-09-2026,CM,BSE,STK,530741,INE812S01012,OVOBELE,XT,,,,,OVOBEL FOODS LTD.,244,253.8,239,251.4,251.8,243.8,,251.4,,,9800,2409287,153,F1,1,,,,,
10-09-2026,10-09-2026,CM,BSE,STK,530745,INE366C01021,ACSTECH,T,,,,,ACS TECHNOLOGIES LIMITED,61.75,62,57.4,57.71,59.65,60.07,,57.84,,,96087,5679400,252,F1,1,,,,,
10-09-2026,10-09-2026,CM,BSE,STK,530747,INE807A01010,CHALLANI,X,,,,,CHALLANI CAPITAL LIMITED,17.55,17.96,16.99,17.9,17.9,17.97,,17.9,,,180,3222,6,F1,1,,,,,
10-09-2026,10-09-2026,CM,BSE,STK,530757,INE0OUS01011,SHENTRA,XT,,,,,SHENTRACON CHEMICALS LTD.,131,132,131,132,132,131.5,,132,,,32,4223,3,F1,1,,,,,
10-09-2026,10-09-2026,CM,BSE,STK,530759,INE334A01023,STERTOOLS,T,,,,,STERLING TOOLS LTD.,215.45,219,213,215.25,218.7,215.45,,216.17,,,1459,315679,26,F1,1,,,,,
10-09-2026,10-09-2026,CM,BSE,STK,530779,INE118C01018,DYNAMICP,X,,,,,DYNAMIC PORTFOLIO MANAGEMENT &,13.6,14.96,13.6,14.96,14.96,14.25,,14.96,,,1516,21456,5,F1,1,,,,,
10-09-2026,10-09-2026,CM,BSE,STK,530787,INE055O01033,INLANPR,XT,,,,,INLAND PRINTERS LTD.,88,88,79.78,86.9,86.9,83.97,,86.9,,,16,1323,3,F1,1,,,,,
10-09-2026,10-09-2026,CM,BSE,STK,530789,INE358C01010,CEEJAY,X,,,,,CEEJAY FINANCE LTD.,167.9,167.95,165.5,165.55,165.5,164.5,,165.55,,,215,35828,6,F1,1,,,,,
10-09-2026,10-09-2026,CM,BSE,STK,530795,INE584D01019,SUNCITYSY,X,,,,,SUNCITY SYNTHETICS LTD.,10.5,10.5,10.5,10.5,10.5,10.5,,10.5,,,84,882,4,F1,1,,,,,
10-09-2026,10-09-2026,CM,BSE,STK,530797,INE400N01017,SHGANEL,X,,,,,SHREE GANESH ELASTOPLAST LTD.,17,17.76,17,17.75,17.75,16.92,,17.75,,,1600,28035,3,F1,1,,,,,
10-09-2026,10-09-2026,CM,BSE,STK,530799,INE336D01014,ANNAINFRA,X,,,,,ANNA INFRASTRUCTURES LTD.,24.76,30.25,24.75,27.23,25.5,27.5,,27.23,,,5083,136799,51,F1,1,,,,,
10-09-2026,10-09-2026,CM,BSE,STK,530803,INE354C01027,BHAGERIA,T,,,,,Bhageria Industries Limited,302.15,312.5,302.15,302.15,302.15,318.05,,302.51,,,12023,3643822,112,F1,1,,,,,
10-09-2026,10-09-2026,CM,BSE,STK,530805,INE125F01032,OIVL,X,,,,,ONESOURCE INDUSTRIES AND VENTU,4.75,4.91,4.75,4.8,4.8,4.64,,4.8,,,31424,151189,97,F1,1,,,,,
10-09-2026,10-09-2026,CM,BSE,STK,530809,INE355C01016,BNRUDY,X,,,,,BNR UDYOG LTD.,40.9,41.14,39.96,41.14,41.14,37.4,,41.14,,,9072,367040,49,F1,1,,,,,
10-09-2026,10-09-2026,CM,BSE,STK,530813,INE001B01026,KRBL,A,,,,,KRBL LTD.,435,436,421.8,423.4,423.9,434,,423.25,,,19294,8254771,496,F1,1,,,,,
10-09-2026,10-09-2026,CM,BSE,STK,530821,INE838C01011,SSPDL,X,,,,,SSPDL LTD.,13.91,14.29,13.3,14.29,14.29,13.91,,14.29,,,2624,36448,17,F1,1,,,,,
10-09-2026,10-09-2026,CM,BSE,STK,530825,INE789B01018,DAIKAFFI,XT,,,,,DAIKAFFIL CHEMICALS INDIA LTD.,46.88,46.88,46.5,46.5,46.5,46.88,,46.5,,,39,1823,5,F1,1,,,,,
10-09-2026,10-09-2026,CM,BSE,STK,530829,INE830A01012,CILSEC,X,,,,,CIL SECURITIES LIMITED,39.97,39.99,36.57,36.81,36.61,39.97,,36.81,,,1832,69531,31,F1,1,,,,,
10-09-2026,10-09-2026,CM,BSE,STK,530839,INE011B01017,CLIOINFO,XT,,,,,CLIO INFOTECH LTD.,13.56,14.49,13.56,14.3,14.3,14.1,,14.3,,,7880,111045,35,F1,1,,,,,
10-09-2026,10-09-2026,CM,BSE,STK,530843,INE509F01029,CUPID,A,,,,,CUPID LTD.,281.75,283,276.2,277.4,277.4,279.6,,277.45,,,917801,257007648,8421,F1,1,,,,,
10-09-2026,10-09-2026,CM,BSE,STK,530845,INE199E01014,SUNSHIEL,B,,,,,SUNSHIELD CHEMICALS LTD.,1244.65,1249,1213.95,1228.75,1220,1229.75,,1231.07,,,613,756673,72,F1,1,,,,,
10-09-2026,10-09-2026,CM,BSE,STK,530853,INE963A01011,HIPOLIN,XT,,,,,HIPOLIN LTD.,81,81,78.85,78.85,78.85,83,,78.85,,,1381,109074,29,F1,1,,,,,
10-09-2026,10-09-2026,CM,BSE,STK,530855,INE545E01018,GDLLEAS,XT,,,,,GDL LEASING & FINANCE LTD.,65.06,65.06,61.81,61.81,61.81,65.06,,61.81,,,119,7423,4,F1,1,,,,,
10-09-2026,10-09-2026,CM,BSE,STK,530871,INE995D01025,CHEMBOND,B,,,,,Chembond Material Technologies,221,232,214.95,225.3,227.7,220.75,,225.79,,,3816,848959,141,F1,1,,,,,
10-09-2026,10-09-2026,CM,BSE,STK,530879,INE345H01024,CIFL,B,,,,,CAPITAL INDIA FINANCE LIMITED,20.01,24.12,19.98,20.2,20.2,20.1,,20.19,,,22855,458761,168,F1,1,,,,,
10-09-2026,10-09-2026,CM,BSE,STK,530881,INE485K01022,ABVL,X,,,,,Arunjyoti Bio Ventures Limited,4.8,5.1,4,4.62,4.62,4.84,,4.62,,,283033,1289980,499,F1,1,,,,,
10-09-2026,10-09-2026,CM,BSE,STK,530883,INE366G01022,SUCROSA,XT,,,,,SUPER CROP SAFE LTD.,14.43,14.43,13.4,13.61,13.79,13.76,,13.61,,,20405,280666,73,F1,1,,,,,
10-09-2026,10-09-2026,CM,BSE,STK,530889,INE061B01038,AUDROC,XT,,,,,AUDROC Limited,17.22,17.22,17.22,17.22,17.22,16.89,,17.22,,,1343,23126,9,F1,1,,,,,
10-09-2026,10-09-2026,CM,BSE,STK,530897,INE825C01018,NGIND,X,,,,,N.G.INDUSTRIES LTD.,115.7,115.7,115.05,115.7,115.7,115.05,,115.7,,,932,107346,21,F1,1,,,,,
10-09-2026,10-09-2026,CM,BSE,STK,530899,INE784M01016,ASIAPAK,X,,,,,ASIA PACK LTD.,55,57.5,55,55.74,57.25,55,,55.74,,,37,2062,4,F1,1,,,,,
10-09-2026,10-09-2026,CM,BSE,STK,530907,INE417F01017,SICAPIT,XT,,,,,SI CAPITAL & FINANCIAL SERVICE,13.59,14.89,13.59,13.59,13.59,14.3,,13.59,,,10220,139028,32,F1,1,,,,,
10-09-2026,10-09-2026,CM,BSE,STK,530917,INE474H01014,RRSECUR,P,,,,,R.R.SECURITIES LTD.,14.97,14.97,14.97,14.97,14.97,15.75,,14.97,,,100,1497,1,F1,100,,,,,
10-09-2026,10-09-2026,CM,BSE,STK,530919,INE474C01023,REMSONSIND,B,,,,,REMSONS INDUSTRIES LTD.,98.61,98.61,95.67,95.78,95.67,97.97,,96.32,,,6677,649072,170,F1,1,,,,,
10-09-2026,10-09-2026,CM,BSE,STK,530925,INE609D01014,RAMSONS,X,,,,,RAMSONS PROJECTS LTD.,72.2,78.95,72.2,78,78,72,,78,,,877,68798,17,F1,1,,,,,
10-09-2026,10-09-2026,CM,BSE,STK,530927,INE737G01016,HARAFIN,ZP,,,,,HARYANA FINANCIAL CORPORATION,58,58,58,58,58,58,,58,,,100,5800,1,F1,100,,,,,
10-09-2026,10-09-2026,CM,BSE,STK,530931,INE457D01018,STANPACK,X,,,,,STANPACKS (INDIA) LTD.,14.59,14.59,13.25,13.25,13.25,13.9,,13.25,,,106,1538,3,F1,1,,,,,
10-09-2026,10-09-2026,CM,BSE,STK,530943,INE416A01051,AQYLON,B,,,,,Aqylon Nexus Limited,23.35,23.35,21.61,21.81,22.47,22.56,,21.88,,,20497,456253,183,F1,1,,,,,
10-09-2026,10-09-2026,CM,BSE,STK,530951,INE357B01022,RAMINFO,X,,,,,RAMINFO LIMITED,44.18,44.18,42.4,42.55,43.74,43.49,,42.55,,,731,31354,20,F1,1,,,,,
10-09-2026,10-09-2026,CM,BSE,STK,530953,INE224D01012,SUNILAGR,X,,,,,SUNIL AGRO FOODS LTD.,80.01,81.99,80,80.02,81.99,82.24,,80.02,,,163,13042,4,F1,1,,,,,
10-09-2026,10-09-2026,CM,BSE,STK,530959,INE012E01035,DIANATEA,X,,,,,DIANA TEA CO.LTD.,30.29,30.29,29,29.77,29.78,30.01,,29.77,,,4080,120043,29,F1,1,,,,,
10-09-2026,10-09-2026,CM,BSE,STK,530961,INE806A01020,VIKASECO,B,,,,,Vikas EcoTech Limited,1.06,1.08,1.04,1.06,1.06,1.07,,1.05,,,1002445,1063066,332,F1,1,,,,,
10-09-2026,10-09-2026,CM,BSE,STK,530965,INE242A01010,IOC,A,,,,,INDIAN OIL CORPORATION LTD.,134.4,136.2,134.4,135.3,135.3,135.25,,134.94,,,217554,29451262,3086,F1,1,,,,,
10-09-2026,10-09-2026,CM,BSE,STK,530977,INE260E01014,SKCIL,X,,,,,Shri Keshav Cements and Infra,93.01,100,93.01,98.39,99.9,93,,98.39,,,614,60038,21,F1,1,,,,,
10-09-2026,10-09-2026,CM,BSE,STK,530979,INE274E01015,INDIAHOME,X,,,,,INDIA HOME LOAN LTD.,32.54,33.99,31.2,32.16,32.16,32.59,,32.16,,,18800,629182,52,F1,1,,,,,
10-09-2026,10-09-2026,CM,BSE,STK,530991,INE443C01010,ROOPAIND,X,,,,,ROOPA INDUSTRIES LTD.,45.84,46.25,43.4,45.79,45.66,45.83,,45.79,,,2368,108716,37,F1,1,,,,,
10-09-2026,10-09-2026,CM,BSE,STK,530997,INE333E01019,UNIQUEO,X,,,,,UNIQUE ORGANICS LTD.,91,93,87.01,88.17,88.16,87.93,,88.17,,,2341,208918,45,F1,1,,,,,
10-09-2026,10-09-2026,CM,BSE,STK,530999,INE050E01027,BALAMINES,B,,,,,BALAJI AMINES LTD.,2349.05,2411.4,2328.8,2344.3,2332,2359.3,,2342.66,,,7951,18905416,805,F1,1,,,,,
10-09-2026,10-09-2026,CM,BSE,STK,531003,INE595G01018,SWRNASE,X,,,,,SWARNA SECURITIES LTD.,89.3,89.3,89.3,89.3,89.3,94,,89.3,,,1,89,1,F1,1,,,,,
10-09-2026,10-09-2026,CM,BSE,STK,531015,INE154G01022,VENMAX,X,,,,,VENMAX DRUGS AND PHARMACEUTICA,15.89,15.89,14.02,14.61,14.98,14.24,,14.61,,,2181,33426,30,F1,1,,,,,
10-09-2026,10-09-2026,CM,BSE,STK,531017,INE190D01015,ARISE,X,,,,,ARIHANTS SECURITIES LTD.,19.75,19.84,19.75,19.78,19.78,19.4,,19.78,,,43,852,6,F1,1,,,,,
10-09-2026,10-09-2026,CM,BSE,STK,531025,INE309H01038,VISAGAR,X,,,,,VISAGAR FINANCIAL SERVICES LTD,0.32,0.32,0.3,0.31,0.31,0.31,,0.31,,,804408,247039,219,F1,1,,,,,
10-09-2026,10-09-2026,CM,BSE,STK,531033,INE101E01010,REGAL,X,,,,,REGAL ENTERTAINMENT & CONSULTA,15.92,17.25,15.92,17.11,17.2,16.75,,17.11,,,2486,42647,13,F1,1,,,,,
10-09-2026,10-09-2026,CM,BSE,STK,531035,INE432F01032,EBIX,T,,,,,EBIX LIMITED,20.2,20.26,19.57,19.66,19.62,19.77,,19.63,,,6409,127069,52,F1,1,,,,,
10-09-2026,10-09-2026,CM,BSE,STK,531043,INE239F01015,ZDHJERK,X,,,,,DHANVANTRI JEEVAN REKHA LTD.,23.75,25,23.75,24.02,24.02,25,,24.02,,,10109,240175,7,F1,1,,,,,
10-09-2026,10-09-2026,CM,BSE,STK,531049,INE741D01015,NEELKAN,Z,,,,,NEELKANTH ROCKMINERALS LTD.,62.77,62.77,60.35,60.35,60.35,61.54,,60.35,,,206,12918,8,F1,1,,,,,
10-09-2026,10-09-2026,CM,BSE,STK,531067,INE080G01029,CONTILI,X,,,,,CONTIL INDIA LTD.,20.05,21.45,19.51,19.76,19.75,20.15,,19.76,,,611,12218,26,F1,1,,,,,
10-09-2026,10-09-2026,CM,BSE,STK,531069,INE362D01010,VIJSOLX,B,,,,,VIJAY SOLVEX LTD.,630,638,615.45,637,637,647.8,,630.25,,,163,101578,32,F1,1,,,,,
10-09-2026,10-09-2026,CM,BSE,STK,531080,INE997I01012,SHRIKRISH,B,,,,,SHRI KRISHNA DEVCON LTD.,36.1,36.1,29.5,29.5,29.5,34.65,,37.39,,,2,65,2,F1,1,,,,,
10-09-2026,10-09-2026,CM,BSE,STK,531082,INE914E01040,ALANKIT,B,,,,,ALANKIT,8.18,8.22,7.82,8.05,8.05,7.96,,8.01,,,17252,138399,79,F1,1,,,,,
10-09-2026,10-09-2026,CM,BSE,STK,531083,INE876E01033,NIHARINF,X,,,,,NIHAR INFO GLOBAL LTD.,6.24,6.24,6.19,6.19,6.19,6.25,,6.19,,,101,630,2,F1,1,,,,,
10-09-2026,10-09-2026,CM,BSE,STK,531091,INE858C01027,UNITDCR,X,,,,,UNITED CREDIT LTD.,22.54,22.54,22.4,22.4,22.4,21.52,,22.4,,,41,920,4,F1,1,,,,,
10-09-2026,10-09-2026,CM,BSE,STK,531092,INE239D01028,OMINFRAL,B,,,,,OM INFRA LIMITED,81.02,82.94,80.55,80.61,80.61,81.46,,80.8,,,2424,196878,94,F1,1,,,,,
10-09-2026,10-09-2026,CM,BSE,STK,531099,INE396H01019,CENTUPLE,XT,,,,,CENTUPLE GLOBAL LIMITED,36.99,36.99,33.71,35.99,35.99,35.48,,35.99,,,7832,270025,28,F1,1,,,,,
10-09-2026,10-09-2026,CM,BSE,STK,531109,INE561M01018,ISHANCH,B,,,,,Ishan Dyes and Chemicals Limit,44.23,45.59,44.23,45,45,44.45,,44.82,,,1254,56936,14,F1,1,,,,,
10-09-2026,10-09-2026,CM,BSE,STK,531111,INE538G01018,GOTHIPL,P,,,,,GOTHI PLASCON (INDIA) LTD.,40.4,40.4,40.4,40.4,40.4,39.8,,40.4,,,6500,262600,6,F1,100,,,,,
10-09-2026,10-09-2026,CM,BSE,STK,531112,INE011E01029,BALUFORGE,A,,,,,BALU FORGE INDUSTRIES LIMITED,540,545.1,534.15,536.65,537,541.4,,536.65,,,17791,9579585,450,F1,1,,,,,
10-09-2026,10-09-2026,CM,BSE,STK,531119,INE418D01010,CEENIK,XT,,,,,CEENIK EXPORTS (INDIA) LTD.,249,249,234,238.9,242,242.5,,238.9,,,227,54130,19,F1,1,,,,,
10-09-2026,10-09-2026,CM,BSE,STK,531120,INE244B01030,PATELENG,A,,,,,PATEL ENGINEERING LTD.,27.15,27.44,26.65,26.83,26.75,27.06,,26.87,,,152485,4142518,898,F1,1,,,,,
10-09-2026,10-09-2026,CM,BSE,STK,531126,INE237C01016,KATIPATANG,X,,,,,KATI PATANG LIFESTYLE LIMITED,13.44,13.55,12.56,13.27,13.19,13.11,,13.27,,,143133,1895242,146,F1,1,,,,,
10-09-2026,10-09-2026,CM,BSE,STK,531127,INE148B01033,MENAMANI,XT,,,,,MENA MANI INDUSTRIES LIMITED,14.4,14.65,14.4,14.4,14.4,14.69,,14.4,,,218311,3156750,57,F1,1,,,,,
10-09-2026,10-09-2026,CM,BSE,STK,531129,INE635D01027,INANI,X,,,,,INANI MARBLES & INDUSTRIES LTD,10.5,10.6,9.7,10.5,10.6,10.1,,10.5,,,4877,49916,37,F1,1,,,,,
10-09-2026,10-09-2026,CM,BSE,STK,531137,INE503D01027,GEMSI,X,,,,,GEMSTONE INVESTMENTS LTD.,1.35,1.4,1.31,1.36,1.37,1.35,,1.36,,,33400,44866,110,F1,1,,,,,
10-09-2026,10-09-2026,CM,BSE,STK,531144,INE158F01017,ELFORGE,X,,,,,EL FORGE LTD.,18.13,18.32,17.81,18.22,18.32,17.99,,18.22,,,3563,64742,28,F1,1,,,,,
10-09-2026,10-09-2026,CM,BSE,STK,531146,INE646B01010,MEDICAMEQ,B,,,,,MEDICAMEN BIOTECH LTD.,319.2,327.7,301,307,301,311.35,,307.49,,,11418,3663430,442,F1,1,,,,,
10-09-2026,10-09-2026,CM,BSE,STK,531147,INE062D01024,ALICON,B,,,,,ALICON CASTALLOY LIMITED,739.25,761.7,735.05,738.8,744.35,739.3,,740.48,,,5656,4244496,395,F1,1,,,,,
10-09-2026,10-09-2026,CM,BSE,STK,531153,INE650C01036,DILIGENT,X,,,,,DILIGENT INDUSTRIES LTD.,2.19,2.39,2.1,2.19,2.2,2.1,,2.19,,,143855,321909,171,F1,1,,,,,
10-09-2026,10-09-2026,CM,BSE,STK,531155,INE601F01016,EPSOMPRO,XT,,,,,EPSOM PROPERTIES LTD.,8.77,9.12,8.7,9,9,8.69,,9,,,1436,12675,10,F1,1,,,,,
10-09-2026,10-09-2026,CM,BSE,STK,531156,INE883B01027,ALFAVIO,XT,,,,,ALFAVISION OVERSEAS (INDIA) LT,12.63,13.25,12.63,12.63,12.63,12.62,,12.63,,,307,3957,12,F1,1,,,,,
10-09-2026,10-09-2026,CM,BSE,STK,531157,INE412E01011,ORGCOAT,X,,,,,ORGANIC COATINGS LTD.,18.49,18.49,16.73,17.99,17.99,17.61,,17.99,,,21372,393669,46,F1,1,,,,,
10-09-2026,10-09-2026,CM,BSE,STK,531158,INE660B01011,CATVISION,X,,,,,CATVISION  LIMITED,19.74,19.74,18.61,19.49,19.49,19.65,,19.49,,,7817,147343,40,F1,1,,,,,
10-09-2026,10-09-2026,CM,BSE,STK,531161,INE850B01026,ABMKNO,B,,,,,ABM KNOWLEDGEWARE LTD.,187.5,187.5,176.75,178,178,188,,181.35,,,8,1479,6,F1,1,,,,,
10-09-2026,10-09-2026,CM,BSE,STK,531162,INE548C01032,EMAMILTD,A,,,,,EMAMI LTD.,368.05,374.25,368.05,371.3,371.15,369.1,,370.86,,,40035,14902304,1469,F1,1,,,,,
10-09-2026,10-09-2026,CM,BSE,STK,531163,INE971L01029,KEMISTAR,X,,,,,KEMISTAR CORPORATION LIMITED,53.8,53.8,47.04,49.15,49.15,53,,49.15,,,165,8370,23,F1,1,,,,,
10-09-2026,10-09-2026,CM,BSE,STK,531169,INE709B01016,SKPSEC,X,,,,,SKP SECURITIES LTD.,103,103,96.3,99.8,99.8,100.4,,99.8,,,618,60564,19,F1,1,,,,,
10-09-2026,10-09-2026,CM,BSE,STK,531173,INE121D01036,SYSCHEM,X,,,,,SYSCHEM (INDIA) LTD.,31.48,31.71,30.61,30.77,30.62,31.71,,30.77,,,7291,227133,121,F1,1,,,,,
10-09-2026,10-09-2026,CM,BSE,STK,531176,INE186C01023,MEFCOMCAP,X,,,,,MEFCOM CAPITAL MARKETS LTD.,11.85,12.34,11.8,11.8,12,12.2,,11.8,,,22934,272161,47,F1,1,,,,,
10-09-2026,10-09-2026,CM,BSE,STK,531178,INE930A01010,HEMANG,X,,,,,HEMANG RESOURCES LIMITED,9.5,9.6,9,9.57,9.59,9.18,,9.57,,,6201,58662,29,F1,1,,,,,
10-09-2026,10-09-2026,CM,BSE,STK,531179,INE109C01017,ARMANFIN,B,,,,,ARMAN FINANCIAL SERVICES LTD.,2043.8,2079.95,2033.55,2040.95,2042.9,2026.9,,2036.62,,,648,1337681,66,F1,1,,,,,
10-09-2026,10-09-2026,CM,BSE,STK,531190,INE355H01015,EFORU,XT,,,,,EFORU ENTERTAINMENT LIMITED,109.2,109.2,109.2,109.2,109.2,104.1,,109.2,,,1,109,1,F1,1,,,,,
10-09-2026,10-09-2026,CM,BSE,STK,531191,INE589N01017,FILTRON,XT,,,,,FILTRON ENGINEERS LTD.,73.14,73.14,73.14,73.14,73.14,73.5,,73.14,,,160,11702,3,F1,1,,,,,
10-09-2026,10-09-2026,CM,BSE,STK,531201,INE024F01011,SHILCTECH,B,,,,,SHILCHAR TECHNOLOGIES LTD.,4172.25,4175,4097.9,4150.55,4150.55,4083.75,,4158.42,,,522,2151322,118,F1,1,,,,,
10-09-2026,10-09-2026,CM,BSE,STK,531205,INE179O01031,SPRIGHT,X,,,,,SPRIGHT AGRO LIMITED,0.38,0.38,0.37,0.37,0.38,0.37,,0.37,,,3204949,1200983,720,F1,1,,,,,
10-09-2026,10-09-2026,CM,BSE,STK,531209,INE096B01018,NUCLEUS,B,,,,,NUCLEUS SOFTWARE EXPORTS LTD.,701.45,708,696.5,700.75,698.2,707,,701.05,,,938,658519,82,F1,1,,,,,
10-09-2026,10-09-2026,CM,BSE,STK,531210,INE923C01011,COLINZ,XT,,,,,COLINZ LABORATORIES LTD.,74.5,74.5,72.5,72.5,72.5,72.51,,72.5,,,892,66452,9,F1,1,,,,,
10-09-2026,10-09-2026,CM,BSE,STK,531212,INE606C01012,NLFL,X,,,,,NALIN LEASE FINANCE LTD.,39.4,39.4,37.9,38.08,38.08,38.64,,38.08,,,939,36417,15,F1,1,,,,,
10-09-2026,10-09-2026,CM,BSE,STK,531213,INE522D01027,MANAPPURAM,A,,,,,Manappuram Finance Ltd,319.05,335,318.4,330.5,330.5,320.3,,330.78,,,242797,79415418,5259,F1,1,,,,,
10-09-2026,10-09-2026,CM,BSE,STK,531215,INE005C01017,RTSPOWR,B,,,,,RTS POWER CORPORATION LTD.,90,90,87,88.5,90,89,,88.11,,,143,12742,26,F1,1,,,,,
10-09-2026,10-09-2026,CM,BSE,STK,531216,INE819A01049,COMFINTE,B,,,,,COMFORT INTECH LTD.,6.14,6.23,5.96,5.99,6.1,6.14,,6.06,,,95695,575622,229,F1,1,,,,,
10-09-2026,10-09-2026,CM,BSE,STK,531219,INE861E01019,SHYAMACOMP,P,,,,,Shyama Computronics and Servic,3.72,3.72,3.72,3.72,3.72,3.55,,3.72,,,2000,7440,5,F1,100,,,,,
10-09-2026,10-09-2026,CM,BSE,STK,531221,INE262W01012,MAYURFL,X,,,,,MAYUR FLOORINGS LTD.,16.45,16.45,16.44,16.44,16.44,16.44,,16.44,,,82,1348,3,F1,1,,,,,
10-09-2026,10-09-2026,CM,BSE,STK,531223,INE364D01032,ANJANI,X,,,,,ANJANI SYNTHETICS LTD.,27.9,28.38,27.9,28.04,28.3,27.9,,28.04,,,10671,299051,65,F1,1,,,,,
10-09-2026,10-09-2026,CM,BSE,STK,531225,INE547B01028,XTGLOBAL,B,,,,,XTGLOBAL INFOTECH LIMITED,32.8,32.8,30.02,30.16,30.02,30.41,,30.04,,,1140,35491,37,F1,1,,,,,
10-09-2026,10-09-2026,CM,BSE,STK,531227,INE907E01010,DECOMIC,X,,,,,DECO-MICA LTD.,60.31,60.31,60.31,60.31,60.31,57.44,,60.31,,,1001,60370,7,F1,1,,,,,
10-09-2026,10-09-2026,CM,BSE,STK,531233,INE822D01021,RASIELEC,X,,,,,RASI ELECTRODES LTD.,13.89,15.6,13.46,15.24,15.26,13.55,,15.24,,,236513,3452097,734,F1,1,,,,,
10-09-2026,10-09-2026,CM,BSE,STK,531234,INE962E01015,SCOOBEEDAY,X,,,,,SCOOBEE DAY GARMENTS (INDIA) L,65.21,69,65.21,65.25,65.25,67.77,,65.25,,,372,24460,11,F1,1,,,,,
10-09-2026,10-09-2026,CM,BSE,STK,531237,INE972E01014,DHRUVCA,X,,,,,DHRUVA CAPITAL SERVICES LTD.,86.98,86.98,82.64,86.71,86.89,86.98,,86.71,,,4324,372459,18,F1,1,,,,,
10-09-2026,10-09-2026,CM,BSE,STK,531241,INE802B01027,LINC,B,,,,,LINC LIMITED,97.01,98.33,96,98.17,98.33,98,,97.52,,,589,57218,127,F1,1,,,,,
10-09-2026,10-09-2026,CM,BSE,STK,531246,INE723N01012,PRIMAIN,X,,,,,PRIMA INDUSTRIES LTD.,17.89,18.1,16.51,16.72,16.72,16.5,,16.72,,,1924,34308,24,F1,1,,,,,
10-09-2026,10-09-2026,CM,BSE,STK,531253,INE342D01012,INDGELA,X,,,,,INDIA GELATINE & CHEMICALS LTD,375.8,379,374,375,375,373.65,,375,,,591,221433,24,F1,1,,,,,
10-09-2026,10-09-2026,CM,BSE,STK,531254,INE031G01022,OPTIFIN,B,,,,,Optimus Finance Limited,14.22,14.51,14.22,14.51,14.51,14.74,,14.55,,,2124,30509,8,F1,1,,,,,
10-09-2026,10-09-2026,CM,BSE,STK,531255,INE015E01012,PARAGONF,X,,,,,PARAGON FINANCE LTD.,54.98,54.98,52.5,53.5,53.5,53.97,,53.5,,,22,1167,6,F1,1,,,,,
10-09-2026,10-09-2026,CM,BSE,STK,531257,INE530D01012,VELLORA,X,,,,,VELLORA IMPACT LIMITED,11.38,11.99,11.03,11.27,11.03,11.61,,11.27,,,24509,283917,93,F1,1,,,,,
10-09-2026,10-09-2026,CM,BSE,STK,531262,INE060N01019,EQUILATERA,X,,,,,EQUILATERAL ENTERPRISES LIMITE,9.45,9.46,9.45,9.45,9.45,9.94,,9.45,,,5065,47878,11,F1,1,,,,,
10-09-2026,10-09-2026,CM,BSE,STK,531266,INE764D01017,VSTTILLERS,B,,,,,V.S.T.TILLERS TRACTORS LTD.,4083.15,4117.65,4068.95,4094.95,4084,4077.8,,4081.34,,,408,1672251,88,F1,1,,,,,
10-09-2026,10-09-2026,CM,BSE,STK,531268,INE151B01011,B2BSOFT,X,,,,,B2B SOFTWARE TECHNOLOGIES LTD.,22.83,23.2,22.23,22.79,22.6,22.98,,22.79,,,10847,245286,154,F1,1,,,,,
10-09-2026,10-09-2026,CM,BSE,STK,531272,INE526C01012,NIKKIGL,X,,,,,NIKKI GLOBAL FINANCE LTD.,18.55,19.1,18.55,19.09,19.09,19.5,,19.09,,,203,3780,8,F1,1,,,,,
10-09-2026,10-09-2026,CM,BSE,STK,531273,INE986B01044,RADHEDE,X,,,,,RADHE DEVELOPERS (INDIA) LTD.,1.41,1.45,1.38,1.41,1.42,1.44,,1.41,,,81252,115496,102,F1,1,,,,,
10-09-2026,10-09-2026,CM,BSE,STK,531274,INE674M01019,KINETRU,XT,,,,,KINETIC TRUST LTD.,50.35,50.35,50.35,50.35,50.35,50.35,,50.35,,,8,402,2,F1,1,,,,,
10-09-2026,10-09-2026,CM,BSE,STK,531278,INE785D01012,ELIXIR,X,,,,,Elixir Capital Limited,102.16,110.8,101.03,101.27,103.3,102.16,,101.27,,,2240,227731,45,F1,1,,,,,
10-09-2026,10-09-2026,CM,BSE,STK,531279,INE238C01022,TRISHAKT,XT,,,,,Trishakti Industries Limited,245,260.2,245,258.1,258.1,249.15,,258.1,,,19649,5023153,208,F1,1,,,,,
10-09-2026,10-09-2026,CM,BSE,STK,531280,INE698B01011,PANKAJPO,XT,,,,,PANKAJ POLYMERS LTD.,146.3,146.3,146.3,146.3,146.3,153.95,,146.3,,,2816,411980,22,F1,1,,,,,
10-09-2026,10-09-2026,CM,BSE,STK,531281,INE807H01023,MARBLE,X,,,,,MARBLE CITY INDIA LIMITED,124.45,144.45,123.95,144.45,144.45,120.4,,144.45,,,2414839,287444340,619,F1,1,,,,,
10-09-2026,10-09-2026,CM,BSE,STK,531286,INE586D01014,ADHHATA,X,,,,,ADHATA GLOBAL LIMITED,23.58,23.58,23,23,23,23.1,,23,,,1700,39444,6,F1,1,,,,,
10-09-2026,10-09-2026,CM,BSE,STK,531287,INE896D01017,NATPLASTI,X,,,,,NATIONAL PLASTIC TECHNOLOGIES,216.25,219.8,212,219.8,219.8,216.25,,219.8,,,1764,380628,36,F1,1,,,,,
10-09-2026,10-09-2026,CM,BSE,STK,531288,INE531D01010,LEADFIN,X,,,,,LEAD FINANCIAL SERVICES LTD.,17.32,17.32,17.32,17.32,17.32,16.5,,17.32,,,78,1350,1,F1,1,,,,,
10-09-2026,10-09-2026,CM,BSE,STK,531289,INE643C01015,NATFIT,XT,,,,,NATIONAL FITTINGS LIMITED,244.9,248.9,234.75,237.6,240,247.1,,237.6,,,33900,8044810,184,F1,1,,,,,
10-09-2026,10-09-2026,CM,BSE,STK,531297,INE885B01014,ARTEFACT,X,,,,,ARTEFACT PROJECTS LTD.,51,52.5,50.76,51.45,51.5,51.66,,51.45,,,13309,685721,58,F1,1,,,,,
10-09-2026,10-09-2026,CM,BSE,STK,531301,INE319M01011,TUSALDAH,X,,,,,TUSALDAH LIMITED,131.25,131.25,131.25,131.25,131.25,125,,131.25,,,15,1968,1,F1,1,,,,,
10-09-2026,10-09-2026,CM,BSE,STK,531306,INE590D01016,DHPIND,X,,,,,DHP INDIA LTD.,510,515.9,502.25,511.35,511.05,516,,511.35,,,1422,726920,84,F1,1,,,,,
10-09-2026,10-09-2026,CM,BSE,STK,531307,INE951M01037,RRIL,B,,,,,RRIL LIMITED,16.48,16.65,16,16.01,16.01,16.08,,15.97,,,1683,27594,13,F1,1,,,,,
10-09-2026,10-09-2026,CM,BSE,STK,531310,INE325G01010,AVAILFC,B,,,,,AVAILABLE FINANCE LTD.,144.3,149.95,142.4,143.35,143.5,140.95,,143.35,,,7174,1049565,107,F1,1,,,,,
10-09-2026,10-09-2026,CM,BSE,STK,531319,INE368C01019,MGIL,X,,,,,MARUTI GLOBAL INDUSTRIES LIMIT,38,45.12,38,40.87,40.87,37.6,,40.87,,,42509,1766564,308,F1,1,,,,,
10-09-2026,10-09-2026,CM,BSE,STK,531322,INE293B01029,HAVISHA,B,,,,,SRI HAVISHA HOSPITALITY INFRAS,1.37,1.37,1.23,1.28,1.23,1.38,,1.3,,,40666,53930,72,F1,1,,,,,
10-09-2026,10-09-2026,CM,BSE,STK,531324,INE475C01012,ROSELABS,X,,,,,ROSELABS FINANCE LTD.,22.07,23.18,21.7,23.18,23.18,22.08,,23.18,,,4397,101572,9,F1,1,,,,,
10-09-2026,10-09-2026,CM,BSE,STK,531328,INE128R01023,KRETTOSYS,X,,,,,KRETTO SYSCON LIMITED,0.43,0.43,0.42,0.43,0.43,0.43,,0.43,,,667531,282307,218,F1,1,,,,,
10-09-2026,10-09-2026,CM,BSE,STK,531335,INE768C01028,ZYDUSWELL,A,,,,,ZYDUS WELLNESS LTD.,554.35,571.65,554.35,565.6,565.6,555.1,,566.28,,,41033,23175334,1372,F1,1,,,,,
10-09-2026,10-09-2026,CM,BSE,STK,531338,INE151H01018,MILESTONE,X,,,,,MILESTONE GLOBAL LTD.,18.15,18.15,18.15,18.15,18.15,17.31,,18.15,,,46,834,1,F1,1,,,,,
10-09-2026,10-09-2026,CM,BSE,STK,531340,INE348I01018,BERVINL,X,,,,,BERVIN INVESTMENT & LEASING LT,52.25,52.25,47.35,49.65,49.65,49.84,,49.65,,,125,5956,8,F1,1,,,,,
10-09-2026,10-09-2026,CM,BSE,STK,531341,INE373D01017,GUJINV,X,,,,,GUJARAT INVESTA LTD.,13.5,13.5,13.25,13.25,13.25,13.91,,13.25,,,200,2675,2,F1,1,,,,,
10-09-2026,10-09-2026,CM,BSE,STK,531344,INE111A01025,CONCOR,A,,,,,CONTAINER CORPORATION OF INDIA,512.4,512.4,504,505.8,505.8,509.5,,504.15,,,7593,3848258,359,F1,1,,,,,
10-09-2026,10-09-2026,CM,BSE,STK,531346,INE500D01015,EASTRED,X,,,,,EASTERN TREADS LTD.,30.61,30.61,28.05,30.35,30.35,30.99,,30.35,,,111,3383,7,F1,1,,,,,
10-09-2026,10-09-2026,CM,BSE,STK,531349,INE922B01023,PANACEABIO,B,,,,,PANACEA BIOTEC LTD.,397.05,398,386.6,388.35,386.6,393.7,,388.65,,,2583,1015251,125,F1,1,,,,,
10-09-2026,10-09-2026,CM,BSE,STK,531352,INE328D01011,PEETISEC,X,,,,,PEETI SECURITIES LTD.,19.85,19.85,19.85,19.85,19.85,19.94,,19.85,,,1,19,1,F1,1,,,,,
10-09-2026,10-09-2026,CM,BSE,STK,531357,INE763M01028,MERCURYEV,B,,,,,MERCURY EV-TECH LIMITED,38.49,41.29,37.81,41.29,41.29,37.54,,41.52,,,521823,21162254,1282,F1,1,,,,,
10-09-2026,10-09-2026,CM,BSE,STK,531358,INE102B01014,CHOICEIN,A,,,,,CHOICE INTERNATIONAL LTD.,750.9,776,750.2,768.7,770,749.85,,770.39,,,6645,5103428,333,F1,1,,,,,
10-09-2026,10-09-2026,CM,BSE,STK,531359,INE777G01012,SRAMSET,X,,,,,SHRIRAM ASSET MANAGEMENT CO.LT,263.9,263.9,252.1,252.95,253.1,260.05,,252.95,,,3243,831652,118,F1,1,,,,,
10-09-2026,10-09-2026,CM,BSE,STK,531360,INE427D01011,GOLECHA,XT,,,,,GOLECHHA GLOBAL FINANCE LTD.,26.32,26.32,26.32,26.32,26.32,26.46,,26.32,,,7,184,1,F1,1,,,,,
10-09-2026,10-09-2026,CM,BSE,STK,531364,INE005E01013,EKANSH,X,,,,,Ekansh Concepts Limited,203.05,206.95,200.2,206.9,206.95,207.55,,206.9,,,2311,472653,47,F1,1,,,,,
10-09-2026,10-09-2026,CM,BSE,STK,531370,INE960B01015,SPAR,X,,,,,SPARC ELECTREX LIMITED,4.25,4.45,4.05,4.17,4.27,4.38,,4.17,,,110807,467452,99,F1,1,,,,,
10-09-2026,10-09-2026,CM,BSE,STK,531373,INE319B01014,BYKE,T,,,,,THE BYKE HOSPITALITY LTD.,31.26,32.43,30.55,32.14,32.14,31.25,,31.65,,,1988,61397,12,F1,1,,,,,
10-09-2026,10-09-2026,CM,BSE,STK,531380,INE405H01018,CSURGSU,X,,,,,CENTENIAL SURGICAL SUTURE LTD.,97.07,97.07,96.5,97.05,97.05,92.45,,97.05,,,254,24618,10,F1,1,,,,,
10-09-2026,10-09-2026,CM,BSE,STK,531381,INE413D01011,ARIHANT,B,,,,,ARIHANT FOUNDATIONS & HOUSING,899.75,903.65,862.95,870.8,897.3,894.15,,880.29,,,140,122170,33,F1,1,,,,,
10-09-2026,10-09-2026,CM,BSE,STK,531387,INE671D01014,HASTIFIN,XT,,,,,HASTI FINANCE LTD.,8.39,8.39,8.39,8.39,8.39,8.39,,8.39,,,217,1820,1,F1,1,,,,,
10-09-2026,10-09-2026,CM,BSE,STK,531390,INE890B01014,UPSURGE,X,,,,,UPSURGE INVESTMENT & FINANCE L,67,68,65.1,66.4,66.4,67.11,,66.4,,,2134,142242,39,F1,1,,,,,
10-09-2026,10-09-2026,CM,BSE,STK,531395,INE448D01025,PADAMCO,XT,,,,,PADAM COTTON YARNS LTD.,0.98,1,0.95,0.97,0.98,1,,0.97,,,709170,690133,536,F1,1,,,,,
10-09-2026,10-09-2026,CM,BSE,STK,531396,INE905B01010,WOMENNET,X,,,,,WOMEN NETWORKS LTD.,8.3,8.3,8.3,8.3,8.3,8.35,,8.3,,,3,24,1,F1,1,,,,,
10-09-2026,10-09-2026,CM,BSE,STK,531397,INE262C01014,POLYCON,XT,,,,,POLYCON INTERNATIONAL LTD.,25,25.62,24.9,24.9,24.9,25.5,,24.9,,,1581,39433,16,F1,1,,,,,
10-09-2026,10-09-2026,CM,BSE,STK,531398,INE679C01027,SOURCENTRL,X,,,,,SOURCE NATURAL FOODS & HERBAL,107.8,110,107.8,108.9,108.9,107.8,,108.9,,,199,21758,10,F1,1,,,,,
10-09-2026,10-09-2026,CM,BSE,STK,531399,INE493B01017,GGAUTO,X,,,,,G.G.AUTOMOTIVE GEARS LTD.,162,165.75,161.05,162.8,164,163.4,,162.8,,,4803,783472,111,F1,1,,,,,
10-09-2026,10-09-2026,CM,BSE,STK,531400,INE326B01035,ALMONDZ,B,,,,,ALMONDZ GLOBAL SECURITIES LTD.,19.06,19.84,19.06,19.59,19.69,19.02,,19.55,,,24864,488128,71,F1,1,,,,,
10-09-2026,10-09-2026,CM,BSE,STK,531402,INE281M01013,LWSKNIT,X,,,,,LWS KNITWEAR LTD.,14,14.19,13.2,13.71,13.6,13.47,,13.71,,,19130,258727,134,F1,1,,,,,
10-09-2026,10-09-2026,CM,BSE,STK,531406,INE234J01018,ANSINDUS,XT,,,,,ANS INDUSTRIES LTD,31.48,31.48,31.48,31.48,31.48,33.13,,31.48,,,703,22130,14,F1,1,,,,,
10-09-2026,10-09-2026,CM,BSE,STK,531411,INE560D01027,TUNITEX,X,,,,,TUNI TEXTILE MILLS LTD.,1.6,1.6,1.59,1.6,1.6,1.46,,1.6,,,6038900,9651846,862,F1,1,,,,,
10-09-2026,10-09-2026,CM,BSE,STK,531412,INE576N01014,RADIXIND,X,,,,,RADIX INDUSTRIES (INDIA) LIMIT,129.8,133.7,129.8,133.7,133.7,136.45,,133.7,,,26,3378,2,F1,1,,,,,
10-09-2026,10-09-2026,CM,BSE,STK,531416,INE603F01012,NARPROP,X,,,,,NARENDRA PROPERTIES LTD.,39.19,39.89,35.58,39.65,39.89,39,,39.65,,,2340,92787,29,F1,1,,,,,
10-09-2026,10-09-2026,CM,BSE,STK,531417,INE804B01023,MEGACOR,X,,,,,MEGA CORPORATION LTD.,2.56,2.69,2.33,2.4,2.4,2.58,,2.4,,,132932,327031,133,F1,1,,,,,
10-09-2026,10-09-2026,CM,BSE,STK,531420,INE644K01016,BMBMUMG,XT,,,,,BMB MUSIC & MAGNETICS LTD.,6.93,6.93,6.9,6.9,6.9,7,,6.9,,,144,996,9,F1,1,,,,,
10-09-2026,10-09-2026,CM,BSE,STK,531426,INE107A01015,TNPL,B,,,,,TAMIL NADU NEWSPRINT & PAPERS,157.15,158.4,153.4,154,153.6,155.25,,154.03,,,13937,2166484,1312,F1,1,,,,,
10-09-2026,10-09-2026,CM,BSE,STK,531431,INE908D01010,SHAKTIPUMP,A,,,,,SHAKTI PUMPS (INDIA) LTD.,501.3,524.9,494,503.2,503.2,468.2,,503.2,,,885717,451793138,15112,F1,1,,,,,
10-09-2026,10-09-2026,CM,BSE,STK,531433,INE271D01013,SUNGOLD,X,,,,,SUNGOLD CAPITAL LTD.,2.99,2.99,2.99,2.99,2.99,2.9,,2.99,,,1536,4592,4,F1,1,,,,,
10-09-2026,10-09-2026,CM,BSE,STK,531436,INE474D01013,SAFFRON,X,,,,,SAFFRON INDUSTRIES LIMITED,24.6,26.12,24.6,24.78,25.34,24.92,,24.78,,,6996,174155,30,F1,1,,,,,
10-09-2026,10-09-2026,CM,BSE,STK,531437,INE523I01016,PWASML,X,,,,,Prakash Woollen & Synthetic Mi,25.4,25.4,21.9,22,22,22.9,,22,,,3206,72393,48,F1,1,,,,,
10-09-2026,10-09-2026,CM,BSE,STK,531439,INE805A01014,GOLDTECH,T,,,,,AION TECH SOLUTIONS LIMITED,47.01,47.55,46.26,46.8,46.8,47.55,,46.51,,,5512,255252,18,F1,1,,,,,
10-09-2026,10-09-2026,CM,BSE,STK,531441,INE100F01019,LYONSCO,X,,,,,LYONS CORPORATE MARKET LTD.,21,21,21,21,21,21,,21,,,2,42,2,F1,1,,,,,
10-09-2026,10-09-2026,CM,BSE,STK,531449,INE192H01020,GRMOVER,B,,,,,GRM OVERSEAS LTD.,88.51,88.99,86.35,87.55,87.55,88.19,,87.49,,,357469,31281800,1732,F1,1,,,,,
10-09-2026,10-09-2026,CM,BSE,STK,531453,INE954E01012,MOHITIND,B,,,,,MOHIT INDUSTRIES LTD.,23.58,23.59,23.58,23.59,23.59,23.58,,23.55,,,852,20098,11,F1,1,,,,,
10-09-2026,10-09-2026,CM,BSE,STK,531454,INE323D01020,POLYLINK,X,,,,,POLYLINK POLYMERS (INDIA) LTD.,23.6,23.6,21,23.51,23.6,23.46,,23.51,,,15940,367345,74,F1,1,,,,,
10-09-2026,10-09-2026,CM,BSE,STK,531456,INE952C01028,MINAXI,X,,,,,MINAXI TEXTILES LTD.,1.35,1.35,1.25,1.31,1.31,1.38,,1.31,,,22601,28875,40,F1,1,,,,,
10-09-2026,10-09-2026,CM,BSE,STK,531458,INE109B01019,BOSTON,X,,,,,BOSTON COMMERCE LIMITED,4.95,4.95,4.46,4.46,4.46,4.95,,4.46,,,10196,49930,14,F1,1,,,,,
10-09-2026,10-09-2026,CM,BSE,STK,531460,INE545B01022,CONTICON,XT,,,,,CONTINENTAL CONTROLS LTD.,15,15.25,15,15.25,15.25,15,,15.25,,,1752,26367,6,F1,1,,,,,
10-09-2026,10-09-2026,CM,BSE,STK,531463,INE377M01043,GBLINFRA,XT,,,,,GLOBAL INFRATECH & FINANCE LIM,98.06,98.06,94.22,98.05,98.05,96.14,,98.05,,,7776,762460,82,F1,1,,,,,
10-09-2026,10-09-2026,CM,BSE,STK,531465,INE317B01042,NOUVEAU,XT,,,,,NOUVEAU GLOBAL VENTURES LTD.,0.35,0.35,0.33,0.33,0.33,0.34,,0.33,,,63127,21083,40,F1,1,,,,,
10-09-2026,10-09-2026,CM,BSE,STK,531471,INE397G01019,DUKEOFS,XT,,,,,DUKE OFFSHORE LTD.,67.68,67.68,67.68,67.68,67.68,66.36,,67.68,,,1674,113296,20,F1,1,,,,,
10-09-2026,10-09-2026,CM,BSE,STK,531472,INE183D01010,CYBELEIND,X,,,,,CYBELE INDUSTRIES LTD.,39.9,42.77,39.25,39.91,39.25,41.3,,39.91,,,4227,170039,57,F1,1,,,,,
10-09-2026,10-09-2026,CM,BSE,STK,531486,INE600B01033,FILME,X,,,,,FILMCITY MEDIA LTD.,1.18,1.18,1.08,1.11,1.12,1.13,,1.11,,,584084,647962,55,F1,1,,,,,
10-09-2026,10-09-2026,CM,BSE,STK,531489,INE084D01010,CGVAK,B,,,,,CG-VAK SOFTWARE & EXPORTS LTD.,146,156,145,145,146.25,146,,145.01,,,1172,170728,25,F1,1,,,,,
10-09-2026,10-09-2026,CM,BSE,STK,531494,INE268H01044,NAVKARURB,T,,,,,NAVKAR URBANSTRUCTURE LIMITED,0.93,0.93,0.88,0.9,0.9,0.9,,0.89,,,33767,29911,39,F1,1,,,,,
10-09-2026,10-09-2026,CM,BSE,STK,531495,INE472B01011,BLUECOAST,B,,,,,BLUE COAST HOTELS LTD.,22.62,22.62,22.62,22.62,22.62,21.55,,22.12,,,500,11310,62,F1,1,,,,,
10-09-2026,10-09-2026,CM,BSE,STK,531497,INE378D01032,MADHUCON,T,,,,,MADHUCON PROJECTS LTD.,4.69,4.69,4.5,4.5,4.5,4.72,,4.49,,,1677,7591,17,F1,1,,,,,
10-09-2026,10-09-2026,CM,BSE,STK,531500,INE343B01030,RAJESHEXPO,Z,,,,,RAJESH EXPORTS LTD.,79.99,81,77,79.35,78.62,79.26,,79.35,,,14680,1155259,225,F1,1,,,,,
10-09-2026,10-09-2026,CM,BSE,STK,531502,INE404L01039,ESARIND,X,,,,,ESAAR (INDIA) LTD.,11.89,11.89,11.08,11.1,11.08,11.66,,11.1,,,208352,2320028,238,F1,1,,,,,
10-09-2026,10-09-2026,CM,BSE,STK,531503,INE866D01010,MARIS,X,,,,,MARIS SPINNERS LTD.,41.7,41.7,41,41,41,41.7,,41,,,191,7894,4,F1,1,,,,,
10-09-2026,10-09-2026,CM,BSE,STK,531505,INE628F01019,INDERGR,XT,,,,,INDERGIRI FINANCE LTD.,21.9,21.9,21.8,21.8,21.8,21.9,,21.8,,,6,131,2,F1,1,,,,,
10-09-2026,10-09-2026,CM,BSE,STK,531508,INE128A01029,EVEREADY,B,,,,,EVEREADY INDUSTRIES INDIA LTD.,349.4,368.6,348.3,366.25,365.7,349.05,,366.2,,,47064,16903585,1157,F1,1,,,,,
10-09-2026,10-09-2026,CM,BSE,STK,531509,INE623D01015,STEP2COR,XT,,,,,STEP TWO CORPORATION LTD.,29,29.92,29,29.92,29.92,28.5,,29.92,,,1500,44787,7,F1,1,,,,,
10-09-2026,10-09-2026,CM,BSE,STK,531512,INE681D01039,ORIENTTR,X,,,,,ORIENT TRADELINK LTD.,4.37,4.37,4.03,4.12,4.15,4.17,,4.12,,,18961,78703,121,F1,1,,,,,
10-09-2026,10-09-2026,CM,BSE,STK,531515,INE735D01041,MAHANIN,X,,,,,MAHAN INDUSTRIES LTD.,14.13,14.13,14.13,14.13,14.13,13.46,,14.13,,,527,7446,15,F1,1,,,,,
10-09-2026,10-09-2026,CM,BSE,STK,531518,INE767B01022,VIKASPROP,Z,,,,,VIKAS PROPPANT & GRANITE LTD.,0.27,0.27,0.26,0.27,0.27,0.26,,0.27,,,241444,64483,79,F1,1,,,,,
10-09-2026,10-09-2026,CM,BSE,STK,531525,INE849B01010,ACESOFT,XT,,,,,ACE SOFTWARE EXPORTS LTD.,211,213.8,202.1,208.15,209.9,211.8,,208.15,,,32131,6668286,212,F1,1,,,,,
10-09-2026,10-09-2026,CM,BSE,STK,531529,INE562E01021,SOFTRAKV,XT,,,,,SOFTRAK VENTURE INVESTMENT LTD,1.52,1.57,1.45,1.5,1.5,1.52,,1.5,,,36285,53366,63,F1,1,,,,,
10-09-2026,10-09-2026,CM,BSE,STK,531530,INE658E01027,BETALA,X,,,,,BETALA GLOBAL SECURITIES LTD.,38.5,41.59,38.48,39.97,39.97,40.5,,39.97,,,32771,1279252,150,F1,1,,,,,
10-09-2026,10-09-2026,CM,BSE,STK,531531,INE473B01035,HATSUN,A,,,,,HATSUN AGRO PRODUCT LTD.,1192.05,1201.85,1178.4,1192.2,1193.5,1199.95,,1194.42,,,4526,5392885,410,F1,1,,,,,
10-09-2026,10-09-2026,CM,BSE,STK,531533,INE578B01015,ACCEDERE,X,,,,,ACCEDERE LIMITED,57.23,57.23,57.23,57.23,57.23,54.51,,57.23,,,458,26211,10,F1,1,,,,,
10-09-2026,10-09-2026,CM,BSE,STK,531537,INE681K01026,MIZVEN,XT,,,,,MIZZEN VENTURES LIMITED,37.05,40.9,37.05,37.2,39.9,39,,37.2,,,6014,223294,20,F1,1,,,,,
10-09-2026,10-09-2026,CM,BSE,STK,531539,INE864D01015,RISHDIGA,X,,,,,RISHABH DIGHA STEEL & ALLIED P,36.7,36.7,33.25,36.57,36.68,35,,36.57,,,44,1532,12,F1,1,,,,,
10-09-2026,10-09-2026,CM,BSE,STK,531540,INE392G01028,MAINFRA,X,,,,,MARUTI INFRASTRUCTURE LTD.,10.55,10.9,10.55,10.56,10.56,10.56,,10.56,,,7053,74991,56,F1,1,,,,,
10-09-2026,10-09-2026,CM,BSE,STK,531541,INE881A01015,KOBO,Z,,,,,KOBO BIOTECH LIMITED,4.72,4.72,4.72,4.72,4.72,4.81,,4.72,,,565,2666,10,F1,1,,,,,
10-09-2026,10-09-2026,CM,BSE,STK,531543,INE247D01039,JINDWORLD,B,,,,,JINDAL WORLDWIDE LTD.,55.52,57.4,55.1,55.8,55.8,55.47,,55.65,,,2414814,136753110,4683,F1,1,,,,,
10-09-2026,10-09-2026,CM,BSE,STK,531548,INE355A01028,SOMANYCERA,B,,,,,SOMANY CERAMICS LTD.,556.55,570.7,555,559.15,555.05,555.05,,559.68,,,5417,3040168,259,F1,1,,,,,
10-09-2026,10-09-2026,CM,BSE,STK,531550,INE865D01012,JHACC,X,,,,,JHAVERI CREDITS & CAPITAL LTD.,173,187,170,184.35,181.3,167.65,,184.35,,,29684,5379281,212,F1,1,,,,,
10-09-2026,10-09-2026,CM,BSE,STK,531552,INE754B01012,RAGHUTOB,X,,,,,RAGHUNATH TOBACCO CO.LTD.,14.38,14.49,13.05,13.4,13.4,14.38,,13.4,,,2793,38410,34,F1,1,,,,,
10-09-2026,10-09-2026,CM,BSE,STK,531553,INE193D01019,DRL,XT,,,,,DISHA RESOURCES LIMITED,41.75,41.75,38.4,40.89,40.89,40.42,,40.89,,,16539,650812,89,F1,1,,,,,
10-09-2026,10-09-2026,CM,BSE,STK,531556,INE558D01021,CORALFINAC,B,,,,,CORAL INDIA FINANCE & HOUSING,32.06,32.5,32.01,32.4,32.4,32.28,,32.88,,,39,1262,18,F1,1,,,,,
10-09-2026,10-09-2026,CM,BSE,STK,531557,INE137E01014,AMITSEC,X,,,,,AMIT SECURITIES LTD.,39.29,39.29,39.25,39.25,39.25,39.3,,39.25,,,105,4124,3,F1,1,,,,,
10-09-2026,10-09-2026,CM,BSE,STK,531569,INE860D01013,SANJIVIN,X,,,,,SANJIVANI PARANTERAL LTD.,186.1,187.9,180,180.85,180.85,186.9,,180.85,,,19524,3610637,106,F1,1,,,,,
10-09-2026,10-09-2026,CM,BSE,STK,531574,INE192C01013,VASINFRA,XT,,,,,VAS INFRASTRUCTURE LTD.,7.83,7.97,7.26,7.86,7.86,7.64,,7.86,,,2617,19422,26,F1,1,,,,,
10-09-2026,10-09-2026,CM,BSE,STK,531578,INE580H01026,KMFBLDR,X,,,,,KMF BUILDERS & DEVELOPERS LTD.,7.18,7.18,7.18,7.18,7.18,7.21,,7.18,,,304,2182,5,F1,1,,,,,
10-09-2026,10-09-2026,CM,BSE,STK,531582,INE508J01015,BERYLSE,X,,,,,BERYL SECURITIES LTD.,25.73,28.42,25.73,28.42,28.42,27.08,,28.42,,,929,23933,8,F1,1,,,,,
10-09-2026,10-09-2026,CM,BSE,STK,531583,INE483D01014,RAP,X,,,,,RAP CORP LIMITED,32.49,32.9,32.25,32.25,32.25,32.49,,32.25,,,1621,53161,11,F1,1,,,,,
10-09-2026,10-09-2026,CM,BSE,STK,531591,INE802A01037,BAMPSL,X,,,,,BAMPSL SECURITIES LTD.,18.6,18.89,18.01,18.88,18.88,18.55,,18.88,,,2176,40003,28,F1,1,,,,,
10-09-2026,10-09-2026,CM,BSE,STK,531592,INE861N01036,GENPHARMA,X,,,,,GENPHARMASEC LIMITED,1.13,1.18,1.12,1.16,1.18,1.12,,1.16,,,432751,502706,241,F1,1,,,,,
10-09-2026,10-09-2026,CM,BSE,STK,531594,INE507D01010,INCON,XT,,,,,INCON ENGINEERS LTD.,28.27,28.27,28.27,28.27,28.27,28.27,,28.27,,,129,3646,3,F1,1,,,,,
10-09-2026,10-09-2026,CM,BSE,STK,531595,INE180C01042,CGCL,A,,,,,CAPRI GLOBAL CAPITAL LIMITED,274.4,275.75,268,272.25,274,272.25,,272.25,,,123175,33500107,1615,F1,1,,,,,
10-09-2026,10-09-2026,CM,BSE,STK,531599,INE258B01022,FDC,B,,,,,FDC LTD.,354,355.55,344.8,345.25,346.6,354.5,,345.35,,,1985,690654,183,F1,1,,,,,
10-09-2026,10-09-2026,CM,BSE,STK,531608,INE792J01015,GORANIN,X,,,,,GORANI INDUSTRIES LTD.,44,44,42.14,42.14,42.14,44.44,,42.14,,,4,170,4,F1,1,,,,,
10-09-2026,10-09-2026,CM,BSE,STK,531613,INE100C01024,MAL,XT,,,,,Meyer Apparel Limited,2.41,2.41,2.33,2.33,2.33,2.37,,2.33,,,2893,6868,11,F1,1,,,,,
10-09-2026,10-09-2026,CM,BSE,STK,531624,INE695B01025,COUNCODOS,T,,,,,COUNTRY CONDOS LTD.,6.49,6.49,6.4,6.42,6.42,6.49,,6.38,,,353,2287,8,F1,1,,,,,
10-09-2026,10-09-2026,CM,BSE,STK,531626,INE628B01034,OROSMITHS,XT,,,,,OROSIL SMITHS INDIA LTD.,6.6,6.6,6.26,6.38,6.36,6.4,,6.38,,,21420,138659,100,F1,1,,,,,
10-09-2026,10-09-2026,CM,BSE,STK,531628,INE173E01019,TEJASSVI,XT,,,,,TEJASSVI AAHARAM LIMITED,65,68,61.8,61.8,61.8,65,,61.8,,,1699,111788,19,F1,1,,,,,
10-09-2026,10-09-2026,CM,BSE,STK,531633,INE405C01035,LINCOLN,B,,,,,LINCOLN PHARMACEUTICALS LTD.,637.8,641.6,631.1,636.35,636.6,638.35,,634.73,,,4089,2596952,191,F1,1,,,,,
10-09-2026,10-09-2026,CM,BSE,STK,531635,INE870J01019,SILVOAK,X,,,,,SILVER OAK (INDIA) LTD.,76.82,76.82,72.01,75.99,75.99,76.44,,75.99,,,279,21279,14,F1,1,,,,,
10-09-2026,10-09-2026,CM,BSE,STK,531637,INE722B01019,PRAVEG,B,,,,,PRAVEG LIMITED,261,272,260,266.35,267,264.8,,266.45,,,10401,2790929,445,F1,1,,,,,
10-09-2026,10-09-2026,CM,BSE,STK,531642,INE196A01026,MARICO,A,,,,,MARICO LTD.,814.8,814.8,799.6,802,802,810.25,,803,,,99015,79399035,1248,F1,1,,,,,
10-09-2026,10-09-2026,CM,BSE,STK,531644,INE546D01018,TOKYOFIN,X,,,,,TOKYO FINANCE LTD.,19.9,19.9,18.12,18.42,18.42,19.77,,18.42,,,691,12890,17,F1,1,,,,,
10-09-2026,10-09-2026,CM,BSE,STK,531651,INE654H01011,NATGENI,X,,,,,NATIONAL GENERAL INDUSTRIES LT,60.45,60.45,60.45,60.45,60.45,58.48,,60.45,,,2,120,1,F1,1,,,,,
10-09-2026,10-09-2026,CM,BSE,STK,531652,INE528C01018,UVS,X,,,,,UVS HOSPITALITY AND SERVICES L,83.59,83.59,79.2,81.12,82,81.95,,81.12,,,243,19726,11,F1,1,,,,,
10-09-2026,10-09-2026,CM,BSE,STK,531658,INE454E01013,ABATEAS,X,,,,,ABATE AS INDUSTRIES LIMITED,8.51,8.89,8.35,8.68,8.73,8.6,,8.68,,,22088,187571,66,F1,1,,,,,
10-09-2026,10-09-2026,CM,BSE,STK,531661,INE863C01019,HITTCO,XT,,,,,HITTCO TOOLS LTD.,19.25,19.25,17.58,18.26,18.9,18.5,,18.26,,,20506,370977,92,F1,1,,,,,
10-09-2026,10-09-2026,CM,BSE,STK,531663,INE139D01020,YUVRAAJHPL,X,,,,,YUVRAAJ HYGIENE PRODUCTS LTD.,10.8,10.9,10.21,10.39,10.4,10.68,,10.39,,,48480,512946,145,F1,1,,,,,
10-09-2026,10-09-2026,CM,BSE,STK,531667,INE117K01013,RRMETAL,XT,,,,,RR METALMAKERS INDIA LIMITED,45.35,47,45.35,47,47,46.27,,47,,,44175,2003916,50,F1,1,,,,,
10-09-2026,10-09-2026,CM,BSE,STK,531668,INE661D01015,VISIONCO,XT,,,,,VISION CORPORATION LTD.,2.7,2.8,2.66,2.66,2.66,2.8,,2.66,,,471,1304,10,F1,1,,,,,
10-09-2026,10-09-2026,CM,BSE,STK,531671,INE214D01021,KARNAWATI,X,,,,,Karnawati Innovation Limited,1.29,1.29,1.24,1.25,1.25,1.26,,1.25,,,52016,66077,109,F1,1,,,,,
10-09-2026,10-09-2026,CM,BSE,STK,531673,INE067C01025,ANKIN,X,,,,,ANKA INDIA LTD.,19.66,20.99,19.66,19.91,19.86,20.1,,19.91,,,8498,169999,46,F1,1,,,,,
10-09-2026,10-09-2026,CM,BSE,STK,531676,INE554H01021,EMROCK,XT,,,,,EMROCK CORPORATION LIMITED,254.65,256,236.05,255,255,246.9,,255,,,4870,1232254,32,F1,1,,,,,
10-09-2026,10-09-2026,CM,BSE,STK,531680,INE799E01011,MAYUR,XT,,,,,MAYUR LEATHER PRODUCTS LTD.,37.71,39.49,37.54,37.64,37.54,39.51,,37.64,,,28266,1067700,73,F1,1,,,,,
10-09-2026,10-09-2026,CM,BSE,STK,531681,INE673C01020,AMERISE,XT,,,,,AMERISE BIOSCIENCES LIMITED,0.86,0.86,0.82,0.82,0.82,0.86,,0.82,,,16470,14081,24,F1,1,,,,,
10-09-2026,10-09-2026,CM,BSE,STK,531688,INE621B01021,PRITHVIEXCH,X,,,,,Prithvi Exchange (India) Limit,105,105,99.8,104,104,103.8,,104,,,1207,125495,20,F1,1,,,,,
10-09-2026,10-09-2026,CM,BSE,STK,531692,INE593B01030,KHYATI,XT,,,,,KHYATI MULTIMEDIA-ENTERTAINMEN,3.16,3.24,2.95,3.1,3.1,3.09,,3.1,,,1963,6251,12,F1,1,,,,,
10-09-2026,10-09-2026,CM,BSE,STK,531694,INE230F01014,RAINBOWF,X,,,,,RAINBOW FOUNDATIONS LTD.,30.76,33.84,30.76,31.75,31.07,32.6,,31.75,,,2177,68023,33,F1,1,,,,,
10-09-2026,10-09-2026,CM,BSE,STK,531716,INE843F01014,TRICOMFRU,XT,,,,,TRICOM FRUIT PRODUCTS LIMITED,1.22,1.25,1.17,1.2,1.17,1.23,,1.2,,,4154,5043,18,F1,1,,,,,
10-09-2026,10-09-2026,CM,BSE,STK,531717,INE632C01026,VIDHIING,B,,,,,Vidhi Specialty Food Ingredien,347.35,349.95,339.2,339.95,339.95,349.05,,338.9,,,48680,16587528,18,F1,1,,,,,
10-09-2026,10-09-2026,CM,BSE,STK,531719,INE414D01027,BHAGCHEM,B,,,,,BHAGIRADHA CHEMICALS & INDUSTR,260.1,265,258.2,258.25,258.2,263.4,,258.21,,,2294,594981,165,F1,1,,,,,
10-09-2026,10-09-2026,CM,BSE,STK,531723,INE224E01028,GATECH,T,,,,,GACM Technologies Limited,0.78,0.78,0.78,0.78,0.78,0.82,,0.76,,,268977,209802,286,F1,1,,,,,
10-09-2026,10-09-2026,CM,BSE,STK,531726,INE316G01019,PANCHSHEEL,X,,,,,PANCHSHEEL ORGANICS LTD.,107,113.95,107,110.65,110.4,105.55,,110.65,,,12406,1371551,192,F1,1,,,,,
10-09-2026,10-09-2026,CM,BSE,STK,531727,INE650G01029,MENNPIS,T,,,,,MENON PISTONS LTD.,81.9,81.9,76.35,76.35,76.35,80.36,,76.41,,,15547,1195915,162,F1,1,,,,,
10-09-2026,10-09-2026,CM,BSE,STK,531737,INE414C01045,GREENCREST,X,,,,,GREENCREST FINANCIAL SERVICES,0.61,0.64,0.58,0.64,0.64,0.61,,0.64,,,207918,125231,150,F1,1,,,,,
10-09-2026,10-09-2026,CM,BSE,STK,531739,INE509C01026,GENNEX,X,,,,,GENNEX LABORATORIES LTD.,11.43,11.75,11.12,11.21,11.21,11.43,,11.21,,,149417,1696181,368,F1,1,,,,,
10-09-2026,10-09-2026,CM,BSE,STK,531744,INE548B01018,GINISILK,X,,,,,GINI SILK MILLS LTD.,62.5,62.5,60,61.99,61.99,62.48,,61.99,,,2816,174216,13,F1,1,,,,,
10-09-2026,10-09-2026,CM,BSE,STK,531746,INE505C01016,PRAENG,B,,,,,PRAJAY ENGINEERS SYNDICATE LTD,22.65,22.69,21.15,22.69,22.69,22.65,,22.2,,,3717,83270,54,F1,1,,,,,
10-09-2026,10-09-2026,CM,BSE,STK,531752,INE703D01023,BIOGEN,X,,,,,BIOGEN PHARMACHEM INDUSTRIES L,0.27,0.27,0.26,0.27,0.27,0.26,,0.27,,,3481597,933684,924,F1,1,,,,,
10-09-2026,10-09-2026,CM,BSE,STK,531758,INE131D01019,GKCONS,X,,,,,G.K.CONSULTANTS LTD.,11,12.98,10.33,10.56,11.9,11,,10.56,,,4467,48605,32,F1,1,,,,,
10-09-2026,10-09-2026,CM,BSE,STK,531761,INE126J01016,APOLLOPIPE,B,,,,,APOLLO PIPES LIMITED,578.85,589.3,567.1,568.5,567.9,577.6,,569.34,,,10758,6250751,509,F1,1,,,,,
10-09-2026,10-09-2026,CM,BSE,STK,531762,INE576D01015,UNJHAFOR,XT,,,,,UNJHA FORMULATIONS LTD.,36.38,36.38,33.68,33.68,33.68,35.45,,33.68,,,7796,269947,35,F1,1,,,,,
10-09-2026,10-09-2026,CM,BSE,STK,531768,INE205C01021,POLYMED,A,,,,,POLY MEDICURE LTD.,1722.95,1756,1722.95,1747.55,1750.45,1723.8,,1747.7,,,2489,4343131,294,F1,1,,,,,
10-09-2026,10-09-2026,CM,BSE,STK,531769,INE600F01018,PFLINFOTC,X,,,,,PFL INFOTECH LTD.,3.7,3.7,3.69,3.69,3.69,3.7,,3.69,,,18,66,3,F1,1,,,,,
10-09-2026,10-09-2026,CM,BSE,STK,531771,INE311M01018,SHRADDHA,B,,,,,SHRADDHA PRIME PROJECTS LTD,153,156.75,147.75,147.75,147.75,150.6,,150.02,,,178,26746,7,F1,1,,,,,
10-09-2026,10-09-2026,CM,BSE,STK,531778,INE059E01010,KACHCHH,X,,,,,KACHCHH MINERALS LTD.,28.65,28.99,26.65,27.95,28,28.05,,27.95,,,815,22506,14,F1,1,,,,,
10-09-2026,10-09-2026,CM,BSE,STK,531779,INE630U01014,PADALPO,X,,,,,PADMANABH ALLOYS & POLYMERS LT,19.3,19.3,19.3,19.3,19.3,19.3,,19.3,,,828,15980,9,F1,1,,,,,
10-09-2026,10-09-2026,CM,BSE,STK,531780,INE229G01022,KACL,X,,,,,KAISER CORPORATION LIMITED,6.04,6.2,5.9,5.92,5.92,6.06,,5.92,,,76051,455712,130,F1,1,,,,,
10-09-2026,10-09-2026,CM,BSE,STK,531784,INE469F01026,KCLINFRA,X,,,,,KCL Infra Projects Limited,1.08,1.09,1.06,1.09,1.09,1.07,,1.09,,,57639,62506,96,F1,1,,,,,
10-09-2026,10-09-2026,CM,BSE,STK,531795,INE951D01028,ATULAUTO,B,,,,,ATUL AUTO LTD.,448,458.5,447.75,449.2,450,456.5,,449.63,,,11709,5286313,342,F1,1,,,,,
10-09-2026,10-09-2026,CM,BSE,STK,531802,INE426H01014,PRERINFRA,X,,,,,PRERNA INFRABUILD LTD.,23.52,24.29,23.31,24,24,23.52,,24,,,2816,66196,17,F1,1,,,,,
10-09-2026,10-09-2026,CM,BSE,STK,531810,INE161E01014,METALCO,X,,,,,METAL COATINGS (INDIA) LTD.,52.54,52.7,50.6,51.5,51.5,52.8,,51.5,,,2509,129235,27,F1,1,,,,,
10-09-2026,10-09-2026,CM,BSE,STK,531812,INE266C01023,SGNTE,X,,,,,SGN TELECOMS LTD.,0.64,0.64,0.62,0.62,0.62,0.64,,0.62,,,24532,15669,23,F1,1,,,,,
10-09-2026,10-09-2026,CM,BSE,STK,531814,INE297J01023,TIRSARJ,X,,,,,TIRUPATI SARJAN LTD.,8.56,8.7,8.51,8.57,8.57,8.55,,8.57,,,3909,33443,14,F1,1,,,,,
10-09-2026,10-09-2026,CM,BSE,STK,531821,INE348D01019,MUNOTHFI,XT,,,,,MUNOTH FINANCIAL SERVICES LTD.,58.83,58.83,58.8,58.8,58.8,57.68,,58.8,,,12,705,3,F1,1,,,,,
10-09-2026,10-09-2026,CM,BSE,STK,531822,INE513E01024,RODIUM,X,,,,,RODIUM REALTY LIMITED,143.75,149.4,132.25,144.15,144.5,133.7,,144.15,,,1833,259806,46,F1,1,,,,,
10-09-2026,10-09-2026,CM,BSE,STK,531832,INE793H01017,NAGTECH,X,,,,,NAGARJUNA AGRI TECH LTD.,38,39.7,38,38.11,39.5,38.15,,38.11,,,394,15192,12,F1,1,,,,,
10-09-2026,10-09-2026,CM,BSE,STK,531834,INE487B01019,NATHUEC,XT,,,,,NATURA HUE CHEM LTD.,39.27,39.45,39.27,39.45,39.45,39.27,,39.45,,,1600,63093,5,F1,1,,,,,
10-09-2026,10-09-2026,CM,BSE,STK,531840,INE172B01017,IECEDU,X,,,,,IEC EDUCATION LTD.,23.25,24.5,22.35,23.75,24,23.76,,23.75,,,14014,331293,102,F1,1,,,,,
10-09-2026,10-09-2026,CM,BSE,STK,531841,INE935D01013,INDUSFINL,XT,,,,,Indus Finance Limited,279.55,279.55,279.55,279.55,279.55,274.1,,279.55,,,2908,812931,45,F1,1,,,,,
10-09-2026,10-09-2026,CM,BSE,STK,531842,INE515C01023,LAHOTIOV,B,,,,,LAHOTI OVERSEAS LTD.,44.95,44.95,37.73,41.03,40.91,42.42,,41.05,,,8212,328497,83,F1,1,,,,,
10-09-2026,10-09-2026,CM,BSE,STK,531845,INE318D01020,ZENITHSTL,B,,,,,ZENITH STEEL PIPES AND  INDUST,5.96,6.25,5.79,6.01,6.04,6.1,,5.99,,,49643,303329,110,F1,1,,,,,
10-09-2026,10-09-2026,CM,BSE,STK,531859,INE457G01029,ORIRAIL,B,,,,,ORIENTAL RAIL INFRASTRUCTURE L,129,129,122,122.65,122.65,126.55,,122.32,,,14716,1836621,278,F1,1,,,,,
10-09-2026,10-09-2026,CM,BSE,STK,531861,INE024B01010,JOINDRE,X,,,,,JOINDRE CAPITAL SERVICES LTD.,48.88,48.99,48.6,48.7,48.7,48.98,,48.7,,,1369,66870,29,F1,1,,,,,
10-09-2026,10-09-2026,CM,BSE,STK,531862,INE842D01029,BHARATAGRI,X,,,,,BHARAT AGRI FERT & REALTY LTD.,22.46,23.09,22.33,22.45,22.42,22.31,,22.45,,,4381,99645,51,F1,1,,,,,
10-09-2026,10-09-2026,CM,BSE,STK,531869,INE433G01020,SACHEMT,X,,,,,SACHETA METALS LTD.,3.69,3.8,3.66,3.8,3.77,3.63,,3.8,,,69546,260504,113,F1,1,,,,,
10-09-2026,10-09-2026,CM,BSE,STK,531870,INE370C01015,POPULARES,X,,,,,POPULAR ESTATE MANAGEMENT LTD.,14.67,14.67,14.67,14.67,14.67,15.44,,14.67,,,3,44,1,F1,1,,,,,
10-09-2026,10-09-2026,CM,BSE,STK,531878,INE283D01018,ANJANIFIN,X,,,,,ANJANI FINANCE LTD.,8.79,8.79,8.7,8.7,8.7,8,,8.7,,,157,1365,7,F1,1,,,,,
10-09-2026,10-09-2026,CM,BSE,STK,531888,INE687C01012,REXNORD,XT,,,,,REXNORD ELECTRONICS & CONTROLS,82,87,80,85.95,85.95,83,,85.95,,,5219,431072,49,F1,1,,,,,
10-09-2026,10-09-2026,CM,BSE,STK,531889,INE882B01037,NWIL,X,,,,,NURTURE WELL INDUSTRIES LIMITE,21.05,21.34,20.71,21.03,21.03,21,,21.03,,,201536,4234173,591,F1,1,,,,,
10-09-2026,10-09-2026,CM,BSE,STK,531892,INE060B01014,KHANDSE,B,,,,,KHANDWALA SECURITIES LTD.,16.85,16.9,16.85,16.88,16.9,18.34,,16.96,,,200,3376,6,F1,1,,,,,
10-09-2026,10-09-2026,CM,BSE,STK,531893,INE248B01023,SAWACA,X,,,,,SAWACA ENTERPRISES LIMITED,0.29,0.29,0.28,0.28,0.28,0.29,,0.28,,,338612,96977,219,F1,1,,,,,
10-09-2026,10-09-2026,CM,BSE,STK,531900,INE778E01031,CCLINTER,X,,,,,CCL INTERNATIONAL LTD.,21.35,22.99,21.01,22.73,22.73,22.68,,22.73,,,473,10732,17,F1,1,,,,,
10-09-2026,10-09-2026,CM,BSE,STK,531902,INE755J01012,GALLOPENT,XT,,,,,GALLOPS ENTERPRISE LTD.,38,39.85,36.1,36.45,36.2,38,,36.45,,,804,30359,14,F1,1,,,,,
10-09-2026,10-09-2026,CM,BSE,STK,531909,INE587J01027,CROISSANCE,XT,,,,,CROISSANCE LIMITED,1.15,1.17,1.09,1.16,1.16,1.14,,1.16,,,498634,549473,143,F1,1,,,,,
10-09-2026,10-09-2026,CM,BSE,STK,531910,INE312M01024,JOJO,XT,,,,,JOJO LIMITED,230,230,222.55,226.2,226,222.25,,226.2,,,109169,24682483,240,F1,1,,,,,
10-09-2026,10-09-2026,CM,BSE,STK,531911,INE803L01016,GALAGEX,XT,,,,,GALAXY AGRICO EXPORTS LTD.,91.05,97,91.05,97,97,94.7,,97,,,253544,24272741,39,F1,1,,,,,
10-09-2026,10-09-2026,CM,BSE,STK,531913,INE641H01018,CASTORA,X,,,,,CASTORA AGRI COMMODITIES LIMIT,14.58,14.58,14,14.02,14.1,13.89,,14.02,,,247330,3524391,202,F1,1,,,,,
10-09-2026,10-09-2026,CM,BSE,STK,531918,INE02XD01011,HINDAPL,X,,,,,HINDUSTAN APPLIANCES LTD.,91,95.55,90,90.9,90.9,91,,90.9,,,84,7921,13,F1,1,,,,,
10-09-2026,10-09-2026,CM,BSE,STK,531921,INE204E01012,AGARIND,B,,,,,AGARWAL INDUSTRIAL CORPORATION,445.05,446.2,432,433.45,432,446,,433.83,,,2059,906556,195,F1,1,,,,,
10-09-2026,10-09-2026,CM,BSE,STK,531923,INE956B01013,DHAMPURE,X,,,,,DHAMPURE SPECIALITY SUGARS LTD,135.3,141.6,133.55,137.55,137.5,138.1,,137.55,,,7436,1020358,140,F1,1,,,,,
10-09-2026,10-09-2026,CM,BSE,STK,531925,INE545N01019,SHAQUAK,X,,,,,SHANTANU SHEOREY AQUAKULT LTD.,1.18,1.21,1.18,1.19,1.19,1.18,,1.19,,,10318,12384,10,F1,1,,,,,
10-09-2026,10-09-2026,CM,BSE,STK,531931,INE531X01018,SAICAPI,B,,,,,SAI CAPITAL LTD.,163.5,172,160.3,160.3,160.3,146,,155.34,,,692,113391,14,F1,1,,,,,
10-09-2026,10-09-2026,CM,BSE,STK,531950,INE316D01024,VERTEX,XT,,,,,VERTEX SECURITIES LTD.,3.13,3.2,3.05,3.1,3.1,3.1,,3.1,,,21155,65713,38,F1,1,,,,,
10-09-2026,10-09-2026,CM,BSE,STK,531952,INE811H01017,RIBATEX,XT,,,,,RIBA TEXTILES LTD.,64.98,66.95,64.98,66,66,64.25,,66,,,1230,81600,12,F1,1,,,,,
10-09-2026,10-09-2026,CM,BSE,STK,531959,INE997D01021,NEWINFRA,X,,,,,NEWTIME INFRASTRUCTURE LIMITED,1.9,1.94,1.89,1.89,1.89,1.92,,1.89,,,42705,81611,134,F1,1,,,,,
10-09-2026,10-09-2026,CM,BSE,STK,531962,INE914B01012,SHREMETAL,X,,,,,SHREE METALLOYS LTD.,35.94,40.99,35.94,38.01,38.01,35.94,,38.01,,,1822,68841,36,F1,1,,,,,
10-09-2026,10-09-2026,CM,BSE,STK,531977,INE558F01026,CHLOGIST,XT,,,,,CHARTERED LOGISTICS LTD.,9.94,9.94,9.94,9.94,9.94,10.14,,9.94,,,260193,2586318,34,F1,1,,,,,
10-09-2026,10-09-2026,CM,BSE,STK,531978,INE540G01014,AMBIKCO,B,,,,,AMBIKA COTTON MILLS LTD.,1611.9,1627.5,1602.6,1607,1604.05,1617.9,,1606.9,,,309,497045,43,F1,1,,,,,
10-09-2026,10-09-2026,CM,BSE,STK,531979,INE227B01019,HINDALUMI,B,,,,,HIND ALUMINIUM INDUSTRIES LTD.,98.3,98.3,96.36,97.9,97.9,98.39,,96.97,,,104,10110,6,F1,1,,,,,
10-09-2026,10-09-2026,CM,BSE,STK,531982,INE547C01018,SPECFOOD,X,,,,,SPECTRUM FOODS LTD.,16.29,16.39,15.69,15.7,15.7,15.97,,15.7,,,33853,535541,44,F1,1,,,,,
10-09-2026,10-09-2026,CM,BSE,STK,531989,INE132E01015,DECPO,X,,,,,DECCAN POLYPACKS LTD.,23,23,23,23,23,24.14,,23,,,162,3726,3,F1,1,,,,,
10-09-2026,10-09-2026,CM,BSE,STK,531991,INE735C01027,AMRAAGRI,X,,,,,AMRAWORLD AGRICO LTD.,0.53,0.53,0.52,0.53,0.53,0.53,,0.53,,,79073,41289,32,F1,1,,,,,
10-09-2026,10-09-2026,CM,BSE,STK,531994,INE706C01028,AUTOPINS,X,,,,,AUTO PINS (INDIA) LTD.,141,141.1,141,141.1,141.1,134.4,,141.1,,,134,18906,6,F1,1,,,,,
10-09-2026,10-09-2026,CM,BSE,STK,531996,INE839E01023,ODYCORP,B,,,,,ODYSSEY CORPORATION LTD.,6.9,7.28,6.9,7.24,7.24,7.24,,7.03,,,611,4416,15,F1,1,,,,,
10-09-2026,10-09-2026,CM,BSE,STK,531997,INE164D01010,IKOMA,XT,,,,,IKOMA TECHNOLOGIES LIMITED,61.04,64.55,58.9,63.5,63.5,61.48,,63.5,,,49221,3091145,114,F1,1,,,,,
10-09-2026,10-09-2026,CM,BSE,STK,532001,INE146H01018,INDCTST,X,,,,,INDUCTO STEEL LTD.,66.7,66.7,58.35,62.01,62.7,63.79,,62.01,,,197,12518,12,F1,1,,,,,
10-09-2026,10-09-2026,CM,BSE,STK,532005,INE653D01012,SAMINDUS,X,,,,,SAM INDUSTRIES LTD.,35.6,40.1,34.55,39.88,39.88,37.81,,39.88,,,446,15440,6,F1,1,,,,,
10-09-2026,10-09-2026,CM,BSE,STK,532007,INE981C01019,SHVFL,X,,,,,SHREEVATSAA FINANCE & LEASING,24.1,25.25,24.1,25.25,25.25,24.05,,25.25,,,17,414,2,F1,1,,,,,
10-09-2026,10-09-2026,CM,BSE,STK,532011,INE147C01017,POOJAENT,X,,,,,VASHU BHAGNANI INDUSTRIES LIMI,65.01,72.97,65.01,68.1,68.1,68.15,,68.1,,,17157,1175165,78,F1,1,,,,,
10-09-2026,10-09-2026,CM,BSE,STK,532015,INE995A01013,GRAVITY,X,,,,,GRAVITY (INDIA) LTD.,13.45,13.99,13.45,13.45,13.45,14.15,,13.45,,,65126,877580,161,F1,1,,,,,
10-09-2026,10-09-2026,CM,BSE,STK,532016,INE176O01011,ESPIRE,X,,,,,ESPIRE HOSPITALITY LIMITED,161.4,161.4,146,153.55,153.95,149.35,,153.55,,,733,112357,38,F1,1,,,,,
10-09-2026,10-09-2026,CM,BSE,STK,532019,INE938A01021,LCCINFOTEC,B,,,,,LCC INFOTECH LTD.,3.84,3.84,3.17,3.19,3.34,3.52,,3.19,,,57400,185304,121,F1,1,,,,,
10-09-2026,10-09-2026,CM,BSE,STK,532022,INE185E01021,FILATFASH,B,,,,,FILATEX FASHIONS LTD.,0.19,0.19,0.19,0.19,0.19,0.19,,0.18,,,527524,100229,156,F1,1,,,,,
10-09-2026,10-09-2026,CM,BSE,STK,532029,INE325D01025,SINDHUTRAD,B,,,,,SINDHU TRADE LINKS LIMITED,24.8,25.08,23.8,23.81,23.81,24.89,,23.81,,,67541,1642421,256,F1,1,,,,,
10-09-2026,10-09-2026,CM,BSE,STK,532039,INE486F01012,ZENOTECH,X,,,,,ZENOTECH LABORATORIES LTD.,45.39,46.19,44.28,44.67,44.67,45.39,,44.67,,,10271,462078,124,F1,1,,,,,
10-09-2026,10-09-2026,CM,BSE,STK,532041,INE597C01021,HINDBIO,XT,,,,,HINDUSTAN BIO SCIENCES LTD.,8.48,8.48,7.72,7.95,7.92,8.12,,7.95,,,2496,19695,38,F1,1,,,,,
10-09-2026,10-09-2026,CM,BSE,STK,532042,INE092D01013,FRONTCORP,X,,,,,FRONTLINE CORPORATION LTD.,31,32,29.6,32,32,31.15,,32,,,1333,39881,10,F1,1,,,,,
10-09-2026,10-09-2026,CM,BSE,STK,532051,INE409B01013,SWELECTES,B,,,,,SWELECT ENERGY SYSTEMS LIMITED,580.25,580.25,562.4,568.65,562.4,574,,568.16,,,956,543775,67,F1,1,,,,,
10-09-2026,10-09-2026,CM,BSE,STK,532053,INE121B01014,WALLFORT,X,,,,,WALLFORT FINANCIAL SERVICES LT,80.02,82.5,80.02,82.5,82.5,80.42,,82.5,,,1043,83522,6,F1,1,,,,,
10-09-2026,10-09-2026,CM,BSE,STK,532054,INE291D01011,KDDL,B,,,,,KDDL LTD.,3891.55,3959,3879.35,3882.05,3881,3924.65,,3891.37,,,773,3017684,167,F1,1,,,,,
10-09-2026,10-09-2026,CM,BSE,STK,532056,INE398H01015,TRUSTEDGE,X,,,,,Trustedge Capital Limited,140,141.4,135,140,140,138.45,,140,,,447,62551,8,F1,1,,,,,
10-09-2026,10-09-2026,CM,BSE,STK,532057,INE516F01016,ABHICAP,X,,,,,ABHINAV CAPITAL SERVICES LTD.,110.8,110.8,110.8,110.8,110.8,108.1,,110.8,,,6,664,2,F1,1,,,,,
10-09-2026,10-09-2026,CM,BSE,STK,532067,INE994E01018,3BBLACKBIO,B,,,,,3B BlackBio Dx Limited,1487.65,1491.3,1432.6,1446.4,1461,1472.1,,1443.5,,,580,846012,113,F1,1,,,,,
10-09-2026,10-09-2026,CM,BSE,STK,532070,INE311N01016,GUJJUBHAI,X,,,,,GUJJUBHAI INDUSTRIES LIMITED,99.95,101.45,98.7,99.3,98.7,100.45,,99.3,,,6064,602734,64,F1,1,,,,,
10-09-2026,10-09-2026,CM,BSE,STK,532090,INE219M01021,ATVOENT,X,,,,,Atvo Enterprises Limited,41.8,42,40,40.35,40.36,41.05,,40.35,,,53864,2201425,155,F1,1,,,,,
10-09-2026,10-09-2026,CM,BSE,STK,532092,INE807D01030,EPUJA,X,,,,,EPUJA SPIRITECH LIMITED,1,1.03,0.97,0.99,0.99,0.99,,0.99,,,107110,106887,77,F1,1,,,,,
10-09-2026,10-09-2026,CM,BSE,STK,532100,INE456B01014,INDOCITY,X,,,,,INDO-CITY INFOTECH LTD.,13.4,13.4,12.83,12.9,12.83,13.5,,12.9,,,581,7500,8,F1,1,,,,,
10-09-2026,10-09-2026,CM,BSE,STK,532102,INE948G01019,SBECSUG,XT,,,,,SBEC SUGAR LTD.,62,64,62,62,62,64.4,,62,,,3226,200878,24,F1,1,,,,,
10-09-2026,10-09-2026,CM,BSE,STK,532113,INE957E01031,BRIJLEAS,X,,,,,BRIJLAXMI LEASING & FINANCE LT,8.5,8.5,8.4,8.4,8.4,8.2,,8.4,,,4010,33909,9,F1,1,,,,,
10-09-2026,10-09-2026,CM,BSE,STK,532123,INE395A01016,BSELALGO,X,,,,,BSEL ALGO LIMITED,4.07,4.07,3.95,3.98,4,4,,3.98,,,39828,159944,143,F1,1,,,,,
10-09-2026,10-09-2026,CM,BSE,STK,532124,INE419H01019,RELIABVEN,XT,,,,,RELIABLE VENTURES INDIA LTD.,24.98,24.98,24.9,24.9,24.9,24.98,,24.9,,,10,249,4,F1,1,,,,,
10-09-2026,10-09-2026,CM,BSE,STK,532131,INE382B01012,TRIUMPIN,X,,,,,TRIUMPH INTERNATIONAL FINANCE,17.4,17.99,16.53,17.99,17.99,17.4,,17.99,,,263,4372,13,F1,1,,,,,
10-09-2026,10-09-2026,CM,BSE,STK,532134,INE028A01039,BANKBARODA,A,,,,,BANK OF BARODA,234.75,239.35,234.75,238,238,234.9,,237.63,,,422049,100410155,5401,F1,1,,,,,
10-09-2026,10-09-2026,CM,BSE,STK,532140,INE154B01023,MOHITE,B,,,,,MOHITE INDUSTRIES LIMITED,2.73,2.75,2.72,2.75,2.75,2.72,,2.75,,,801,2186,4,F1,1,,,,,
10-09-2026,10-09-2026,CM,BSE,STK,532141,INE666E01020,ACL,B,,,,,ANDHRA CEMENTS LTD.,41.01,43.7,41.01,42.61,42.61,43.3,,42.68,,,146,6309,16,F1,1,,,,,
10-09-2026,10-09-2026,CM,BSE,STK,532143,INE411D01023,SKMEGGPROD,B,,,,,SKM EGG PRODUCTS EXPORT (INDIA,250.05,253.25,245.65,247.6,248.35,250.9,,247.87,,,18141,4503267,410,F1,1,,,,,
10-09-2026,10-09-2026,CM,BSE,STK,532144,INE191B01025,WELCORP,A,,,,,WELSPUN CORP LIMITED,2614.9,2785.95,2608,2775.65,2775.65,2607.95,,2776.86,,,150302,411876678,8220,F1,1,,,,,
10-09-2026,10-09-2026,CM,BSE,STK,532145,INE731B01010,HOTLSILV,X,,,,,H.S.INDIA LTD.,11,11,9.87,10.55,10.59,10.95,,10.55,,,1242,12786,35,F1,1,,,,,
10-09-2026,10-09-2026,CM,BSE,STK,532149,INE084A01016,BANKINDIA,A,,,,,BANK OF INDIA,140.75,142.65,140.2,142,142,140.7,,141.11,,,121227,17149641,1209,F1,1,,,,,
10-09-2026,10-09-2026,CM,BSE,STK,532150,INE681B01017,INDRAMEDCO,A,,,,,INDRAPRASTHA MEDICAL CORP.LTD.,362.35,362.35,358,360,359.9,359.95,,360,,,5541,1993873,236,F1,1,,,,,
10-09-2026,10-09-2026,CM,BSE,STK,532154,INE560F01022,JOHNPHARMA,X,,,,,JOHNSON PHARMACARE LIMITED,0.47,0.47,0.46,0.46,0.47,0.47,,0.46,,,210043,97207,241,F1,1,,,,,
10-09-2026,10-09-2026,CM,BSE,STK,532155,INE129A01019,GAIL,A,,,,,GAIL (INDIA) LTD.,173.75,176.45,173.2,175,175,175,,174.5,,,196950,34458262,2422,F1,1,,,,,
10-09-2026,10-09-2026,CM,BSE,STK,532156,INE884A01027,VAIBHAVGBL,B,,,,,VAIBHAV GLOBAL LTD,213.5,221.35,213.5,216.05,216.45,214.8,,215.96,,,11663,2534788,390,F1,1,,,,,
10-09-2026,10-09-2026,CM,BSE,STK,532159,INE088D01011,TRESCON,X,,,,,TRESCON LIMITED,6.85,7.23,6.76,7.15,7,6.79,,7.15,,,25795,181179,79,F1,1,,,,,
10-09-2026,10-09-2026,CM,BSE,STK,532160,INE944A01011,GUJSTATFIN,B,,,,,GUJARAT STATE FINANCIAL CORPOR,9.95,10.5,9.71,9.71,9.71,10,,9.71,,,6329,61610,43,F1,1,,,,,
10-09-2026,10-09-2026,CM,BSE,STK,532162,INE789E01012,JKPAPER,A,,,,,JK PAPER LTD.,414.3,422.15,406.25,415.1,416.1,408.1,,415.15,,,30628,12727740,670,F1,1,,,,,
10-09-2026,10-09-2026,CM,BSE,STK,532163,INE979A01025,SAREGAMA,A,,,,,SAREGAMA INDIA LTD.,499.9,514,499.85,505.15,506.1,500.7,,505.15,,,23064,11708451,804,F1,1,,,,,
10-09-2026,10-09-2026,CM,BSE,STK,532167,INE501C01015,OMKARPH,X,,,,,OMKAR PHARMACHEM LTD.,8.15,8.15,7.57,7.57,7.57,7.96,,7.57,,,3340,25285,10,F1,1,,,,,
10-09-2026,10-09-2026,CM,BSE,STK,532172,INE737B01033,ADROITINFO,B,,,,,Adroit Infotech Limited,10.99,11.24,10.57,10.81,10.81,10.77,,10.86,,,17811,197141,59,F1,1,,,,,
10-09-2026,10-09-2026,CM,BSE,STK,532173,INE214A01019,CYBERTECH,T,,,,,CYBERTECH SYSTEMS AND SOFTWARE,143.95,143.95,140.25,140.7,141,143.05,,140.78,,,715,101082,35,F1,1,,,,,
10-09-2026,10-09-2026,CM,BSE,STK,532174,INE090A01021,ICICIBANK,A,,,,,ICICI BANK LTD.,1383.3,1393.6,1374,1384,1384,1390.1,,1384.47,,,322568,445972827,12806,F1,1,,,,,
10-09-2026,10-09-2026,CM,BSE,STK,532175,INE136B01020,CYIENT,A,,,,,CYIENT LIMITED,1075.1,1089.45,1069.85,1077.1,1073,1074.05,,1076.42,,,8086,8733205,609,F1,1,,,,,
10-09-2026,10-09-2026,CM,BSE,STK,532178,INE510A01028,ENGINERSIN,A,,,,,ENGINEERS INDIA LTD.,273.2,277.95,270.25,271.95,273,273.15,,272.04,,,192426,52669622,5265,F1,1,,,,,
10-09-2026,10-09-2026,CM,BSE,STK,532180,INE680A01011,DHANBANK,B,,,,,DHANLAXMI BANK LIMITED,30.47,31.06,30.47,30.65,30.82,30.7,,30.73,,,17393,534921,154,F1,1,,,,,
10-09-2026,10-09-2026,CM,BSE,STK,532181,INE131A01031,GMDCLTD,A,,,,,GUJARAT MINERAL DEVELOPMENT CO,579,600.3,576.85,580.5,580.5,574.65,,580.39,,,361042,213393264,8271,F1,1,,,,,
10-09-2026,10-09-2026,CM,BSE,STK,532183,INE622E01023,GAYATRI,X,,,,,GAYATRI SUGARS LTD.,8.07,8.3,8.07,8.16,8.2,8.16,,8.16,,,42586,346112,118,F1,1,,,,,
10-09-2026,10-09-2026,CM,BSE,STK,532187,INE095A01012,INDUSINDBK,A,,,,,INDUSIND BANK LTD.,997.35,1002.95,987.05,995,995,1002,,993.3,,,160900,159265416,855,F1,1,,,,,
10-09-2026,10-09-2026,CM,BSE,STK,532189,INE353K01014,ITDC,B,,,,,INDIA TOURISM DEVELOPMENT CORP,627,739.05,627,669.05,669.05,630.2,,664.7,,,143060,100412210,6069,F1,1,,,,,
10-09-2026,10-09-2026,CM,BSE,STK,532209,INE168A01041,J&KBANK,A,,,,,JAMMU & KASHMIR BANK LTD.,145.4,147.15,144.85,145.8,146.95,145.65,,145.77,,,50488,7367757,872,F1,1,,,,,
10-09-2026,10-09-2026,CM,BSE,STK,532210,INE491A01021,CUB,A,,,,,CITY UNION BANK LIMITED,230.45,232.1,225,226.05,227.35,232,,226.4,,,113066,25780998,1960,F1,1,,,,,
10-09-2026,10-09-2026,CM,BSE,STK,532212,INE731A01020,ARCHIES,B,,,,,ARCHIES LTD.,13.25,13.3,12.36,12.66,12.49,12.98,,12.53,,,2083,26379,25,F1,1,,,,,
10-09-2026,10-09-2026,CM,BSE,STK,532215,INE238A01034,AXISBANK,A,,,,,AXIS BANK LTD.,1239.55,1260,1239.55,1260,1260,1239.5,,1246.55,,,454779,568444555,8830,F1,1,,,,,
10-09-2026,10-09-2026,CM,BSE,STK,532216,INE550B01022,HBSL,B,,,,,HB STOCKHOLDINGS LTD.,54.98,54.98,52.86,54.98,54.98,52.51,,54.39,,,103,5518,11,F1,1,,,,,
10-09-2026,10-09-2026,CM,BSE,STK,532217,INE027F01014,CMXLTD,XT,,,,,CMX HOLDINGS LIMITED,20,21.21,20,21.15,21.16,20.21,,21.15,,,6809,138087,16,F1,1,,,,,
10-09-2026,10-09-2026,CM,BSE,STK,532218,INE683A01023,SOUTHBANK,A,,,,,SOUTH INDIAN BANK LTD.,46.42,46.49,45.76,46.08,46.08,46.42,,46.08,,,515881,23730975,3495,F1,1,,,,,
10-09-2026,10-09-2026,CM,BSE,STK,532219,INE306C01019,ENERGYDEV,B,,,,,ENERGY DEVELOPMENT COMPANY LTD,14.98,15.27,14.57,15.21,15.27,14.98,,15.13,,,2524,37560,78,F1,1,,,,,
10-09-2026,10-09-2026,CM,BSE,STK,532221,INE269A01021,SONATSOFTW,A,,,,,SONATA SOFTWARE LTD.,270.2,270.2,259.6,260.2,260.35,267.15,,260.1,,,52536,13901750,1133,F1,1,,,,,
10-09-2026,10-09-2026,CM,BSE,STK,532230,INE665D01016,BENGALT,X,,,,,BENGAL TEA & FABRICS LTD.,142,142,142,142,142,138,,142,,,1,142,1,F1,1,,,,,
10-09-2026,10-09-2026,CM,BSE,STK,532234,INE139A01034,NATIONALUM,A,,,,,NATIONAL ALUMINIUM CO.LTD.,379.1,383.25,371.15,371.4,371.4,379,,373.33,,,175875,66501254,2982,F1,1,,,,,
10-09-2026,10-09-2026,CM,BSE,STK,532240,INE092B01025,INDNIPPON,B,,,,,INDIA NIPPON ELECTRICALS LTD.,1346.4,1566.1,1336.8,1372.1,1372.1,1314.65,,1369.15,,,204914,298890254,12500,F1,1,,,,,
10-09-2026,10-09-2026,CM,BSE,STK,532256,INE023A01030,NSIL,B,,,,,NALWA SONS INVESTMENTS LTD.,5650,5650,5605,5609.45,5609.45,5639.5,,5604.21,,,13,72951,7,F1,1,,,,,
10-09-2026,10-09-2026,CM,BSE,STK,532259,INE372A01015,APARINDS,A,,,,,APAR INDUSTRIES LTD.,17489.05,17583.15,17048,17293,17405,17440.85,,17341.62,,,1829,31580902,615,F1,1,,,,,
10-09-2026,10-09-2026,CM,BSE,STK,532268,INE793A01012,ACCELYA,B,,,,,ACCELYA SOLUTIONS INDIA LIMITE,1124,1128.1,1115,1119.25,1122.6,1117.15,,1118.13,,,335,375592,36,F1,1,,,,,
10-09-2026,10-09-2026,CM,BSE,STK,532271,INE215B01022,ORCHASP,B,,,,,ORCHASP LIMITED,1.49,1.49,1.35,1.45,1.45,1.43,,1.44,,,36877,53294,76,F1,1,,,,,
10-09-2026,10-09-2026,CM,BSE,STK,532275,INE394C01023,LANDMARC,X,,,,,LANDMARC LEISURE CORPORATION L,2.04,2.06,2,2,2,2.01,,2,,,107925,218029,89,F1,1,,,,,
10-09-2026,10-09-2026,CM,BSE,STK,532281,INE860A01027,HCLTECH,A,,,,,HCL TECHNOLOGIES LTD.,1225,1236.9,1196.25,1196.8,1196.8,1226.55,,1206.53,,,130933,158248439,7329,F1,1,,,,,
10-09-2026,10-09-2026,CM,BSE,STK,532284,INE389D01013,TCFCFINQ,X,,,,,TCFC FINANCE LTD.,25.76,25.89,24.11,24.95,24.95,25.51,,24.95,,,1172,29275,37,F1,1,,,,,
10-09-2026,10-09-2026,CM,BSE,STK,532285,INE007B01023,GEOJITFSL,B,,,,,Geojit Financial Services Limi,79.41,80.69,79.1,79.65,79.5,80.02,,79.47,,,5417,431413,94,F1,1,,,,,
10-09-2026,10-09-2026,CM,BSE,STK,532286,INE749A01030,JINDALSTEL,A,,,,,JINDAL STEEL LIMITED,1147.65,1151.45,1131,1142,1142,1147.5,,1137.09,,,12116,13790700,744,F1,1,,,,,
10-09-2026,10-09-2026,CM,BSE,STK,532290,INE791A01024,BLBLIMITED,B,,,,,BLB LTD.,16.28,16.37,15.75,16.02,15.95,16.5,,15.98,,,9125,147171,37,F1,1,,,,,
10-09-2026,10-09-2026,CM,BSE,STK,532296,INE935A01035,GLENMARK,A,,,,,GLENMARK PHARMACEUTICALS LTD.,2435.05,2442.5,2401.5,2417,2417,2439.55,,2415.04,,,11185,27093020,1248,F1,1,,,,,
10-09-2026,10-09-2026,CM,BSE,STK,532300,INE049B01025,WOCKPHARMA,A,,,,,WOCKHARDT LTD.,2245.2,2265.6,2196.6,2219.9,2219.9,2251.55,,2220.56,,,77895,174006290,4646,F1,1,,,,,
10-09-2026,10-09-2026,CM,BSE,STK,532303,INE934A01012,INTEGHIT,X,,,,,INTEGRATED HITECH LTD.,3.21,3.3,3.21,3.21,3.21,3.33,,3.21,,,571,1868,11,F1,1,,,,,
10-09-2026,10-09-2026,CM,BSE,STK,532304,INE602C01011,KJMCCORP,X,,,,,KJMC CORPORATE ADVISORS (INDIA,60,62.4,60,62.3,62.3,62.8,,62.3,,,35,2126,6,F1,1,,,,,
10-09-2026,10-09-2026,CM,BSE,STK,532305,INE915B01019,INDSWFTLAB,B,,,,,IND-SWIFT LABORATORIES LTD.,387.05,387.05,375.4,377.5,377,388.2,,377.5,,,22249,8478652,822,F1,1,,,,,
10-09-2026,10-09-2026,CM,BSE,STK,532309,INE878A01011,GVPIL,B,,,,,GE Power India Ltd,658.05,665,652.95,655.35,655.35,658.05,,654.55,,,10363,6816827,422,F1,1,,,,,
10-09-2026,10-09-2026,CM,BSE,STK,532310,INE879A01019,SHREERAMA,B,,,,,SHREE RAMA MULTI-TECH LTD.,45.87,47.4,44.98,45.93,45.8,45.26,,45.89,,,20301,932069,264,F1,1,,,,,
10-09-2026,10-09-2026,CM,BSE,STK,532313,INE813A01018,MAHLIFE,A,,,,,MAHINDRA LIFESPACE DEVELOPERS,368.3,369.2,356,359.7,358.3,371.25,,359.65,,,5833,2131348,237,F1,1,,,,,
10-09-2026,10-09-2026,CM,BSE,STK,532315,INE042B01012,GROARC,X,,,,,GROARC INDUSTRIES INDIA LIMITE,6.76,7.49,6.58,6.71,7.13,7.11,,6.71,,,16383,111968,65,F1,1,,,,,
10-09-2026,10-09-2026,CM,BSE,STK,532320,INE418B01048,VAARAD,X,,,,,VAARAD VENTURES LTD,9,9,8.91,8.91,8.91,8.94,,8.91,,,376,3354,8,F1,1,,,,,
10-09-2026,10-09-2026,CM,BSE,STK,532321,INE010B01027,ZYDUSLIFE,A,,,,,Zydus Lifesciences Limited,1126.65,1133,1110.1,1118,1118,1129,,1117.8,,,25434,28517402,1480,F1,1,,,,,
10-09-2026,10-09-2026,CM,BSE,STK,532323,INE555C01029,SHIVACEM,B,,,,,SHIVA CEMENT LTD.,15.88,16.15,15.87,16.1,16.1,15.87,,16.04,,,3866,62073,24,F1,1,,,,,
10-09-2026,10-09-2026,CM,BSE,STK,532324,INE039B01026,CINEVISTA,B,,,,,CINEVISTA LTD.,14.25,15.11,14.25,14.48,15.03,14.15,,14.36,,,7,101,3,F1,1,,,,,
10-09-2026,10-09-2026,CM,BSE,STK,532326,INE781A01025,INTENTECH,B,,,,,INTENSE TECHNOLOGIES LTD.,80.46,81.04,79.08,79.08,79.08,78.49,,79.12,,,1046,82966,19,F1,1,,,,,
10-09-2026,10-09-2026,CM,BSE,STK,532329,INE310B01013,DANLAW,XT,,,,,DANLAW TECHNOLOGIES INDIA LTD.,1740,1800,1672,1684.8,1700,1739.8,,1684.8,,,3478,5961092,304,F1,1,,,,,
10-09-2026,10-09-2026,CM,BSE,STK,532331,INE031B01049,AJANTPHARM,A,,,,,AJANTA PHARMA LTD.,3510.45,3538.65,3483.05,3516.75,3503.05,3539.25,,3519.8,,,1423,4988016,295,F1,1,,,,,
10-09-2026,10-09-2026,CM,BSE,STK,532332,INE117B01020,CURAA,B,,,,,CURA TECHNOLOGIES LTD.,82.2,82.2,82.2,82.2,82.2,76,,79.04,,,1,82,1,F1,1,,,,,
10-09-2026,10-09-2026,CM,BSE,STK,532333,INE638B01025,HBPOR,B,,,,,HB PORTFOLIO LTD.,62.79,63.99,60,62.99,62.99,62.79,,58.9,,,34,2117,5,F1,1,,,,,
10-09-2026,10-09-2026,CM,BSE,STK,532334,INE640B01021,HBESD,B,,,,,HB ESTATE DEVELOPERS LTD.,75,75,71.51,72,72,76,,71.26,,,431,31274,28,F1,1,,,,,
10-09-2026,10-09-2026,CM,BSE,STK,532335,INE792B01012,AMBICAAGAR,B,,,,,AMBICA AGARBATHIES & AROMA IND,25.44,26.24,25.12,25.12,25.12,25.1,,25.49,,,24825,638179,54,F1,1,,,,,
10-09-2026,10-09-2026,CM,BSE,STK,532339,INE453B01029,COMPUSOFT,B,,,,,COMPUCOM SOFTWARE LTD.,13.21,13.28,13.09,13.2,13.28,13.21,,13.21,,,5169,68052,28,F1,1,,,,,
10-09-2026,10-09-2026,CM,BSE,STK,532340,INE369B01019,OMNIAX,X,,,,,OMNI AXS SOFTWARE LTD.,3.2,3.2,3.2,3.2,3.2,3.2,,3.2,,,1193,3817,5,F1,1,,,,,
10-09-2026,10-09-2026,CM,BSE,STK,532341,INE848A01014,IZMO,B,,,,,IZMO Limited,934.1,934.1,895.9,899.2,899.2,911.6,,900.17,,,7371,6681203,332,F1,1,,,,,
10-09-2026,10-09-2026,CM,BSE,STK,532343,INE494B01023,TVSMOTOR,A,,,,,TVS MOTOR COMPANY LTD.,4151,4171.45,4100,4115,4115,4152,,4121.48,,,11284,46617737,2315,F1,1,,,,,
10-09-2026,10-09-2026,CM,BSE,STK,532348,INE754A01055,SUBEXLTD,B,,,,,SUBEX LTD.,18.99,19.99,18.99,19.75,19.75,18.82,,19.76,,,1463477,28736708,2979,F1,1,,,,,
10-09-2026,10-09-2026,CM,BSE,STK,532349,INE688A01022,TCI,B,,,,,TRANSPORT CORPORATION OF INDIA,866,874.05,855,856.45,855.4,868,,856.9,,,475,408498,113,F1,1,,,,,
10-09-2026,10-09-2026,CM,BSE,STK,532350,INE243B01016,PADMALAYAT,Z,,,,,PADMALAYA TELEFILMS LTD.,3.72,3.9,3.55,3.9,3.9,3.72,,3.9,,,12905,49368,20,F1,1,,,,,
10-09-2026,10-09-2026,CM,BSE,STK,532351,INE523B01011,AKSHOPTFBR,T,,,,,AKSH OPTIFIBRE LTD.,9.06,9.06,8.2,8.83,8.89,8.63,,8.8,,,647136,5784996,565,F1,1,,,,,
10-09-2026,10-09-2026,CM,BSE,STK,532354,INE400B01020,VIRGOGLOB,XT,,,,,Virgo Global Limited,3.64,3.81,3.5,3.66,3.81,3.64,,3.66,,,47493,171218,59,F1,1,,,,,
10-09-2026,10-09-2026,CM,BSE,STK,532355,INE448B01029,PICTUREHS,X,,,,,PICTUREHOUSE MEDIA LTD.,8.3,8.3,7.83,7.83,7.83,8.24,,7.83,,,3400,26736,28,F1,1,,,,,
10-09-2026,10-09-2026,CM,BSE,STK,532356,INE256C01024,TRIVENI,A,,,,,TRIVENI ENGINEERING & INDUSTRI,267.8,272.85,262.9,263.95,264,268.9,,263.95,,,38454,10321455,1097,F1,1,,,,,
10-09-2026,10-09-2026,CM,BSE,STK,532359,INE309B01023,HITKITGLO,X,,,,,HIT KIT GLOBAL SOLUTIONS LTD.,2.43,2.43,2.27,2.27,2.27,2.38,,2.27,,,187468,426764,89,F1,1,,,,,
10-09-2026,10-09-2026,CM,BSE,STK,532362,INE099E01016,NAGPI,X,,,,,NAGPUR POWER & INDUSTRIES LTD.,196.1,197.9,190,190.1,190.1,205.1,,190.1,,,2617,503800,59,F1,1,,,,,
10-09-2026,10-09-2026,CM,BSE,STK,532365,INE417B01040,DSSL,B,,,,,DYNACONS SYSTEMS & SOLUTIONS L,1025,1040,1024,1032.9,1037,1018.8,,1032.21,,,1316,1359848,169,F1,1,,,,,
10-09-2026,10-09-2026,CM,BSE,STK,532366,INE859A01011,PNBGILTS,B,,,,,PNB GILTS LTD.,79.09,82.73,79.09,80.45,81.48,79.53,,80.36,,,29965,2435814,294,F1,1,,,,,
10-09-2026,10-09-2026,CM,BSE,STK,532368,INE425B01027,BCG,B,,,,,BRIGHTCOM GROUP LIMITED,10.3,10.36,9.95,10.1,10.15,10.26,,10.1,,,1028786,10445640,1397,F1,1,,,,,
10-09-2026,10-09-2026,CM,BSE,STK,532369,INE614A01028,RAMCOIND,B,,,,,RAMCO INDUSTRIES LTD.,320.95,321.3,314.55,318.45,319.6,320.5,,319.52,,,3895,1236570,165,F1,1,,,,,
10-09-2026,10-09-2026,CM,BSE,STK,532370,INE246B01019,RAMCOSYS,B,,,,,RAMCO SYSTEMS LTD.,596.8,615,596.8,609.55,612,597.3,,610.53,,,6295,3818721,419,F1,1,,,,,
10-09-2026,10-09-2026,CM,BSE,STK,532371,INE517B01013,TTML,A,,,,,TATA TELESERVICES (MAHARASHTRA,36.07,36.65,35.89,35.93,35.93,36.2,,35.91,,,202410,7318793,1155,F1,1,,,,,
10-09-2026,10-09-2026,CM,BSE,STK,532372,INE539B01017,VIRINCHI,B,,,,,Virinchi Limited,14,14.27,13.94,14.18,14.18,14.2,,14.16,,,2805,39340,32,F1,1,,,,,
10-09-2026,10-09-2026,CM,BSE,STK,532373,INE434B01029,WEPSOLN,X,,,,,WEP SOLUTIONS LTD.,34.05,36,34.05,35.29,35.1,34.52,,35.29,,,8754,311252,67,F1,1,,,,,
10-09-2026,10-09-2026,CM,BSE,STK,532374,INE089C01029,STLTECH,T,,,,,STERLITE TECHNOLOGIES LTD.,867.75,898,836.2,857.3,857.3,867.75,,854.88,,,218999,188689052,6305,F1,1,,,,,
10-09-2026,10-09-2026,CM,BSE,STK,532375,INE716B01029,TIPSMUSIC,A,,,,,TIPS MUSIC LIMITED,650.05,674.25,644.4,658.05,657.3,650.2,,658.39,,,20016,13205256,699,F1,1,,,,,
10-09-2026,10-09-2026,CM,BSE,STK,532376,INE398B01018,UMIYA-MRO,B,,,,,UMIYA BUILDCON LIMITED,92,97,92,94.41,94,99.95,,94.67,,,3788,358734,53,F1,1,,,,,
10-09-2026,10-09-2026,CM,BSE,STK,532378,INE464B01018,UNIVARTS,X,,,,,UNIVERSAL ARTS LTD.,5.01,5.01,5.01,5.01,5.01,5.68,,5.01,,,200,1002,2,F1,1,,,,,
10-09-2026,10-09-2026,CM,BSE,STK,532379,INE683B01047,FIRSTFIN,X,,,,,FIRST FINTEC LIMITED,8.92,8.92,8.92,8.92,8.92,8.5,,8.92,,,8789,78397,25,F1,1,,,,,
10-09-2026,10-09-2026,CM,BSE,STK,532380,INE893A01036,BABA,X,,,,,BABA ARTS LTD.,14.04,14.51,14.04,14.42,14.42,14.04,,14.42,,,15873,228854,50,F1,1,,,,,
10-09-2026,10-09-2026,CM,BSE,STK,532382,INE794B01026,BALAJITELE,B,,,,,BALAJI TELEFILMS LTD.,92.75,93.07,90.62,91.5,91.5,92.39,,91.81,,,3615,331637,71,F1,1,,,,,
10-09-2026,10-09-2026,CM,BSE,STK,532384,INE443B01012,TYCHE,X,,,,,TYCHE INDUSTRIES LTD.,109,113.9,109,112.45,112.45,110,,112.45,,,3033,338892,51,F1,1,,,,,
10-09-2026,10-09-2026,CM,BSE,STK,532386,INE526B01014,CALSOFT,T,,,,,CALIFORNIA SOFTWARE CO.LTD.,33.22,36.7,33.22,36.7,36.7,34.96,,36.9,,,48950,1657001,100,F1,1,,,,,
10-09-2026,10-09-2026,CM,BSE,STK,532387,INE392B01011,PNC,B,,,,,PRITISH NANDY COMMUNICATIONS L,16.9,18,16.12,16.37,16.37,16.1,,16.52,,,198,3263,9,F1,1,,,,,
10-09-2026,10-09-2026,CM,BSE,STK,532388,INE565A01014,IOB,A,,,,,INDIAN OVERSEAS BANK,32.86,33.22,32.75,32.83,32.9,33.01,,32.86,,,258027,8493215,1310,F1,1,,,,,
10-09-2026,10-09-2026,CM,BSE,STK,532390,INE586B01026,TAJGVK,B,,,,,TAJGVK HOTELS & RESORTS LTD.,331.5,344,330.75,343,344,331.8,,342.6,,,5840,1963304,315,F1,1,,,,,
10-09-2026,10-09-2026,CM,BSE,STK,532392,INE230B01021,CREATIVEYE,B,,,,,CREATIVE EYE LTD.,6.01,6.01,5.6,5.71,5.6,6.13,,6.06,,,4659,27358,41,F1,1,,,,,
10-09-2026,10-09-2026,CM,BSE,STK,532395,INE555B01013,AXISCADES,B,,,,,AXISCADES TECHNOLOGIES LIMITED,1877.95,1915,1849,1868.35,1860.9,1878.15,,1869.63,,,10460,19610127,859,F1,1,,,,,
10-09-2026,10-09-2026,CM,BSE,STK,532397,INE971A01014,KONNDOR,XT,,,,,KONNDOR INDUSTRIES LIMITED,16.39,16.39,15.06,15.09,15.06,15.61,,15.09,,,142,2314,9,F1,1,,,,,
10-09-2026,10-09-2026,CM,BSE,STK,532398,INE240C01028,UMESLTD,B,,,,,USHA MARTIN EDUCATION & SOLUTI,5,5,5,5,5,4.98,,5.01,,,857,4285,10,F1,1,,,,,
10-09-2026,10-09-2026,CM,BSE,STK,532400,INE836A01035,BSOFT,A,,,,,BIRLASOFT LIMITED,279.35,282.7,275,275.55,275.55,277.3,,275.78,,,144386,40073929,3019,F1,1,,,,,
10-09-2026,10-09-2026,CM,BSE,STK,532402,INE718B01017,USGTECH,XT,,,,,USG TECH SOLUTIONS LTD.,8.79,8.79,8.02,8.02,8.02,8.44,,8.02,,,10274,82639,50,F1,1,,,,,
10-09-2026,10-09-2026,CM,BSE,STK,532404,INE856B01023,7TEC,X,,,,,SAVEN TECHNOLOGIES LTD.,33.84,34.72,33.05,33.43,33.43,34.04,,33.43,,,1917,64768,97,F1,1,,,,,
10-09-2026,10-09-2026,CM,BSE,STK,532406,INE005B01027,AVANTEL,A,,,,,AVANTEL LTD.,158.95,165.5,158.5,159.05,159.05,161.05,,159.07,,,153920,24862321,1525,F1,1,,,,,
10-09-2026,10-09-2026,CM,BSE,STK,532407,INE935B01025,MOSCHIP,A,,,,,MOSCHIP TECHNOLOGIES LIMITED,211.25,213.15,205.9,206.7,206.7,211.45,,206.69,,,195243,40834516,2499,F1,1,,,,,
10-09-2026,10-09-2026,CM,BSE,STK,532408,INE933B01012,SIGMAADV,T,,,,,SIGMA ADVANCED SYSTEMS LIMITED,789.9,793.15,773.25,793.15,793.15,755.4,,792.96,,,49317,38966570,799,F1,1,,,,,
10-09-2026,10-09-2026,CM,BSE,STK,532410,INE330E01023,TRANSCOR,B,,,,,TRANSCORP INTERNATIONAL LTD.,26.8,26.93,25.3,25.3,25.3,24.3,,25.05,,,1025,27527,9,F1,1,,,,,
10-09-2026,10-09-2026,CM,BSE,STK,532416,INE747B01016,NEXTMEDIA,B,,,,,NEXT MEDIAWORKS LTD.,3.88,4.08,3.74,3.92,3.92,3.89,,3.89,,,6573,25411,29,F1,1,,,,,
10-09-2026,10-09-2026,CM,BSE,STK,532419,INE178C01020,SMARTLINK,T,,,,,Smartlink Holdings Limited,214.3,218.4,214.3,218.4,218.4,208,,219.57,,,1112,241323,26,F1,1,,,,,
10-09-2026,10-09-2026,CM,BSE,STK,532424,INE102D01028,GODREJCP,A,,,,,GODREJ CONSUMER PRODUCTS LTD.,864.95,872.7,859.05,871,871,865,,869.91,,,505127,436335767,1739,F1,1,,,,,
10-09-2026,10-09-2026,CM,BSE,STK,532425,INE256D01014,GENUSPRIME,XT,,,,,GENUS PRIME INFRA LIMITED,58.5,59.8,54.14,54.14,54.14,56.98,,54.14,,,46204,2607773,279,F1,1,,,,,
10-09-2026,10-09-2026,CM,BSE,STK,532430,INE243D01012,BFUTILITIE,B,,,,,BF UTILITIES LTD.,523,566.95,517,544.25,544.25,523.6,,544.44,,,22938,12680692,1050,F1,1,,,,,
10-09-2026,10-09-2026,CM,BSE,STK,532432,INE854D01024,UNITDSPR,A,,,,,UNITED SPIRITS LTD.,1409.25,1415.85,1392.35,1398.9,1403.5,1404.25,,1400,,,106522,149157201,735,F1,1,,,,,
10-09-2026,10-09-2026,CM,BSE,STK,532435,INE799C01049,SANINFRA,XT,,,,,SANMIT INFRA LIMITED,48.26,50,48.15,49.78,49.78,48.25,,49.78,,,5712,282786,55,F1,1,,,,,
10-09-2026,10-09-2026,CM,BSE,STK,532439,INE260D01016,OLECTRA,A,,,,,OLECTRA GREENTECH LIMITED,1214.95,1215,1115,1206.85,1209.55,1205.65,,1206.7,,,9098,10988622,499,F1,1,,,,,
10-09-2026,10-09-2026,CM,BSE,STK,532440,INE943D01017,MPSLTD,B,,,,,MPS LTD.,2780.85,2787.9,2700,2702.45,2701.6,2788.5,,2705.74,,,866,2374034,137,F1,1,,,,,
10-09-2026,10-09-2026,CM,BSE,STK,532443,INE739E01017,CERA,A,,,,,CERA SANITARYWARE LTD.,5689,5715.7,5605,5607.95,5627.75,5690.4,,5613.71,,,199,1121958,71,F1,1,,,,,
10-09-2026,10-09-2026,CM,BSE,STK,532444,INE541C01037,TSPIRITUAL,X,,,,,T.SPIRITUAL WORLD LTD.,1.79,1.87,1.79,1.87,1.87,1.79,,1.87,,,22177,41306,25,F1,1,,,,,
10-09-2026,10-09-2026,CM,BSE,STK,532454,INE397D01024,BHARTIARTL,A,,,,,BHARTI AIRTEL LTD.,1817,1848.8,1812.7,1837,1837,1818.8,,1838.92,,,438580,800262287,12649,F1,1,,,,,
10-09-2026,10-09-2026,CM,BSE,STK,532455,INE655D01025,SHALIWIR,X,,,,,SHALIMAR WIRES INDUSTRIES LTD.,18.99,18.99,18.26,18.55,18.6,18.82,,18.55,,,310,5687,23,F1,1,,,,,
10-09-2026,10-09-2026,CM,BSE,STK,532456,INE070C01037,COMPINFO,Z,,,,,COMPUAGE INFOCOM LTD.,1.09,1.09,1.04,1.09,1.09,1.09,,1.08,,,9001,9611,10,F1,1,,,,,
10-09-2026,10-09-2026,CM,BSE,STK,532457,INE255D01024,GULPOLY,B,,,,,GULSHAN POLYOLS LTD.,177.9,180.5,176.55,176.85,176.85,179.95,,176.69,,,6781,1208425,248,F1,1,,,,,
10-09-2026,10-09-2026,CM,BSE,STK,532460,INE838E01017,PONNIERODE,B,,,,,PONNI SUGARS (ERODE) LTD.,374.45,379.1,363.65,363.85,363.65,370.95,,363.47,,,1747,648205,136,F1,1,,,,,
10-09-2026,10-09-2026,CM,BSE,STK,532461,INE160A01022,PNB,A,,,,,PUNJAB NATIONAL BANK,115.6,118.15,115.5,116.85,116.85,115.6,,116.85,,,977697,114866797,5226,F1,1,,,,,
10-09-2026,10-09-2026,CM,BSE,STK,532466,INE881D01027,OFSS,A,,,,,ORACLE FINANCIAL SERVICES SOFT,11715.35,11802.15,11633,11696,11696,11623,,11724.93,,,2377,27875793,387,F1,1,,,,,
10-09-2026,10-09-2026,CM,BSE,STK,532467,INE550F01049,HAZOOR,B,,,,,HAZOOR MULTI PROJECTS LTD.,20.17,20.17,19.5,19.62,19.7,19.95,,19.68,,,44477,878103,236,F1,1,,,,,
10-09-2026,10-09-2026,CM,BSE,STK,532468,INE411F01010,KAMAHOLD,B,,,,,KAMA HOLDINGS LIMITED,2317.75,2347.3,2281.3,2288.7,2301,2298.75,,2285.38,,,944,2176589,208,F1,1,,,,,
10-09-2026,10-09-2026,CM,BSE,STK,532475,INE266F01018,APTECHT,T,,,,,APTECH LTD.,89.95,89.95,86.02,88.49,88.47,88.54,,87.5,,,3344,293576,76,F1,1,,,,,
10-09-2026,10-09-2026,CM,BSE,STK,532477,INE692A01016,UNIONBANK,A,,,,,UNION BANK OF INDIA,183.15,184.35,178.05,180.8,180.8,183.4,,179.22,,,945868,171309012,5552,F1,1,,,,,
10-09-2026,10-09-2026,CM,BSE,STK,532478,INE686F01025,UBL,A,,,,,UNITED BREWERIES LTD.,1262,1273.2,1254,1257,1254,1267.45,,1256.99,,,703315,884987978,464,F1,1,,,,,
10-09-2026,10-09-2026,CM,BSE,STK,532481,INE781B01015,NOIDATOLL,B,,,,,NOIDA TOLL BRIDGE COMPANY LTD.,4.19,4.19,3.94,3.96,4.03,4,,3.99,,,2302,9196,32,F1,1,,,,,
10-09-2026,10-09-2026,CM,BSE,STK,532482,INE101D01020,GRANULES,A,,,,,GRANULES INDIA LTD.,876.95,905,876,901.5,901.5,883.2,,899.33,,,38128,34172963,1541,F1,1,,,,,
10-09-2026,10-09-2026,CM,BSE,STK,532483,INE476A01022,CANBK,A,,,,,CANARA BANK,124,127.55,123.75,124.2,124.2,124.2,,124.59,,,1399106,176018101,8228,F1,1,,,,,
10-09-2026,10-09-2026,CM,BSE,STK,532485,INE525F01025,BLIL,B,,,,,BALMER LAWRIE INVESTMENTS LTD.,72.05,72.36,71.2,71.35,71.54,72.08,,71.39,,,55369,3962159,501,F1,1,,,,,
10-09-2026,10-09-2026,CM,BSE,STK,532486,INE637C01025,POKARNA,B,,,,,POKARNA LTD.,788.45,880,772.5,780.5,780.5,778.8,,780.45,,,30132,24619171,1656,F1,1,,,,,
10-09-2026,10-09-2026,CM,BSE,STK,532488,INE361B01024,DIVISLAB,A,,,,,DIVIS LABORATORIES LTD.,9590.05,10000,9353,9405,9405,9482.75,,9438.39,,,5496,51833114,1370,F1,1,,,,,
10-09-2026,10-09-2026,CM,BSE,STK,532493,INE386C01029,ASTRAMICRO,A,,,,,ASTRA MICROWAVE PRODUCTS LTD.,1714.8,1719.95,1685.25,1694.95,1704.15,1704.95,,1696.75,,,10145,17311557,756,F1,1,,,,,
10-09-2026,10-09-2026,CM,BSE,STK,532497,INE944F01028,RADICO,A,,,,,RADICO KHAITAN LTD.,4403.05,4449.9,4400,4449.9,4449.9,4429.5,,4459.97,,,4251,18830724,842,F1,1,,,,,
10-09-2026,10-09-2026,CM,BSE,STK,532500,INE585B01010,MARUTI,A,,,,,MARUTI SUZUKI INDIA LTD.,12650.2,12691.9,12517.2,12530,12530,12628,,12585.19,,,42315,533060102,5241,F1,1,,,,,
10-09-2026,10-09-2026,CM,BSE,STK,532503,INE296E01026,RAJPALAYAM,B,,,,,RAJAPALAYAM MILLS LTD.,766.1,788.9,747,755.2,761,769.95,,752.33,,,727,556520,65,F1,1,,,,,
10-09-2026,10-09-2026,CM,BSE,STK,532504,INE048G01026,NAVINFLUOR,A,,,,,NAVIN FLUORINE INTERNATIONAL L,8690.6,8765,8624,8697.6,8726,8796.15,,8700.38,,,4233,36809406,962,F1,1,,,,,
10-09-2026,10-09-2026,CM,BSE,STK,532505,INE691A01018,UCOBANK,A,,,,,UCO BANK,23.99,24.2,23.8,23.92,23.92,23.99,,23.93,,,426980,10242134,2063,F1,1,,,,,
10-09-2026,10-09-2026,CM,BSE,STK,532507,INE116D01028,BAGFILMS,B,,,,,B.A.G.FILMS & MEDIA LTD.,4.68,4.68,4.44,4.45,4.48,4.57,,4.46,,,12339,55800,85,F1,1,,,,,
10-09-2026,10-09-2026,CM,BSE,STK,532508,INE220G01021,JSL,A,,,,,JINDAL STAINLESS LTD.,785.8,790.6,760,762.35,762.35,782.8,,762.15,,,37320,29041854,1974,F1,1,,,,,
10-09-2026,10-09-2026,CM,BSE,STK,532509,INE399C01030,SUPRAJIT,A,,,,,SUPRAJIT ENGINEERING LTD.,485,503,482.05,499.9,500,485,,500.28,,,4365,2164114,312,F1,1,,,,,
10-09-2026,10-09-2026,CM,BSE,STK,532513,INE236G01019,TVSELECT,B,,,,,TVS ELECTRONICS LTD.,410.3,416.95,409,410.9,412.5,416.2,,410.46,,,1414,582697,129,F1,1,,,,,
10-09-2026,10-09-2026,CM,BSE,STK,532514,INE203G01027,IGL,A,,,,,INDRAPRASTHA GAS LTD.,153.5,154.5,152,153.45,153.7,152.4,,153.46,,,89308,13680732,811,F1,1,,,,,
10-09-2026,10-09-2026,CM,BSE,STK,532515,INE038F01029,TVTODAY,B,,,,,TV TODAY NETWORK LTD.,108,111,108,110,110,110.25,,109.71,,,698,76906,28,F1,1,,,,,
10-09-2026,10-09-2026,CM,BSE,STK,532521,INE218G01033,PALREDTEC,B,,,,,PALRED TECHNOLOGIES LIMITED,50.14,51.32,48.88,51.32,51.32,50.12,,53.28,,,501,24519,8,F1,1,,,,,
10-09-2026,10-09-2026,CM,BSE,STK,532522,INE347G01014,PETRONET,A,,,,,PETRONET LNG LTD.,283.95,290.5,283.4,288.2,288.2,285.45,,288.7,,,15480,4466995,479,F1,1,,,,,
10-09-2026,10-09-2026,CM,BSE,STK,532523,INE376G01013,BIOCON,A,,,,,BIOCON LTD.,395.65,397.5,388.65,390,390,395,,391.59,,,109589,42941049,4285,F1,1,,,,,
10-09-2026,10-09-2026,CM,BSE,STK,532524,INE877F01012,PTC,A,,,,,PTC INDIA LTD.,153.45,156.4,153,153.8,153.8,153.4,,153.69,,,71473,11055180,1328,F1,1,,,,,
10-09-2026,10-09-2026,CM,BSE,STK,532525,INE457A01014,MAHABANK,A,,,,,BANK OF MAHARASHTRA,84.47,86.25,83.87,84.1,84.1,84.45,,84.35,,,552305,47151910,3118,F1,1,,,,,
10-09-2026,10-09-2026,CM,BSE,STK,532527,INE399G01023,RKFORGE,A,,,,,RAMKRISHNA FORGINGS LTD.,723.05,737,720,727.05,725,721.35,,727.05,,,26645,19450124,1156,F1,1,,,,,
10-09-2026,10-09-2026,CM,BSE,STK,532528,INE365B01017,DATAMATICS,A,,,,,DATAMATICS GLOBAL SERVICES LTD,767.55,784.25,760.95,780.9,784.25,777,,780.46,,,3493,2697717,267,F1,1,,,,,
10-09-2026,10-09-2026,CM,BSE,STK,532529,INE155G01029,NDTV,B,,,,,NEW DELHI TELEVISION LTD.,73.99,73.99,72.49,72.82,72.5,73.71,,72.47,,,12297,895473,106,F1,1,,,,,
10-09-2026,10-09-2026,CM,BSE,STK,532531,INE939A01011,STAR,A,,,,,STRIDES PHARMA SCIENCE LIMITED,1190.25,1222.3,1160.05,1217.65,1213.05,1198.25,,1217.02,,,13227,15864568,1006,F1,1,,,,,
10-09-2026,10-09-2026,CM,BSE,STK,532538,INE481G01011,ULTRACEMCO,A,,,,,ULTRATECH CEMENT LTD.,10943.55,11053,10861,11053,11053,10896,,10982.76,,,27222,297627480,3939,F1,1,,,,,
10-09-2026,10-09-2026,CM,BSE,STK,532539,INE405E01023,UNOMINDA,A,,,,,UNO Minda Limited,1237.1,1238.6,1218.9,1223.5,1223.5,1230.45,,1224.8,,,127001,155869072,2687,F1,1,,,,,
10-09-2026,10-09-2026,CM,BSE,STK,532540,INE467B01029,TCS,A,,,,,TATA CONSULTANCY SERVICES LTD.,2198.95,2232,2190,2216.5,2216.5,2209,,2204.66,,,156909,345747914,9135,F1,1,,,,,
10-09-2026,10-09-2026,CM,BSE,STK,532541,INE591G01025,COFORGE,A,,,,,COFORGE LIMITED,1836.2,1877.95,1819.7,1843,1843,1846.9,,1833.35,,,115595,212836713,5959,F1,1,,,,,
10-09-2026,10-09-2026,CM,BSE,STK,532543,INE586G01017,GULFPETRO,T,,,,,GP PETROLEUMS LTD,66.01,67.84,65.25,65.61,65.61,66.85,,65.74,,,2875,189851,41,F1,1,,,,,
10-09-2026,10-09-2026,CM,BSE,STK,532548,INE348B01021,CENTURYPLY,A,,,,,CENTURY PLYBOARDS (I) LTD.,738,741.65,731.2,733.2,734.6,738.2,,734.05,,,533,391733,82,F1,1,,,,,
10-09-2026,10-09-2026,CM,BSE,STK,532553,INE625G01013,WELENT,A,,,,,WELSPUN ENTERPRISES LIMTED,789.95,802,779,798.4,797.25,782.45,,797.96,,,8459,6725351,259,F1,1,,,,,
10-09-2026,10-09-2026,CM,BSE,STK,532555,INE733E01010,NTPC,A,,,,,NTPC LTD.,336.25,337,333.2,337,337,333.25,,335.1,,,78899,26434913,1446,F1,1,,,,,
10-09-2026,10-09-2026,CM,BSE,STK,532604,INE658G01014,SALSTEEL,B,,,,,S.A.L.STEEL LTD.,80.99,80.99,76.19,77.04,76.8,80.19,,76.64,,,17330,1355995,201,F1,1,,,,,
10-09-2026,10-09-2026,CM,BSE,STK,532605,INE927D01051,JBMA,A,,,,,JBM AUTO LTD.,608.1,614.7,602.5,603.5,603.5,613.9,,604.22,,,15258,9297127,597,F1,1,,,,,
10-09-2026,10-09-2026,CM,BSE,STK,532610,INE366A01041,DWARKESH,B,,,,,DWARIKESH SUGAR INDUSTRIES LTD,46.46,47.33,45.33,45.97,45.5,46.73,,45.78,,,45852,2121194,419,F1,1,,,,,
10-09-2026,10-09-2026,CM,BSE,STK,532612,INE873D01024,INDOCO,B,,,,,INDOCO REMEDIES LTD.,233.65,270.15,229.6,254.05,254.05,231.2,,254.25,,,261673,67457816,3261,F1,1,,,,,
10-09-2026,10-09-2026,CM,BSE,STK,532613,INE450G01024,VIPCLOTHNG,B,,,,,VIP Clothing Limited,21.26,22.6,21,21.53,21.53,21.48,,21.26,,,29439,648364,200,F1,1,,,,,
10-09-2026,10-09-2026,CM,BSE,STK,532614,INE691G01015,IMPEXFERRO,Z,,,,,IMPEX FERRO TECH LTD.,5.24,5.24,5.04,5.04,5.04,5.14,,5.07,,,520721,2695015,200,F1,1,,,,,
10-09-2026,10-09-2026,CM,BSE,STK,532616,INE692G01013,XCHANGING,B,,,,,XCHANGING SOLUTIONS LTD.,61.6,64,61.6,63.28,63.89,63.07,,63.58,,,11312,716524,75,F1,1,,,,,
10-09-2026,10-09-2026,CM,BSE,STK,532624,INE796G01012,JINDALPHOT,B,,,,,JINDAL PHOTO LTD.,1024.75,1024.75,994,1002.85,1002.85,1029.85,,1001.65,,,219,219224,39,F1,1,,,,,
10-09-2026,10-09-2026,CM,BSE,STK,532626,INE063E01061,POCL,A,,,,,PONDY OXIDES & CHEMICALS LTD.,463.05,468.35,454.4,456.85,456.85,467,,457.51,,,36372,16783744,1147,F1,1,,,,,
10-09-2026,10-09-2026,CM,BSE,STK,532627,INE351F01018,JPPOWER,A,,,,,JAIPRAKASH POWER VENTURES LIMI,16.44,16.58,16.18,16.24,16.24,16.41,,16.23,,,3267411,53350274,4415,F1,1,,,,,
10-09-2026,10-09-2026,CM,BSE,STK,532628,INE748C01038,3IINFOLTD,T,,,,,3I INFOTECH LTD.,22.15,22.85,21.91,22,22.2,22.6,,22.11,,,209381,4608646,353,F1,1,,,,,
10-09-2026,10-09-2026,CM,BSE,STK,532629,INE748A01024,MBECL,T,,,,,MCNALLY BHARAT ENGINEERING COM,314.59,314.59,314.59,314.59,314.59,299.61,,314.66,,,26,8179,3,F1,1,,,,,
10-09-2026,10-09-2026,CM,BSE,STK,532630,INE887G01027,GOKEX,A,,,,,GOKALDAS EXPORTS LTD.,784.15,784.55,769.95,775.15,777.5,784.15,,774.23,,,11375,8820659,557,F1,1,,,,,
10-09-2026,10-09-2026,CM,BSE,STK,532633,INE835G01018,ALLDIGI,B,,,,,Alldigi Tech Limited,803.25,810.85,797,801.1,807,803.25,,802.54,,,911,729767,124,F1,1,,,,,
10-09-2026,10-09-2026,CM,BSE,STK,532636,INE530B01024,IIFL,A,,,,,IIFL FINANCE LIMITED,608.4,616.7,601.5,607.15,607.15,605.2,,607.63,,,57934,35179814,1681,F1,1,,,,,
10-09-2026,10-09-2026,CM,BSE,STK,532637,INE584F01014,MANGALAM,B,,,,,MANGALAM DRUGS & ORGANICS LTD.,32.3,34.83,32.3,34.83,34.83,31.67,,34.88,,,37614,1287662,251,F1,1,,,,,
10-09-2026,10-09-2026,CM,BSE,STK,532638,INE498B01024,SHOPERSTOP,B,,,,,SHOPPERS STOP LTD.,376.1,385,374.6,379.65,374.6,379.45,,377.56,,,1105,417217,202,F1,1,,,,,
10-09-2026,10-09-2026,CM,BSE,STK,532640,INE278G01037,CYBERMEDIA,T,,,,,CYBER MEDIA (INDIA) LTD.,22,23.86,21.89,22.1,23.1,22.73,,22.36,,,6624,153728,31,F1,1,,,,,
10-09-2026,10-09-2026,CM,BSE,STK,532641,INE875G01048,NDL,B,,,,,NANDAN DENIM LIMITED,2.87,2.99,2.87,2.91,2.91,2.96,,2.9,,,124177,362200,180,F1,1,,,,,
10-09-2026,10-09-2026,CM,BSE,STK,532642,INE824G01012,JSWHL,A,,,,,JSW HOLDINGS LIMITED,11427.7,11595.9,11348.15,11436.55,11431.65,11368.4,,11443.72,,,15277,174895241,272,F1,1,,,,,
10-09-2026,10-09-2026,CM,BSE,STK,532644,INE823G01014,JKCEMENT,A,,,,,J.K.CEMENT LTD.,5019.3,5019.3,4889,4921.2,4925,4989.8,,4915.77,,,906,4463534,266,F1,1,,,,,
10-09-2026,10-09-2026,CM,BSE,STK,532645,INE052B01011,BEEYU,X,,,,,BEEYU OVERSEAS LTD.,2.4,2.4,2.38,2.38,2.38,2.61,,2.38,,,11376,27117,23,F1,1,,,,,
10-09-2026,10-09-2026,CM,BSE,STK,532648,INE528G01035,YESBANK,A,,,,,YES BANK LTD.,22.35,22.46,22.24,22.24,22.24,22.43,,22.3,,,3169115,70804956,21717,F1,1,,,,,
10-09-2026,10-09-2026,CM,BSE,STK,532649,INE023H01027,NECLIFE,B,,,,,NECTAR LIFESCIENCES LTD.,12.28,12.28,11.73,11.95,11.91,11.98,,11.93,,,8986,107499,43,F1,1,,,,,
10-09-2026,10-09-2026,CM,BSE,STK,532650,INE752G01015,MSPL,B,,,,,MSP STEEL & POWER LTD.,34.98,34.98,34.22,34.41,34.22,34.48,,34.4,,,20674,710709,161,F1,1,,,,,
10-09-2026,10-09-2026,CM,BSE,STK,532651,INE978G01016,SPLIL,B,,,,,SPL INDUSTRIES LTD.,31.6,31.6,30.1,30.1,30.1,31.6,,30.47,,,60,1821,2,F1,1,,,,,
10-09-2026,10-09-2026,CM,BSE,STK,532652,INE614B01018,KTKBANK,A,,,,,KARNATAKA BANK LTD.,331.65,336,330.3,332.75,331.8,331.1,,332.55,,,24255,8077281,903,F1,1,,,,,
10-09-2026,10-09-2026,CM,BSE,STK,532654,INE942G01012,MCLEODRUSS,B,,,,,MCLEOD RUSSEL INDIA LTD.,44.57,45.09,43.9,43.97,44.45,44.57,,44.05,,,18009,797861,196,F1,1,,,,,
10-09-2026,10-09-2026,CM,BSE,STK,532656,INE828G01013,FACORALL,XT,,,,,FACOR ALLOYS LTD.,2.8,2.99,2.8,2.85,2.85,2.87,,2.85,,,17868,51315,107,F1,1,,,,,
10-09-2026,10-09-2026,CM,BSE,STK,532660,INE526G01021,VIVIMEDLAB,T,,,,,VIVIMED LABS LTD.,6.18,6.4,6.18,6.19,6.19,6.3,,6.17,,,16925,104907,18,F1,1,,,,,
10-09-2026,10-09-2026,CM,BSE,STK,532661,INE050H01012,RML,B,,,,,RANE (MADRAS) LTD.,1364.05,1439.45,1362.1,1411.5,1406.75,1362.95,,1409.04,,,8746,12255040,596,F1,1,,,,,
10-09-2026,10-09-2026,CM,BSE,STK,532662,INE501G01024,HTMEDIA,B,,,,,HT MEDIA LIMITED,24.29,25,24,24.22,24.08,24.85,,24.31,,,5742,139700,59,F1,1,,,,,
10-09-2026,10-09-2026,CM,BSE,STK,532663,INE231F01020,SASKEN,B,,,,,Sasken Technologies Limited,1840,1850.9,1767,1779,1779,1859.25,,1777.71,,,1598,2880295,204,F1,1,,,,,
10-09-2026,10-09-2026,CM,BSE,STK,532666,INE512B01022,FCSSOFT,B,,,,,FCS SOFTWARE SOLUTIONS LTD.,1.41,1.43,1.41,1.41,1.41,1.42,,1.41,,,284364,402098,191,F1,1,,,,,
10-09-2026,10-09-2026,CM,BSE,STK,532667,INE040H01021,SUZLON,A,,,,,SUZLON ENERGY LTD.,45.49,45.69,44.11,44.44,44.44,45.6,,44.25,,,4271413,191558784,24803,F1,1,,,,,
10-09-2026,10-09-2026,CM,BSE,STK,532668,INE132H01018,AURIONPRO,A,,,,,AURIONPRO SOLUTIONS LTD.,664.2,678.55,664.2,671.7,671.35,664.7,,671.16,,,3248,2183764,202,F1,1,,,,,
10-09-2026,10-09-2026,CM,BSE,STK,532670,INE087H01022,RENUKA,A,,,,,SHREE RENUKA SUGARS LTD.,24.21,25.36,24.21,24.82,24.82,24.36,,24.82,,,1292642,32271362,2514,F1,1,,,,,
10-09-2026,10-09-2026,CM,BSE,STK,532673,INE157H01023,KMSUGAR,B,,,,,K.M.SUGAR MILLS LTD.,29.39,30.64,29.32,30.08,30.1,29.75,,30.1,,,11341,341604,97,F1,1,,,,,
10-09-2026,10-09-2026,CM,BSE,STK,532674,INE186H01022,BASML,T,,,,,BANNARI AMMAN SPINNING MILLS L,24.45,24.87,24.45,24.87,24.87,24.46,,25,,,6023,147716,7,F1,1,,,,,
10-09-2026,10-09-2026,CM,BSE,STK,532676,INE160H01019,PBAINFRA,XT,,,,,PBA INFRASTRUCTURE LTD.,9.8,9.8,9.12,9.12,9.12,9.6,,9.12,,,1360,12666,12,F1,1,,,,,
10-09-2026,10-09-2026,CM,BSE,STK,532683,INE212H01026,AIAENG,A,,,,,AIA ENGINEERING LTD.,4172.1,4172.1,4103.6,4110.9,4110.9,4171.85,,4115.97,,,28345,117584092,402,F1,1,,,,,
10-09-2026,10-09-2026,CM,BSE,STK,532684,INE184H01027,EKC,B,,,,,EVEREST KANTO CYLINDER LTD.,103.55,104.2,102.2,102.35,102.5,103.15,,102.39,,,5894,606553,108,F1,1,,,,,
10-09-2026,10-09-2026,CM,BSE,STK,532686,INE202H01019,KERNEX,B,,,,,KERNEX MICROSYSTEMS (INDIA) LT,1727.65,1796.35,1691.3,1709.45,1714.8,1713.8,,1709.5,,,13034,22640731,892,F1,1,,,,,
10-09-2026,10-09-2026,CM,BSE,STK,532687,INE461B01014,REPRO,B,,,,,REPRO INDIA LTD.,317.5,317.5,303.85,310.4,308,314.35,,307.53,,,890,276525,66,F1,1,,,,,
10-09-2026,10-09-2026,CM,BSE,STK,532689,INE191H01014,PVRINOX,A,,,,,PVR INOX LIMITED,1169.15,1227.7,1159.25,1222.45,1219,1171.35,,1221.35,,,39173,47051758,2233,F1,1,,,,,
10-09-2026,10-09-2026,CM,BSE,STK,532694,INE855F01042,ASMS,T,,,,,Avio Smart Market Stack Limite,7.08,7.08,6.85,6.9,7,6.96,,6.91,,,15681,108610,102,F1,1,,,,,
10-09-2026,10-09-2026,CM,BSE,STK,532695,INE185H01016,CELEBRITY,B,,,,,CELEBRITY FASHIONS LTD.,6.32,6.9,6.32,6.7,6.7,6.79,,6.72,,,1450,9572,23,F1,1,,,,,
10-09-2026,10-09-2026,CM,BSE,STK,532698,INE229H01012,NITINSPIN,B,,,,,NITIN SPINNERS LTD.,655.35,665,635.3,650.3,651.45,651.15,,649.53,,,7443,4857764,480,F1,1,,,,,
10-09-2026,10-09-2026,CM,BSE,STK,532699,INE283H01019,ROHLTD,B,,,,,ROYAL ORCHID HOTELS LTD.,307.8,313,305.2,305.9,305.35,305,,307.17,,,907,280410,57,F1,1,,,,,
10-09-2026,10-09-2026,CM,BSE,STK,532701,INE266H01014,CELLA,Z,,,,,CELLA SPACE LIMITED,43.5,44.7,40.46,40.46,40.46,42.58,,40.46,,,61108,2516120,134,F1,1,,,,,
10-09-2026,10-09-2026,CM,BSE,STK,532705,INE199G01027,JAGRAN,B,,,,,JAGRAN PRAKASHAN LTD.,62.84,62.84,61.84,62,62,62.33,,62.01,,,21112,1309467,341,F1,1,,,,,
10-09-2026,10-09-2026,CM,BSE,STK,532707,INE256H01015,DYNPRO,B,,,,,DYNEMIC PRODUCTS LTD.,236,242.05,230,236.2,236.2,235.2,,237.04,,,899,216117,42,F1,1,,,,,
10-09-2026,10-09-2026,CM,BSE,STK,532708,INE251H01024,GVKPIL,T,,,,,GVK POWER & INFRASTRUCTURE LTD,2.22,2.22,2.22,2.22,2.22,2.18,,2.21,,,240075,532966,99,F1,1,,,,,
10-09-2026,10-09-2026,CM,BSE,STK,532710,INE226H01026,SADBHAV,B,,,,,SADBHAV ENGINEERING LTD.,8.11,8.11,8.01,8.06,8.06,8.26,,8.06,,,11082,88833,18,F1,1,,,,,
10-09-2026,10-09-2026,CM,BSE,STK,532712,INE330H01018,RCOM,T,,,,,RELIANCE COMMUNICATIONS LTD.,0.96,0.97,0.96,0.97,0.97,0.93,,0.97,,,851711,825874,435,F1,1,,,,,
10-09-2026,10-09-2026,CM,BSE,STK,532713,INE190H01024,SAKUMA,B,,,,,SAKUMA EXPORTS LTD.,1.6,1.64,1.58,1.59,1.58,1.6,,1.59,,,109163,174530,189,F1,1,,,,,
10-09-2026,10-09-2026,CM,BSE,STK,532714,INE389H01022,KEC,A,,,,,KEC INTERNATIONAL LTD.,395.45,416,395.45,413.35,413.35,392.85,,413.44,,,109225,44571381,2768,F1,1,,,,,
10-09-2026,10-09-2026,CM,BSE,STK,532716,INE047B01011,GILLANDERS,B,,,,,GILLANDERS ARBUTHNOT & CO.LTD.,103.05,103.05,100.45,100.45,100.45,103.05,,102.37,,,73,7457,3,F1,1,,,,,
10-09-2026,10-09-2026,CM,BSE,STK,532717,INE332H01014,INDOTECH,B,,,,,INDO TECH TRANSFORMERS LTD.,3645,3666.55,3580.3,3602.35,3600,3651.65,,3602.4,,,570,2062125,132,F1,1,,,,,
10-09-2026,10-09-2026,CM,BSE,STK,532719,INE350H01032,BLKASHYAP,B,,,,,B.L.KASHYAP AND SONS LTD.,56.03,56.25,55.2,55.62,55.39,55.36,,55.55,,,5929,330009,77,F1,1,,,,,
10-09-2026,10-09-2026,CM,BSE,STK,532720,INE774D01024,M&MFIN,A,,,,,MAHINDRA & MAHINDRA FINANCIAL,363.75,365.1,356.7,359.05,359.55,363.75,,359.24,,,480526,172552235,9544,F1,1,,,,,
10-09-2026,10-09-2026,CM,BSE,STK,532721,INE286H01012,VISACHROME,B,,,,,VISA Chrome Limited,34.12,36,34.12,34.86,35.33,35.1,,34.89,,,4042,141786,114,F1,1,,,,,
10-09-2026,10-09-2026,CM,BSE,STK,532722,INE858F01012,NITCO,B,,,,,NITCO LTD.,92.5,95.48,92.5,95.18,95,92.5,,95.23,,,22654,2120976,152,F1,1,,,,,
10-09-2026,10-09-2026,CM,BSE,STK,532723,INE493H01014,MPDL,T,,,,,MPDL LIMITED,32.21,32.21,32.2,32.2,32.2,32.87,,32.2,,,163,5249,5,F1,1,,,,,
10-09-2026,10-09-2026,CM,BSE,STK,532725,INE343H01029,SOLARINDS,A,,,,,SOLAR INDUSTRIES INDIA LTD.,22379.3,22495,22194.8,22390,22390,22305,,22370.22,,,7765,173621660,1906,F1,1,,,,,
10-09-2026,10-09-2026,CM,BSE,STK,532726,INE297H01019,GALLANTT,A,,,,,GALLANTT ISPAT LIMITED,535.05,568,535.05,553.6,554.85,557.9,,553.29,,,4177,2324472,324,F1,1,,,,,
10-09-2026,10-09-2026,CM,BSE,STK,532728,INE383H01017,MALUPAPER,B,,,,,MALU PAPER MILLS LTD.,34.82,35.88,33.15,35.37,35.4,34.65,,34.43,,,3123,109716,37,F1,1,,,,,
10-09-2026,10-09-2026,CM,BSE,STK,532729,INE786F01031,UTTAMSUGAR,B,,,,,UTTAM SUGAR MILLS LTD.,283.75,285.95,278.5,282.75,283.35,282.65,,282.4,,,7988,2251620,158,F1,1,,,,,
10-09-2026,10-09-2026,CM,BSE,STK,532730,INE353H01010,SGL,B,,,,,STL GLOBAL LTD.,10,10.25,9.9,9.91,9.9,10.17,,9.9,,,180,1796,6,F1,1,,,,,
10-09-2026,10-09-2026,CM,BSE,STK,532732,INE401H01017,KKCL,B,,,,,KEWAL KIRAN CLOTHING LTD.,514.45,515.4,499.6,502.85,503.05,513.55,,501.71,,,1207,605930,185,F1,1,,,,,
10-09-2026,10-09-2026,CM,BSE,STK,532733,INE424H01027,SUNTV,A,,,,,SUN TV NETWORK LTD.,454,460,451,455.3,451,449.5,,455.54,,,26248,11981981,821,F1,1,,,,,
10-09-2026,10-09-2026,CM,BSE,STK,532734,INE177H01039,GPIL,A,,,,,GODAWARI POWER & ISPAT LTD.,253.25,265,247.1,252.4,252.4,253.2,,252.25,,,122035,30588525,3458,F1,1,,,,,
10-09-2026,10-09-2026,CM,BSE,STK,532735,INE411H01032,RSYSTEMS,B,,,,,R SYSTEMS INTERNATIONAL LTD.,242,245.15,240.7,242.8,243.3,243.65,,243.05,,,10879,2632472,282,F1,1,,,,,
10-09-2026,10-09-2026,CM,BSE,STK,532737,INE296H01011,EMKAY,B,,,,,EMKAY GLOBAL FINANCIAL SERVICE,254,254.6,249,249,249,251.2,,249.2,,,225,56659,47,F1,1,,,,,
10-09-2026,10-09-2026,CM,BSE,STK,532738,INE388G01026,TICL,T,,,,,TwamevConstruction and Infrast,7.73,7.73,7.22,7.22,7.56,7.59,,7.29,,,37340,273346,62,F1,1,,,,,
10-09-2026,10-09-2026,CM,BSE,STK,532740,INE397H01017,LOKESHMACH,B,,,,,LOKESH MACHINES LTD.,351.85,359.25,345.75,345.8,345.8,356.4,,347.18,,,777,272503,110,F1,1,,,,,
10-09-2026,10-09-2026,CM,BSE,STK,532741,INE390H01020,KAMDHENU,T,,,,,Kamdhenu Limited,40.39,41,38.3,39.76,39.76,39.64,,39.26,,,45314,1799797,249,F1,1,,,,,
10-09-2026,10-09-2026,CM,BSE,STK,532742,INE111F01024,PAUSHAKLTD,B,,,,,PAUSHAK LTD.,755.25,755.25,730,732.7,730,746.7,,734.01,,,2538,1874983,272,F1,1,,,,,
10-09-2026,10-09-2026,CM,BSE,STK,532744,INE302H01017,GTNTEX,X,,,,,GTN TEXTILES LTD.,8.12,8.5,8,8.5,8.5,8.12,,8.5,,,442,3602,10,F1,1,,,,,
10-09-2026,10-09-2026,CM,BSE,STK,532748,INE367G01038,PFOCUS,B,,,,,PRIME FOCUS LTD.,317.05,321,311.45,312.75,312.75,316.65,,313.51,,,31674,9986735,950,F1,1,,,,,
10-09-2026,10-09-2026,CM,BSE,STK,532749,INE418H01029,ALLCARGO,B,,,,,ALLCARGO LOGISTICS LTD.,12.7,12.86,12.14,12.29,12.29,12.76,,12.26,,,679880,8507342,1204,F1,1,,,,,
10-09-2026,10-09-2026,CM,BSE,STK,532754,INE776C01039,GMRAIRPORT,A,,,,,GMR Airports Limited,98.6,98.91,96.78,97.3,97.3,98.2,,97.46,,,198692,19414237,1300,F1,1,,,,,
10-09-2026,10-09-2026,CM,BSE,STK,532755,INE669C01036,TECHM,A,,,,,TECH MAHINDRA LTD.,1510.4,1545.15,1498.8,1518.6,1518.6,1502.25,,1525.51,,,31954,48761251,2111,F1,1,,,,,
10-09-2026,10-09-2026,CM,BSE,STK,532756,INE536H01010,CIEINDIA,A,,,,,CIE Automotive India Limited,383.45,386.35,381,382.2,383.5,381.5,,381.81,,,26925,10331654,403,F1,1,,,,,
10-09-2026,10-09-2026,CM,BSE,STK,532757,INE540H01012,VOLTAMP,A,,,,,VOLTAMP TRANSFORMERS LTD.,11100,11199.95,10875.8,10926.65,10958.6,11056.2,,10924.08,,,634,6974381,235,F1,1,,,,,
10-09-2026,10-09-2026,CM,BSE,STK,532759,INE285H01022,ATLANTAA,B,,,,,ATLANTAA LIMITED,38.01,38.39,37.31,37.32,37.32,38.01,,37.51,,,1208,46024,28,F1,1,,,,,
10-09-2026,10-09-2026,CM,BSE,STK,532761,INE596H01014,HGM,B,,,,,HANDSON GLOBAL MANAGEMENT (HGM,58,58,48.87,49.09,49.09,49.51,,49.56,,,206,10893,6,F1,1,,,,,
10-09-2026,10-09-2026,CM,BSE,STK,532762,INE731H01025,ACE,A,,,,,ACTION CONSTRUCTION EQUIPMENT,1130,1135.6,1113.8,1120.65,1115.75,1126.8,,1121.17,,,9570,10766927,518,F1,1,,,,,
10-09-2026,10-09-2026,CM,BSE,STK,532764,INE916G01016,GEECEE,T,,,,,GEECEE VENTURES LIMITED,357.6,375.45,357.6,373.8,373.8,357.6,,370.05,,,21,7856,5,F1,1,,,,,
10-09-2026,10-09-2026,CM,BSE,STK,532767,INE336H01023,GAYAPROJ,B,,,,,GAYATRI PROJECTS LTD.,23.77,24.7,23.5,24.7,24.7,23.53,,24.8,,,229916,5615406,788,F1,1,,,,,
10-09-2026,10-09-2026,CM,BSE,STK,532768,INE737H01014,FIEMIND,B,,,,,FIEM INDUSTRIES LTD.,2025,2025,1985,1986.8,1986.55,2020.35,,1986.8,,,1897,3792979,315,F1,1,,,,,
10-09-2026,10-09-2026,CM,BSE,STK,532771,INE544H01014,JHS,B,,,,,JHS SVENDGAARD LABORATORIES LT,8.21,8.4,7.96,8.12,8.3,8.17,,8.03,,,22706,186696,87,F1,1,,,,,
10-09-2026,10-09-2026,CM,BSE,STK,532772,INE503A01015,DCBBANK,A,,,,,DCB BANK LIMITED,229.75,229.75,226,227.15,226.45,228,,227.13,,,43697,9924330,1075,F1,1,,,,,
10-09-2026,10-09-2026,CM,BSE,STK,532773,INE792H01019,GLOBALVECT,B,,,,,GLOBAL VECTRA HELICORP LTD.,140,140,135.65,138,138,139.9,,138.34,,,272,37606,24,F1,1,,,,,
10-09-2026,10-09-2026,CM,BSE,STK,532774,INE020G01017,INSPIRISYS,B,,,,,Inspirisys Solutions Limited,92,94,85.8,87.18,87.3,89.7,,86.26,,,308,26998,84,F1,1,,,,,
10-09-2026,10-09-2026,CM,BSE,STK,532775,INE221H01019,GTLINFRA,B,,,,,GTL INFRASTRUCTURE LTD.,1.16,1.18,1.16,1.17,1.17,1.17,,1.16,,,2867087,3356995,8067,F1,1,,,,,
10-09-2026,10-09-2026,CM,BSE,STK,532776,INE637H01024,SHIVAMAUTO,B,,,,,SHIVAM AUTOTECH LTD.,17,17.45,16.7,17.18,17.18,17,,16.68,,,2869,48769,85,F1,1,,,,,
10-09-2026,10-09-2026,CM,BSE,STK,532777,INE663F01032,NAUKRI,A,,,,,INFO EDGE (INDIA) LTD.,1265.05,1277.4,1246.6,1265,1265,1265,,1265,,,10810,13663478,596,F1,1,,,,,
10-09-2026,10-09-2026,CM,BSE,STK,532779,INE813H01021,TORNTPOWER,A,,,,,TORRENT POWER LTD.,1307.1,1307.1,1287.45,1295.65,1292,1304.15,,1296.27,,,5657,7318795,465,F1,1,,,,,
10-09-2026,10-09-2026,CM,BSE,STK,532780,INE561H01026,PARSVNATH,T,,,,,PARSVNATH DEVELOPERS LTD.,1.69,1.69,1.69,1.69,1.69,1.66,,1.69,,,1850,3126,6,F1,1,,,,,
10-09-2026,10-09-2026,CM,BSE,STK,532782,INE645H01027,SUTLEJTEX,T,,,,,SUTLEJ TEXTILES & INDUSTRIES L,40.99,41,39.85,39.85,39.85,39.33,,39.64,,,735,30111,13,F1,1,,,,,
10-09-2026,10-09-2026,CM,BSE,STK,532783,INE818H01020,LTFOODS,A,,,,,LT FOODS LTD.,451.05,453.55,440,442,442,453.8,,441.53,,,52397,23349314,1825,F1,1,,,,,
10-09-2026,10-09-2026,CM,BSE,STK,532784,INE671H01015,SOBHA,A,,,,,SOBHA,1236.75,1251.85,1217,1237.2,1237.2,1228.35,,1235.73,,,5117,6265062,305,F1,1,,,,,
10-09-2026,10-09-2026,CM,BSE,STK,532785,INE803H01014,RUCHIRA,B,,,,,RUCHIRA PAPERS LTD.,110.1,112.6,108.8,110.85,111,110.1,,110.55,,,4196,464850,124,F1,1,,,,,
10-09-2026,10-09-2026,CM,BSE,STK,532790,INE483C01032,TANLA,A,,,,,TANLA PLATFORMS LIMITED,508,517.4,502.3,504.45,503.9,509.7,,503.86,,,15431,7864884,691,F1,1,,,,,
10-09-2026,10-09-2026,CM,BSE,STK,532794,INE966H01019,ZEEMEDIA,B,,,,,ZEE MEDIA CORPORATION LIMITED,7.62,7.81,7.62,7.67,7.65,7.74,,7.67,,,164635,1268911,342,F1,1,,,,,
10-09-2026,10-09-2026,CM,BSE,STK,532795,INE965H01011,SITINET,Z,,,,,Siti Networks Ltd.,0.49,0.49,0.49,0.49,0.49,0.49,,0.28,,,2280,1117,11,F1,1,,,,,
10-09-2026,10-09-2026,CM,BSE,STK,532796,INE872H01027,LUMAXTECH,A,,,,,LUMAX AUTO TECHNOLOGIES LTD.,1998.85,1998.85,1930,1946.25,1938.9,1990.15,,1942.7,,,2457,4820910,287,F1,1,,,,,
10-09-2026,10-09-2026,CM,BSE,STK,532797,INE718H01014,AUTOIND,B,,,,,AUTOLINE INDUSTRIES LTD.,86.12,86.12,83.7,84.44,83.75,85.9,,84.26,,,7381,630445,134,F1,1,,,,,
10-09-2026,10-09-2026,CM,BSE,STK,532798,INE870H01013,NETWORK18,A,,,,,NETWORK18 MEDIA & INVESTMENTS,26.81,27.2,26.77,26.84,26.84,26.94,,26.83,,,219396,5905292,1219,F1,1,,,,,
10-09-2026,10-09-2026,CM,BSE,STK,532799,INE703H01016,HUBTOWN,A,,,,,HUBTOWN LTD.,184,185.1,182.3,184.05,185.1,183.75,,183.25,,,22364,4110904,144,F1,1,,,,,
10-09-2026,10-09-2026,CM,BSE,STK,532801,INE627H01017,CTE,T,,,,,CAMBRIDGE TECHNOLOGY ENTERPRIS,42.45,42.49,41.01,41.99,41.99,42.95,,42.11,,,18369,770492,15,F1,1,,,,,
10-09-2026,10-09-2026,CM,BSE,STK,532804,INE545H01011,TIIL,B,,,,,TECHNOCRAFT INDUSTRIES (INDIA),3179.45,3196.8,3108.35,3155.65,3128.1,3158.05,,3157.08,,,1511,4762386,293,F1,1,,,,,
10-09-2026,10-09-2026,CM,BSE,STK,532805,INE891D01026,REDINGTON,A,,,,,Redington Limited,388.05,403.55,380.5,392.2,392.2,377.85,,392.01,,,1406172,550690945,20482,F1,1,,,,,
10-09-2026,10-09-2026,CM,BSE,STK,532806,INE768E01024,AICHAMP,XT,,,,,AI CHAMPDANY INDUSTRIES LTD.,19.5,19.58,18.3,19.58,19.57,18.71,,19.58,,,2792,53119,28,F1,1,,,,,
10-09-2026,10-09-2026,CM,BSE,STK,532807,INE704H01022,CINELINE,B,,,,,CINELINE INDIA LIMITED,94.01,95.89,93.07,94.38,93.29,94.16,,93.58,,,1188,112423,43,F1,1,,,,,
10-09-2026,10-09-2026,CM,BSE,STK,532808,INE940H01022,PGIL,A,,,,,PEARL GLOBAL INDUSTRIES LIMITE,2281.05,2422,2281.05,2378.1,2384,2279,,2378.39,,,7918,18793631,914,F1,1,,,,,
10-09-2026,10-09-2026,CM,BSE,STK,532809,INE684F01012,FSL,A,,,,,FIRSTSOURCE SOLUTIONS LTD.,254.65,256.8,250.55,251.9,251.9,254.8,,251.38,,,36142,9183869,899,F1,1,,,,,
10-09-2026,10-09-2026,CM,BSE,STK,532810,INE134E01011,PFC,A,,,,,POWER FINANCE CORPORATION LTD.,350.7,354.4,349.3,352.8,352.8,350.7,,352.8,,,189371,66579937,2714,F1,1,,,,,
10-09-2026,10-09-2026,CM,BSE,STK,532811,INE758C01029,AHLUCONT,A,,,,,AHLUWALIA CONTRACTS (INDIA) LT,597.05,600.1,590,590.65,590,597.05,,592.05,,,4288,2546191,184,F1,1,,,,,
10-09-2026,10-09-2026,CM,BSE,STK,532814,INE562A01011,INDIANB,A,,,,,INDIAN BANK,860.35,869.65,850.25,860,860,855,,856.53,,,126661,108837173,2736,F1,1,,,,,
10-09-2026,10-09-2026,CM,BSE,STK,532815,INE812G01025,SMSPHARMA,B,,,,,SMS PHARMACEUTICALS LTD.,408,422.8,407.55,419.15,416,407.4,,417.82,,,63811,26623749,1358,F1,1,,,,,
10-09-2026,10-09-2026,CM,BSE,STK,532817,INE998H01012,ORIENTALTL,B,,,,,ORIENTAL TRIMEX LTD.,5.15,5.25,5.06,5.09,5.09,5.15,,5.09,,,12836,65708,54,F1,1,,,,,
10-09-2026,10-09-2026,CM,BSE,STK,532820,INE311H01018,ELAND,X,,,,,E-Land Apparel Limited,11.99,12.5,11.31,12.4,12.5,11.94,,12.4,,,3391,41840,12,F1,1,,,,,
10-09-2026,10-09-2026,CM,BSE,STK,532822,INE669E01016,IDEA,A,,,,,VODAFONE IDEA  LIMITED,15.73,15.73,14.81,14.96,14.96,15.51,,14.9,,,25226248,383723500,267360,F1,1,,,,,
10-09-2026,10-09-2026,CM,BSE,STK,532825,INE702H01018,JAGJANANI,XT,,,,,JAGJANANI TEXTILES LTD.,5.9,6.18,5.9,6.18,6.18,5.91,,6.18,,,2817,16807,6,F1,1,,,,,
10-09-2026,10-09-2026,CM,BSE,STK,532826,INE952H01027,RAJTV,B,,,,,RAJ TELEVISION NETWORK LTD.,7.81,8.33,7.78,7.82,8.19,8.18,,7.82,,,10302,82364,52,F1,1,,,,,
10-09-2026,10-09-2026,CM,BSE,STK,532827,INE761H01022,PAGEIND,A,,,,,PAGE INDUSTRIES LTD.,35395,35809.15,34960,35728.4,35728.4,35260.05,,35749.69,,,337,11944805,202,F1,1,,,,,
10-09-2026,10-09-2026,CM,BSE,STK,532828,INE005I01014,AMDIND,B,,,,,AMD INDUSTRIES LTD.,56.98,58.52,55.36,57.22,57.22,56.69,,56.04,,,1857,105120,69,F1,1,,,,,
10-09-2026,10-09-2026,CM,BSE,STK,532829,INE976H01018,LEHAR,X,,,,,LEHAR FOOTWEARS LIMITED,204,205,200,203.1,203.1,199.45,,203.1,,,13891,2819122,359,F1,1,,,,,
10-09-2026,10-09-2026,CM,BSE,STK,532830,INE006I01046,ASTRAL,A,,,,,ASTRAL LIMITED,1473.35,1474.85,1451.35,1460,1460,1471.15,,1459.01,,,14501,21199707,1097,F1,1,,,,,
10-09-2026,10-09-2026,CM,BSE,STK,532832,INE069I01010,EMBDL,A,,,,,EMBASSY DEVELOPMENTS LIMITED,57.4,58.61,57.25,57.43,57.62,57.36,,57.6,,,147123,8528382,528,F1,1,,,,,
10-09-2026,10-09-2026,CM,BSE,STK,532834,INE052I01032,CAMLINFINE,B,,,,,Camlin Fine Sciences Ltd,103,105.8,103,103.6,103.8,103.95,,103.57,,,39504,4099423,585,F1,1,,,,,
10-09-2026,10-09-2026,CM,BSE,STK,532835,INE725G01011,ICRA,B,,,,,ICRA LTD.,4759,4814.35,4721,4734.2,4735.9,4789.95,,4726.42,,,1044,4991944,226,F1,1,,,,,
10-09-2026,10-09-2026,CM,BSE,STK,532839,INE836F01026,DISHTV,B,,,,,DISH TV INDIA LTD.,2.5,2.51,2.39,2.4,2.4,2.5,,2.39,,,221213,540625,397,F1,1,,,,,
10-09-2026,10-09-2026,CM,BSE,STK,532841,INE280H01015,SAHYADRI,B,,,,,SAHYADRI INDUSTRIES LTD.,381,385.15,370.4,385,385,377,,383.44,,,1013,383674,207,F1,1,,,,,
10-09-2026,10-09-2026,CM,BSE,STK,532842,INE917H01012,SRHHYPOLTD,B,,,,,SREE RAYALASEEMA HI-STRENGTH H,526,528.15,513.25,516.95,522.75,528.55,,517.1,,,221,115356,50,F1,1,,,,,
10-09-2026,10-09-2026,CM,BSE,STK,532843,INE061F01013,FORTIS,A,,,,,FORTIS HEALTHCARE LTD.,918.85,918.85,901,901.8,901.8,911.9,,902.45,,,20253,18389997,877,F1,1,,,,,
10-09-2026,10-09-2026,CM,BSE,STK,532845,INE797H01018,TGBHOTELS,B,,,,,TGB BANQUETS AND HOTELS LTD.,10.09,10.09,9.57,9.6,9.9,9.81,,9.78,,,8117,79381,54,F1,1,,,,,
10-09-2026,10-09-2026,CM,BSE,STK,532847,INE788H01017,HILTON,B,,,,,HILTON METAL FORGING LTD.,18.5,18.88,18.18,18.48,18.4,18.61,,18.28,,,9308,171176,684,F1,1,,,,,
10-09-2026,10-09-2026,CM,BSE,STK,532848,INE124G01033,DELTACORP,B,,,,,DELTA CORP LTD.,54.85,55.53,54.24,54.34,54.35,55.36,,54.34,,,68477,3745951,703,F1,1,,,,,
10-09-2026,10-09-2026,CM,BSE,STK,532850,INE287C01037,MICEL,T,,,,,MIC ELECTRONICS LTD.,35.82,35.83,35.55,35.83,35.83,36,,35.83,,,30970,1106093,134,F1,1,,,,,
10-09-2026,10-09-2026,CM,BSE,STK,532851,INE070I01018,INSECTICID,B,,,,,INSECTICIDES (INDIA) LTD.,625.05,627.45,610.5,610.7,610.5,623.6,,612.47,,,517,319894,77,F1,1,,,,,
10-09-2026,10-09-2026,CM,BSE,STK,532853,INE228I01012,ASAHISONG,T,,,,,ASAHI SONGWON COLORS LTD.,384.5,384.5,378.1,380.1,380.1,384.5,,375.67,,,384,146244,15,F1,1,,,,,
10-09-2026,10-09-2026,CM,BSE,STK,532855,INE928H01019,HARYNACAP,X,,,,,HARYANA CAPFIN LTD.,145.75,146,145.25,146,146,145.75,,146,,,206,29993,8,F1,1,,,,,
10-09-2026,10-09-2026,CM,BSE,STK,532856,INE508G01029,TIMETECHNO,A,,,,,TIME TECHNOPLAST LTD.,185.5,187.45,183.05,185,185.5,185.95,,184.88,,,141842,26200145,1460,F1,1,,,,,
10-09-2026,10-09-2026,CM,BSE,STK,532859,INE170I01016,HGS,B,,,,,HINDUJA GLOBAL SOLUTIONS LTD.,390,390,384,384.05,384,384.6,,383.85,,,464,178609,87,F1,1,,,,,
10-09-2026,10-09-2026,CM,BSE,STK,532864,INE189I01024,NELCAST,B,,,,,NELCAST LTD.,113,114.35,109.45,110.1,112.85,114.35,,110,,,10692,1197445,225,F1,1,,,,,
10-09-2026,10-09-2026,CM,BSE,STK,532867,INE945H01021,V2RETAIL,B,,,,,V2 RETAIL LTD.,218.7,220.55,216.9,218.55,218.55,219.75,,218.2,,,75014,16416122,1375,F1,1,,,,,
10-09-2026,10-09-2026,CM,BSE,STK,532868,INE271C01023,DLF,A,,,,,DLF LTD.,655,662,651.95,655,655,656.4,,655.84,,,57489,37829121,1735,F1,1,,,,,
10-09-2026,10-09-2026,CM,BSE,STK,532869,INE924H01018,TARMAT,B,,,,,TARMAT LTD.,60.5,62,59.59,60.21,60.62,60.59,,60.64,,,674,41165,57,F1,1,,,,,
10-09-2026,10-09-2026,CM,BSE,STK,532872,INE232I01014,SPARC,B,,,,,SUN PHARMA ADVANCED RESEARCH C,200.35,204.2,196.4,196.95,196.95,200.7,,196.92,,,75727,15081336,1806,F1,1,,,,,
10-09-2026,10-09-2026,CM,BSE,STK,532873,INE191I01012,HDIL,Z,,,,,HOUSING DEVELOPMENT & INFRASTR,1.5,1.52,1.47,1.52,1.52,1.5,,1.49,,,6713,9972,31,F1,1,,,,,
10-09-2026,10-09-2026,CM,BSE,STK,532875,INE102I01027,ADSL,B,,,,,ALLIED DIGITAL SERVICES LTD.,99.05,100.85,98.35,98.6,98.35,99.8,,98.54,,,18068,1795288,323,F1,1,,,,,
10-09-2026,10-09-2026,CM,BSE,STK,532878,INE385I01010,ALPA,B,,,,,ALPA LABORATORIES LTD.,61.5,64.42,61.5,64.33,64.33,64.04,,62.62,,,171,10975,4,F1,1,,,,,
10-09-2026,10-09-2026,CM,BSE,STK,532880,INE800H01010,OMAXE,B,,,,,OMAXE LTD.,120,124.5,120,122.25,122.9,121.4,,122.42,,,77103,9456130,704,F1,1,,,,,
10-09-2026,10-09-2026,CM,BSE,STK,532884,INE056I01025,REFEX,A,,,,,REFEX INDUSTRIES LTD.,273.15,276,268.5,270,270.5,273.15,,269.95,,,24731,6706263,409,F1,1,,,,,
10-09-2026,10-09-2026,CM,BSE,STK,532885,INE483A01010,CENTRALBK,A,,,,,CENTRAL BANK OF INDIA,30.58,31.21,30.54,30.79,30.84,30.58,,30.82,,,597655,18431496,1729,F1,1,,,,,
10-09-2026,10-09-2026,CM,BSE,STK,532887,INE333I01044,NEUEON,T,,,,,Neueon Corporation Limited,11.96,12.6,11.65,12.19,12.19,12.09,,12.09,,,6855,82839,39,F1,1,,,,,
10-09-2026,10-09-2026,CM,BSE,STK,532888,INE022I01019,ASIANTILES,B,,,,,ASIAN GRANITO INDIA LTD.,50.61,51.1,47.44,50.11,50.11,50.46,,50.39,,,167117,8287924,892,F1,1,,,,,
10-09-2026,10-09-2026,CM,BSE,STK,532889,INE930H01031,KPRMILL,A,,,,,K.P.R.MILL LIMITED,1140.3,1140.3,1120,1128.1,1125.2,1140.1,,1127.32,,,4594,5184377,578,F1,1,,,,,
10-09-2026,10-09-2026,CM,BSE,STK,532890,INE142I01023,TAKE,B,,,,,TAKE LIMITED,16.8,16.92,16.8,16.92,16.92,16.12,,16.79,,,29923,505359,69,F1,1,,,,,
10-09-2026,10-09-2026,CM,BSE,STK,532891,INE323I01011,PURVA,B,,,,,Puravankara Limited,213.95,219,213,214.1,214.95,216.15,,214.16,,,12758,2734186,362,F1,1,,,,,
10-09-2026,10-09-2026,CM,BSE,STK,532892,INE338I01027,MOTILALOFS,A,,,,,MOTILAL OSWAL FINANCIAL SERVIC,1016.85,1025,1008.35,1016,1016,1023,,1015.02,,,25491,25889131,955,F1,1,,,,,
10-09-2026,10-09-2026,CM,BSE,STK,532893,INE222F01029,VTMLTD,B,,,,,VTM LTD.,55.9,56.9,52.02,52.69,52.98,55.89,,52.72,,,6473,347379,149,F1,1,,,,,
10-09-2026,10-09-2026,CM,BSE,STK,532894,INE227G01018,INDOWIND,B,,,,,INDOWIND ENERGY LTD.,9.48,9.48,8.96,9.16,9.2,8.97,,9.1,,,14811,134578,90,F1,1,,,,,
10-09-2026,10-09-2026,CM,BSE,STK,532895,INE245I01016,NAGREEKCAP,B,,,,,NAGREEKA CAPITAL & INFRASTRUCT,23.59,24,23.59,24,24,24.15,,22.88,,,2,47,2,F1,1,,,,,
10-09-2026,10-09-2026,CM,BSE,STK,532896,INE387I01016,MAGNUM,B,,,,,MAGNUM VENTURES LTD.,19.99,19.99,19.13,19.13,19.13,18.75,,19.1,,,4802,95402,58,F1,1,,,,,
10-09-2026,10-09-2026,CM,BSE,STK,532898,INE752E01010,POWERGRID,A,,,,,POWER GRID CORPORATION OF INDI,265.3,272,265.3,272,272,265.95,,271.76,,,6935059,1876986003,5596,F1,1,,,,,
10-09-2026,10-09-2026,CM,BSE,STK,532899,INE455I01029,KSCL,B,,,,,KAVERI SEED COMPANY LTD.,716.45,729.35,713.95,718.65,721.5,724.25,,718.06,,,1801,1300339,214,F1,1,,,,,
10-09-2026,10-09-2026,CM,BSE,STK,532900,INE420C01059,PAISALO,A,,,,,PAISALO DIGITAL LIMITED,79.86,83.48,79.3,83.06,83.06,79.88,,83.05,,,977375,80245212,3008,F1,1,,,,,
10-09-2026,10-09-2026,CM,BSE,STK,532902,INE429I01024,CCCL,B,,,,,CONSOLIDATED CONSTRUCTION CONS,13.91,14.44,13.91,14.2,14.2,14.06,,14.17,,,25358,359711,121,F1,1,,,,,
10-09-2026,10-09-2026,CM,BSE,STK,532904,INE550H01011,SUPREMEINF,B,,,,,SUPREME INFRASTRUCTURE INDIA L,85,92.68,83.18,89.36,89,87,,88.76,,,17219,1553875,495,F1,1,,,,,
10-09-2026,10-09-2026,CM,BSE,STK,532906,INE215I01027,MAANALU,B,,,,,MAAN ALUMINIUM LTD.,114,114,110,110.95,110.2,110.1,,110.8,,,5994,666383,257,F1,1,,,,,
10-09-2026,10-09-2026,CM,BSE,STK,532907,INE369I01014,IL&FSENGG,Z,,,,,IL&FS ENGINEERING AND CONSTRUC,37.95,39,37.01,37.17,39,37.74,,39.06,,,4848,184262,11,F1,1,,,,,
10-09-2026,10-09-2026,CM,BSE,STK,532911,INE272G01014,PARLEIND,XT,,,,,PARLE INDUSTRIES LIMITED,5.64,5.86,5.64,5.86,5.86,5.75,,5.86,,,201585,1143779,179,F1,1,,,,,
10-09-2026,10-09-2026,CM,BSE,STK,532915,INE621H01010,RELIGARE,A,,,,,RELIGARE ENTERPRISES LTD.,257.95,262.4,254.7,258.3,258.75,256.8,,258.77,,,27321,7085641,708,F1,1,,,,,
10-09-2026,10-09-2026,CM,BSE,STK,532916,INE139I01011,BVCL,B,,,,,BARAK VALLEY CEMENTS LTD.,45.75,45.75,43.13,43.32,43.32,44.33,,43.44,,,1330,60095,24,F1,1,,,,,
10-09-2026,10-09-2026,CM,BSE,STK,532918,INE575I01016,RATHIBAR,X,,,,,RATHI BARS LTD.,17.22,18.99,16,17.27,17.59,16.1,,17.27,,,30818,540791,151,F1,1,,,,,
10-09-2026,10-09-2026,CM,BSE,STK,532921,INE742F01042,ADANIPORTS,A,,,,,ADANI PORTS AND SPECIAL ECONOM,1782.6,1782.6,1751.25,1757.6,1757.6,1771.55,,1767.29,,,94236,166388579,12572,F1,1,,,,,
10-09-2026,10-09-2026,CM,BSE,STK,532922,INE532F01054,EDELWEISS,A,,,,,EDELWEISS FINANCIAL SERVICES L,132.4,140.8,131.3,137,137,133.8,,136.75,,,615114,83713538,4194,F1,1,,,,,
10-09-2026,10-09-2026,CM,BSE,STK,532923,INE722H01024,RGL,B,,,,,RENAISSANCE GLOBAL LIMITED,145.8,157.95,144.35,156,156.9,146.5,,156.47,,,68277,10427451,545,F1,1,,,,,
10-09-2026,10-09-2026,CM,BSE,STK,532924,INE094I01018,KOLTEPATIL,B,,,,,KOLTE-PATIL DEVELOPERS LTD.,461,486,443.4,450.7,445.4,444.3,,451.13,,,51159,23880300,1789,F1,1,,,,,
10-09-2026,10-09-2026,CM,BSE,STK,532925,INE234I01028,KAUSHALYA,T,,,,,KAUSHALYA INFRASTRUCTURE DEVEL,872,877,872,877,877,845.05,,840.55,,,24,21024,3,F1,1,,,,,
10-09-2026,10-09-2026,CM,BSE,STK,532926,INE668F01031,JYOTHYLAB,A,,,,,JYOTHY LABS LIMITED,196,196.1,193.45,195.65,195.65,195.4,,195.65,,,32121,6271756,1317,F1,1,,,,,
10-09-2026,10-09-2026,CM,BSE,STK,532927,INE738I01010,ECLERX,A,,,,,ECLERX SERVICES LTD.,1927.95,1930,1890.05,1899.4,1892,1917.55,,1899.78,,,4963,9483954,462,F1,1,,,,,
10-09-2026,10-09-2026,CM,BSE,STK,532928,INE763I01026,TARIL,A,,,,,TRANSFORMERS AND RECTIFIERS (I,297.25,299,289,290.05,290.9,297.15,,289.96,,,84762,24912151,2358,F1,1,,,,,
10-09-2026,10-09-2026,CM,BSE,STK,532929,INE791I01019,BRIGADE,A,,,,,BRIGADE ENTERPRISES LTD.,660.35,666.4,650,651.35,651.3,662,,651.16,,,15972,10517812,747,F1,1,,,,,
10-09-2026,10-09-2026,CM,BSE,STK,532930,INE661I01014,BGRENERGY,T,,,,,BGR ENERGY SYSTEMS LTD.,245,250.6,242.45,244.6,242.5,251,,243.42,,,1945,477433,45,F1,1,,,,,
10-09-2026,10-09-2026,CM,BSE,STK,532931,INE817H01022,BURNPUR,T,,,,,BURNPUR CEMENT LTD.,17.58,17.58,17.58,17.58,17.58,18.5,,17.58,,,1290,22678,28,F1,1,,,,,
10-09-2026,10-09-2026,CM,BSE,STK,532932,INE015D01022,MANAKSIA,B,,,,,MANAKSIA LTD.,67.54,73,67.54,70.4,70.22,66.2,,70.51,,,38858,2776857,967,F1,1,,,,,
10-09-2026,10-09-2026,CM,BSE,STK,532933,INE386I01018,PORWAL,X,,,,,PORWAL AUTO COMPONENTS LTD.,51.9,51.9,51,51.21,51.2,52.58,,51.21,,,5171,266556,33,F1,1,,,,,
10-09-2026,10-09-2026,CM,BSE,STK,532934,INE095I01015,PPAP,T,,,,,PPAP,247.9,247.9,240.5,243.45,243.85,245.3,,242.99,,,1706,414859,38,F1,1,,,,,
10-09-2026,10-09-2026,CM,BSE,STK,532935,INE298I01015,ARIES,T,,,,,ARIES AGRO LTD.,491,491,465.5,465.5,465.5,489.95,,468.6,,,565,267076,52,F1,1,,,,,
10-09-2026,10-09-2026,CM,BSE,STK,532937,INE529I01021,KUANTUM,B,,,,,KUANTUM PAPERS LTD.,76.58,78.24,75.25,75.42,75.25,75.3,,75.49,,,777,59360,79,F1,1,,,,,
10-09-2026,10-09-2026,CM,BSE,STK,532939,INE614G01033,RPOWER,A,,,,,RELIANCE POWER LTD.,22.35,22.35,21.46,21.86,21.86,22.01,,21.84,,,1387517,30423064,3333,F1,1,,,,,
10-09-2026,10-09-2026,CM,BSE,STK,532940,INE576I01022,JKIL,B,,,,,J.KUMAR INFRAPROJECTS LTD.,484.1,489.75,481.9,482.6,483.95,484.55,,483.39,,,871,423324,74,F1,1,,,,,
10-09-2026,10-09-2026,CM,BSE,STK,532941,INE792I01017,CORDSCABLE,B,,,,,CORDS CABLE INDUSTRIES LTD.,369.15,382.5,356.5,362.65,361.5,364.7,,363.09,,,28510,10553174,857,F1,1,,,,,
10-09-2026,10-09-2026,CM,BSE,STK,532942,INE634I01029,KNRCON,A,,,,,KNR CONSTRUCTIONS LTD.,122.6,127.5,122.3,123.75,123.9,122.6,,123.68,,,215376,26993044,1878,F1,1,,,,,
10-09-2026,10-09-2026,CM,BSE,STK,532944,INE809I01019,ONMOBILE,T,,,,,ONMOBILE,46.6,47.1,46.6,47,47,47.5,,47,,,12277,572613,25,F1,1,,,,,
10-09-2026,10-09-2026,CM,BSE,STK,532945,INE964H01014,SEPC,B,,,,,SEPC LIMITED,5.36,5.4,5.27,5.28,5.28,5.36,,5.29,,,1308735,6956828,694,F1,1,,,,,
10-09-2026,10-09-2026,CM,BSE,STK,532946,INE863I01016,BANG,B,,,,,BANG OVERSEAS LTD.,36.33,36.33,34,34,34,35.84,,34.51,,,910,31152,37,F1,1,,,,,
10-09-2026,10-09-2026,CM,BSE,STK,532947,INE821I01022,IRB,A,,,,,IRB INFRASTRUCTURE DEVELOPERS,19.72,20.51,19.32,19.92,19.92,19.07,,19.91,,,4911820,97881325,8435,F1,1,,,,,
10-09-2026,10-09-2026,CM,BSE,STK,532951,INE871H01011,GSS,B,,,,,GSS INFOTECH LTD.,10.8,11.1,10.38,10.44,10.44,10.79,,10.47,,,4929,52706,53,F1,1,,,,,
10-09-2026,10-09-2026,CM,BSE,STK,532952,INE049I01012,NAHARCAP,B,,,,,NAHAR CAPITAL & FINANCIAL SERV,252.65,257.15,252.65,256.25,256.25,257.8,,256.89,,,90,23075,6,F1,1,,,,,
10-09-2026,10-09-2026,CM,BSE,STK,532953,INE951I01027,VGUARD,A,,,,,V-GUARD INDUSTRIES LTD.,327.55,331.5,324.75,328.55,328.4,327.4,,328.75,,,195762,64274132,680,F1,1,,,,,
10-09-2026,10-09-2026,CM,BSE,STK,532955,INE020B01018,RECLTD,A,,,,,REC LIMITED,314.5,316.6,312.7,315,315,315.35,,313.86,,,197380,62082955,3378,F1,1,,,,,
10-09-2026,10-09-2026,CM,BSE,STK,532957,INE642I01014,GOKAKTEX,X,,,,,GOKAK TEXTILES LTD.,62.2,62.2,56.35,58.5,58.5,59.95,,58.5,,,65,3880,10,F1,1,,,,,
10-09-2026,10-09-2026,CM,BSE,STK,532966,INE615H01020,TITAGARH,A,,,,,TITAGARH RAIL SYSTEMS LIMITED,877.1,901,856.2,859.05,859,876.95,,859.19,,,100489,88653620,4283,F1,1,,,,,
10-09-2026,10-09-2026,CM,BSE,STK,532967,INE415I01015,KIRIINDUS,A,,,,,KIRI INDUSTRIES LTD.,549.85,555.1,520.35,522.95,525,550.35,,523.08,,,106342,56939474,1839,F1,1,,,,,
10-09-2026,10-09-2026,CM,BSE,STK,532974,INE865C01022,BIRLAMONEY,B,,,,,ADITYA BIRLA MONEY LTD.,124.95,124.95,122.45,123.35,124.9,123.05,,122.93,,,937,115456,32,F1,1,,,,,
10-09-2026,10-09-2026,CM,BSE,STK,532975,INE778I01024,TELOGICA,XT,,,,,TELOGICA LIMITED,7.96,8.15,7.67,7.98,8.14,7.77,,7.98,,,17017,137360,34,F1,1,,,,,
10-09-2026,10-09-2026,CM,BSE,STK,532976,INE091G01026,JAIBALAJI,A,,,,,JAI BALAJI INDUSTRIES LTD.,70,70,67.33,67.46,67.67,68.67,,67.53,,,17120,1161860,125,F1,1,,,,,
10-09-2026,10-09-2026,CM,BSE,STK,532977,INE917I01010,BAJAJ-AUTO,A,,,,,BAJAJ AUTO LTD.,11784.95,11815,11675,11810,11810,11795,,11768.43,,,6726,78839361,1110,F1,1,,,,,
10-09-2026,10-09-2026,CM,BSE,STK,532978,INE918I01026,BAJAJFINSV,A,,,,,BAJAJ FINSERV LTD.,1930.4,1939.55,1921,1924,1924,1927,,1939.21,,,62496,120660426,1550,F1,1,,,,,
10-09-2026,10-09-2026,CM,BSE,STK,532980,INE020J01029,GOKUL,B,,,,,GOKUL REFOILS & SOLVENT LTD.,43.38,43.84,42.05,42.81,42.81,42.66,,42.64,,,36887,1574105,276,F1,1,,,,,
10-09-2026,10-09-2026,CM,BSE,STK,532983,INE105J01010,RPGLIFE,B,,,,,RPG LIFE SCIENCES LTD.,2760.7,2799.95,2727.95,2777.5,2799.95,2815.65,,2782.41,,,1279,3532086,204,F1,1,,,,,
10-09-2026,10-09-2026,CM,BSE,STK,532985,INF174KA1JD7,SENSEX1,B,,,,,KOTAK MAHINDRA MUTUAL FUND,81.11,90,81.11,82.52,82.37,82.49,,82.52,,,3495,287921,101,F1,1,,,,,
10-09-2026,10-09-2026,CM,BSE,STK,532986,INE368I01016,NIRAJ,B,,,,,NIRAJ CEMENT STRUCTURALS LTD.,28.48,28.5,27.16,27.76,28.31,28.54,,27.76,,,3897,107842,44,F1,1,,,,,
10-09-2026,10-09-2026,CM,BSE,STK,532989,INE878I01022,BAFNAPH,T,,,,,BAFNA PHARMACEUTICALS LTD.,296.4,297.1,296.4,297.1,297.1,302.4,,297.1,,,1012,300435,16,F1,1,,,,,
10-09-2026,10-09-2026,CM,BSE,STK,532992,INE790D01020,CHLLTD,X,,,,,CHL LTD.,26.71,27.97,26.71,27.95,27.97,26.66,,27.95,,,214,5839,8,F1,1,,,,,
10-09-2026,10-09-2026,CM,BSE,STK,532993,INE955I01044,SEJALLTD,B,,,,,SEJAL GLASS LIMITED,647.95,677.35,646,666.3,665,646.5,,671.91,,,350,232680,76,F1,1,,,,,
10-09-2026,10-09-2026,CM,BSE,STK,532994,INE877I01016,ARCHIDPLY,B,,,,,ARCHIDPLY INDUSTRIES LTD.,111.7,111.7,101,101,101,102.05,,100.53,,,1368,139736,32,F1,1,,,,,
10-09-2026,10-09-2026,CM,BSE,STK,532998,INE947I01017,LOTUSEYE,B,,,,,Lotus Eye Hospital And Institu,118,118.55,110,111.15,111,110.75,,111.45,,,10003,1117952,174,F1,1,,,,,
10-09-2026,10-09-2026,CM,BSE,STK,533001,INE323J01019,SOMICONVEY,B,,,,,SOMI CONVEYOR BELTINGS LTD.,94.01,102.4,92.64,92.85,92.84,90.8,,92.77,,,3832,368234,413,F1,1,,,,,
10-09-2026,10-09-2026,CM,BSE,STK,533006,INE655I01032,BIRLACOT,XT,,,,,BIRLA COTSYN (INDIA) LTD.,16.33,16.98,16.33,16.33,16.33,17.18,,16.33,,,84109,1376346,277,F1,1,,,,,
10-09-2026,10-09-2026,CM,BSE,STK,533007,INE201J01017,LGBFORGE,XT,,,,,LGB FORGE LTD.,5.86,5.95,5.49,5.54,5.64,5.77,,5.54,,,298193,1660891,300,F1,1,,,,,
10-09-2026,10-09-2026,CM,BSE,STK,533012,INE197J01017,LPDC,B,,,,,LANDMARK PROPERTY DEVELOPMENT,6.38,6.43,6.1,6.17,6.17,6.32,,6.14,,,8131,50529,36,F1,1,,,,,
10-09-2026,10-09-2026,CM,BSE,STK,533014,INE176J01011,SICAGEN,B,,,,,SICAGEN INDIA LTD.,56,56.29,55.25,55.28,55.94,56.35,,55.24,,,563,31354,55,F1,1,,,,,
10-09-2026,10-09-2026,CM,BSE,STK,533019,INE456H01029,SIMPLXPAP,X,,,,,SIMPLEX PAPERS LTD.,1330,1330,1330,1330,1330,1330,,1330,,,24,31920,4,F1,1,,,,,
10-09-2026,10-09-2026,CM,BSE,STK,533022,INE144J01027,20MICRONS,B,,,,,20 MICRONS LTD.,218.65,218.7,211.3,212.05,212.2,217.95,,211.88,,,6734,1450615,227,F1,1,,,,,
10-09-2026,10-09-2026,CM,BSE,STK,533023,INE342J01019,ZFCVINDIA,A,,,,,ZF Commercial Vehicle Control,2466.4,2531,2420,2528.05,2519.7,2471,,2528.39,,,2294,5704918,481,F1,1,,,,,
10-09-2026,10-09-2026,CM,BSE,STK,533029,INE773I01017,ALKALI,B,,,,,ALKALI METALS LTD.,84.99,84.99,78.2,78.79,78.5,85.41,,79.1,,,5419,434063,191,F1,1,,,,,
10-09-2026,10-09-2026,CM,BSE,STK,533033,INE858B01029,ISGEC,B,,,,,ISGEC HEAVY ENGINEERING LTD.,782,828,782,810.55,807.25,785.05,,810.18,,,9336,7569238,704,F1,1,,,,,
10-09-2026,10-09-2026,CM,BSE,STK,533047,INE919H01018,IMFA,A,,,,,INDIAN METALS & FERRO ALLOYS L,1306.65,1312.95,1275,1276.85,1279.05,1301.55,,1279.03,,,3780,4899873,350,F1,1,,,,,
10-09-2026,10-09-2026,CM,BSE,STK,533048,INE065J01024,TPHQ,T,,,,,Teamo Productions HQ Limited,0.51,0.52,0.5,0.5,0.52,0.51,,0.5,,,193766,97930,101,F1,1,,,,,
10-09-2026,10-09-2026,CM,BSE,STK,533056,INE359B01010,VEDAVAAG,B,,,,,VEDAVAAG SYSTEMS LTD.,18.73,22.47,18.31,22.32,22.38,18.73,,22.3,,,158242,3471616,563,F1,1,,,,,
10-09-2026,10-09-2026,CM,BSE,STK,533080,INE893J01029,MOLDTKPAC,B,,,,,MOLD-TEK PACKAGING LIMITED,690.25,692.45,685,685.55,685,689.5,,685.46,,,1910,1314770,151,F1,1,,,,,
10-09-2026,10-09-2026,CM,BSE,STK,533088,INE998I01010,MHRIL,B,,,,,MAHINDRA HOLIDAYS & RESORTS IN,198,201,193.3,196.95,196.95,199.7,,196.6,,,14111,2769050,783,F1,1,,,,,
10-09-2026,10-09-2026,CM,BSE,STK,533090,INE688J01023,LANDSMILL,B,,,,,Landsmill Green Limited,0.57,0.58,0.56,0.57,0.57,0.56,,0.57,,,770161,439904,191,F1,1,,,,,
10-09-2026,10-09-2026,CM,BSE,STK,533093,INE294G01026,ROML,B,,,,,RAJ OIL MILLS LTD.,43.6,43.6,41.73,41.88,41.88,43.6,,42.13,,,29,1219,6,F1,1,,,,,
10-09-2026,10-09-2026,CM,BSE,STK,533095,INE083K01017,BENGALASM,B,,,,,BENGAL & ASSAM COMPANY LTD.,6200,6300,6200,6261.7,6260,6155,,6203.87,,,747,4655670,239,F1,1,,,,,
10-09-2026,10-09-2026,CM,BSE,STK,533096,INE814H01029,ADANIPOWER,A,,,,,ADANI POWER LTD.,214.75,215.3,212.4,213,213,214.5,,213.5,,,1204191,257880983,6705,F1,1,,,,,
10-09-2026,10-09-2026,CM,BSE,STK,533098,INE848E01016,NHPC,A,,,,,NHPC LTD.,76.54,79.8,75.93,76.4,76.4,76.8,,76.35,,,349555,26665916,2663,F1,1,,,,,
10-09-2026,10-09-2026,CM,BSE,STK,533100,INE429K01012,PEIL,X,,,,,PREMIER ENERGY AND INFRASTRUCT,7.45,7.86,6.65,7.48,7.48,7.09,,7.48,,,6697,48169,40,F1,1,,,,,
10-09-2026,10-09-2026,CM,BSE,STK,533104,INE615I01010,GLOBUSSPR,B,,,,,GLOBUS SPIRITS LTD.,854.7,854.7,835,837,840,849.7,,837.54,,,7910,6651673,519,F1,1,,,,,
10-09-2026,10-09-2026,CM,BSE,STK,533106,INE274J01014,OIL,A,,,,,OIL INDIA LTD.,503.05,514.45,497.85,501,501,499,,500.3,,,259310,131524260,5771,F1,1,,,,,
10-09-2026,10-09-2026,CM,BSE,STK,533107,INE542F01020,SWANDEF,T,,,,,SWAN DEFENCE AND HEAVY INDUSTR,2600,2713,2555.1,2688.85,2700,2589.5,,2663.79,,,2099,5557966,268,F1,1,,,,,
10-09-2026,10-09-2026,CM,BSE,STK,533108,INE274K01012,BTTL,T,,,,,BHILWARA TECHNICAL TEXTILES LT,41,43,40.65,43,43,41.5,,42.49,,,510,20870,4,F1,1,,,,,
10-09-2026,10-09-2026,CM,BSE,STK,533110,INE318K01025,SPSL,X,,,,,SHREE PRECOATED STEELS LTD.,14.1,14.1,14.1,14.1,14.1,14.1,,14.1,,,139,1959,3,F1,1,,,,,
10-09-2026,10-09-2026,CM,BSE,STK,533121,INE201K01015,EXPLEOSOL,B,,,,,EXPLEO SOLUTIONS LIMITED,871,893.1,871,880.65,888.9,879.45,,883.62,,,2103,1860896,208,F1,1,,,,,
10-09-2026,10-09-2026,CM,BSE,STK,533122,INE399K01017,RTNPOWER,A,,,,,RATTANINDIA POWER LTD.,7.25,7.35,7.21,7.25,7.25,7.26,,7.25,,,1336939,9732712,8464,F1,1,,,,,
10-09-2026,10-09-2026,CM,BSE,STK,533137,INE947J01015,DEN,B,,,,,DEN NETWORKS LTD,26.5,27.36,26.5,27.07,27.16,27.18,,27.05,,,10855,294837,121,F1,1,,,,,
10-09-2026,10-09-2026,CM,BSE,STK,533138,INE563J01010,ASTEC,B,,,,,ASTEC LIFESCIENCES LIMITED,749.05,752.4,695,711.85,720,762.7,,715.58,,,29616,21429140,1083,F1,1,,,,,
10-09-2026,10-09-2026,CM,BSE,STK,533146,INE250K01012,DLINKINDIA,B,,,,,D-LINK (INDIA) LTD,436,439,432.3,433.7,433.1,436.3,,433.8,,,2387,1039086,186,F1,1,,,,,
10-09-2026,10-09-2026,CM,BSE,STK,533148,INE121E01018,JSWENERGY,A,,,,,JSW ENERGY LTD,529.75,533.85,528,532,532,534.65,,530.5,,,36657,19451784,1125,F1,1,,,,,
10-09-2026,10-09-2026,CM,BSE,STK,533149,INE143K01019,YUNIKM,X,,,,,Yunik Managing Advisors Limite,5.75,6.25,5.52,6.25,6.25,5.64,,6.25,,,3870,22088,26,F1,1,,,,,
10-09-2026,10-09-2026,CM,BSE,STK,533150,INE484J01027,GODREJPROP,A,,,,,GODREJ PROPERTIES LTD,1849.85,1873.65,1836.55,1869,1869,1860,,1871.97,,,17747,32919934,1454,F1,1,,,,,
10-09-2026,10-09-2026,CM,BSE,STK,533151,INE950I01011,DBCORP,B,,,,,D B CORP LTD,191.2,194,189,190.1,190.4,190.8,,189.68,,,2692,515593,129,F1,1,,,,,
10-09-2026,10-09-2026,CM,BSE,STK,533152,INE912H01013,MBLINFRA,B,,,,,MBL Infrastructure Ltd,23.5,23.61,23,23.1,23,23.15,,23.12,,,1198,27967,63,F1,1,,,,,
10-09-2026,10-09-2026,CM,BSE,STK,533155,INE797F01020,JUBLFOOD,A,,,,,JUBILANT FOODWORKS LTD,474.1,480.45,468.35,472.95,472.55,475.5,,473.8,,,28631,13577356,775,F1,1,,,,,
10-09-2026,10-09-2026,CM,BSE,STK,533156,INE893I01013,VASCONEQ,B,,,,,VASCON ENGINEERS LTD,29.87,30.29,29.87,30.23,30.29,29.68,,30.16,,,10606,318450,136,F1,1,,,,,
10-09-2026,10-09-2026,CM,BSE,STK,533158,INE085J01014,THANGAMAYL,A,,,,,THANGAMAYIL JEWELLERY LTD,5180.2,5180.2,5031,5073.1,5099,5114.4,,5081.42,,,3269,16689601,684,F1,1,,,,,
10-09-2026,10-09-2026,CM,BSE,STK,533160,INE879I01012,DBREALTY,A,,,,,VALOR ESTATE LIMITED,99.65,102.3,99.4,100.05,100.25,99.2,,100.17,,,36140,3624998,544,F1,1,,,,,
10-09-2026,10-09-2026,CM,BSE,STK,533161,INE753K01015,EMMBI,T,,,,,EMMBI INDUSTRIES LTD,91.4,91.4,91,91,91,91.46,,89.23,,,57,5187,5,F1,1,,,,,
10-09-2026,10-09-2026,CM,BSE,STK,533162,INE982F01036,HATHWAY,B,,,,,HATHWAY CABLE & DATACOM LTD,10.2,10.29,10.13,10.19,10.19,10.23,,10.17,,,57267,585164,422,F1,1,,,,,
10-09-2026,10-09-2026,CM,BSE,STK,533164,INE141K01013,TEXMOPIPES,B,,,,,TEXMO PIPES & PRODUCTS LTD.,57.9,61.94,55.84,56.32,56.63,57.64,,56.43,,,79197,4666215,797,F1,1,,,,,
10-09-2026,10-09-2026,CM,BSE,STK,533166,INE108E01023,SUNDARAM,B,,,,,SUNDARAM MULTI PAP LTD.,1.22,1.23,1.19,1.21,1.21,1.2,,1.2,,,37609,45461,50,F1,1,,,,,
10-09-2026,10-09-2026,CM,BSE,STK,533167,INE312J01012,COROENGG,X,,,,,COROMANDEL ENGINEERING COMPANY,55.55,55.55,53.6,54.06,53.6,55.5,,54.06,,,5832,318128,44,F1,1,,,,,
10-09-2026,10-09-2026,CM,BSE,STK,533168,INE847C01020,ROSSELLIND,B,,,,,ROSSELL INDIA LTD.,56.1,56.65,55.88,56.01,56.12,57.22,,56.04,,,7556,424767,247,F1,1,,,,,
10-09-2026,10-09-2026,CM,BSE,STK,533169,INE949H01023,MANINFRA,B,,,,,MAN INFRACONSTRUCTION LTD.,129.45,129.7,127.5,128.55,128.55,128.9,,128.66,,,77687,10001652,689,F1,1,,,,,
10-09-2026,10-09-2026,CM,BSE,STK,533170,INE864J01012,TAMBOLIIN,T,,,,,TAMBOLI INDUSTRIES LIMITED,286,300.8,286,300.5,300.8,286.5,,300.43,,,21694,6516701,88,F1,1,,,,,
10-09-2026,10-09-2026,CM,BSE,STK,533172,INF205KA1BP1,IVZINGOLD,E,,,,,INVESCO India Gold Exchange Tr,131.75,133.57,131.75,132.4,132.4,132.2,,133.24,,,273,36162,13,F1,1,,,,,
10-09-2026,10-09-2026,CM,BSE,STK,533177,INE975G01012,IL&FSTRANS,Z,,,,,IL&FS TRANSPORTATION NETWORKS,2.11,2.11,2.02,2.02,2.08,2.12,,2.03,,,6447,13100,24,F1,1,,,,,
10-09-2026,10-09-2026,CM,BSE,STK,533179,INE262H01021,PERSISTENT,A,,,,,PERSISTENT SYSTEMS LTD.,5422.6,5553.85,5375.5,5500,5500,5390,,5509.45,,,18084,99443088,2081,F1,1,,,,,
10-09-2026,10-09-2026,CM,BSE,STK,533181,INE566K01011,ISFT,B,,,,,INTRASOFT TECHNOLOGIES LTD.,77.15,83.48,77.15,81.49,80.61,82.55,,81.17,,,1277,104451,63,F1,1,,,,,
10-09-2026,10-09-2026,CM,BSE,STK,533192,INE790B01024,KCPSUGIND,T,,,,,KCP SUGAR & INDUSTRIES CORPORA,31.6,32,31.2,31.7,31.48,31.6,,31.82,,,3037,96276,41,F1,1,,,,,
10-09-2026,10-09-2026,CM,BSE,STK,533193,INE134B01017,KECL,B,,,,,KIRLOSKAR ELECTRIC COMPANY LTD,122.45,128,121.65,126.45,126.45,122.5,,126.37,,,9648,1213632,713,F1,1,,,,,
10-09-2026,10-09-2026,CM,BSE,STK,533202,INE639K01016,SATCH,X,,,,,SATCHMO HOLDINGS LIMITED,3.51,3.67,3.51,3.58,3.59,3.61,,3.58,,,42058,151208,93,F1,1,,,,,
10-09-2026,10-09-2026,CM,BSE,STK,533203,INE747K01017,TARAPUR,B,,,,,TARAPUR TRANSFORMERS LTD,13.24,13.99,12.49,12.66,12.65,13.24,,12.73,,,4087,52579,74,F1,1,,,,,
10-09-2026,10-09-2026,CM,BSE,STK,533206,INE002L01015,SJVN,A,,,,,SJVN LTD,67.02,68.3,66.41,67.11,67.11,66.87,,67.19,,,482062,32563315,3236,F1,1,,,,,
10-09-2026,10-09-2026,CM,BSE,STK,533208,INE830C01026,EMAMIPAP,T,,,,,EMAMI PAPER MILLS LTD.,117,118.95,112.05,118.9,118.9,117,,117.74,,,7383,834937,33,F1,1,,,,,
10-09-2026,10-09-2026,CM,BSE,STK,533210,INE798K01010,KRITINUT,B,,,,,KRITI NUTRIENTS LTD,80.83,83,80.83,83,83,83.74,,82.09,,,1050,84980,6,F1,1,,,,,
10-09-2026,10-09-2026,CM,BSE,STK,533212,INE265D01015,GKB,B,,,,,GKB OPHTHALMICS LTD.,65,65,61.61,64.59,63.63,66.13,,65.08,,,748,46748,11,F1,1,,,,,
10-09-2026,10-09-2026,CM,BSE,STK,533217,INE871K01015,HMVL,T,,,,,HINDUSTAN MEDIA VENTURES LTD.,79.39,79.39,78.02,78.02,78.02,79.39,,78.17,,,300,23680,4,F1,1,,,,,
10-09-2026,10-09-2026,CM,BSE,STK,533218,INE778K01012,EMAMIREAL,B,,,,,EMAMI REALTY LIMITED,71.9,72.56,70.6,70.6,70.6,69.11,,72.31,,,3182,229910,440,F1,1,,,,,
10-09-2026,10-09-2026,CM,BSE,STK,533227,INE926K01017,AHLEAST,B,,,,,ASIAN HOTELS (EAST) LTD.,136.7,142,136.7,142,142,139.05,,135.92,,,2,278,2,F1,1,,,,,
10-09-2026,10-09-2026,CM,BSE,STK,533229,INE933K01021,BAJAJCON,A,,,,,BAJAJ CONSUMER CARE LIMITED,521.5,529.6,514.85,524,527.1,521.5,,524.44,,,23771,12415518,768,F1,1,,,,,
10-09-2026,10-09-2026,CM,BSE,STK,533230,INF179KC1981,HDFCGOLD,E,,,,,HDFC MUTUAL FUND - HDFC GOLD E,130.2,131.11,130.2,130.51,130.38,129.97,,130.49,,,79822,10430200,1161,F1,1,,,,,
10-09-2026,10-09-2026,CM,BSE,STK,533239,INE696K01024,PRAKASHSTL,B,,,,,PRAKASH STEELAGE LTD.,4.15,4.15,3.73,3.8,3.8,3.77,,3.79,,,7871,29820,77,F1,1,,,,,
10-09-2026,10-09-2026,CM,BSE,STK,533244,INF109KC1NT3,GOLDIETF,E,,,,,ICICI Prudential Gold ETF,130.5,131.52,130.5,130.74,130.85,130.34,,130.75,,,182672,23938416,2292,F1,1,,,,,
10-09-2026,10-09-2026,CM,BSE,STK,533248,INE517F01014,GPPL,A,,,,,GUJARAT PIPAVAV PORT LTD.,159,163.3,158.65,162.4,161.8,158.3,,162.27,,,45402,7366981,844,F1,1,,,,,
10-09-2026,10-09-2026,CM,BSE,STK,533252,INE389K01018,WELINV,T,,,,,WELSPUN INVESTMENTS AND COMMER,2177,2231.65,2177,2231.65,2231.65,2187.9,,2288.33,,,76,168510,6,F1,1,,,,,
10-09-2026,10-09-2026,CM,BSE,STK,533257,INE866K01023,WAAREEINDO,B,,,,,INDOSOLAR LTD.,261.5,264.55,257.1,258.7,258.85,261,,258.27,,,4931,1284666,172,F1,1,,,,,
10-09-2026,10-09-2026,CM,BSE,STK,533259,INE019J01013,HEALTHX,B,,,,,HEALTH X PLATFORM LIMITED,302,307,287,306.7,307,302,,305.35,,,373,110233,87,F1,1,,,,,
10-09-2026,10-09-2026,CM,BSE,STK,533260,INE521J01018,CPCAP,B,,,,,CP CAPITAL LIMITED,136,136.8,134.55,134.65,135.2,134.5,,134.53,,,509,68771,34,F1,1,,,,,
10-09-2026,10-09-2026,CM,BSE,STK,533262,INE874I01013,RAMKY,B,,,,,RAMKY INFRASTRUCTURE LTD.,340.25,341.5,334.15,336.1,334.55,338.65,,335.91,,,250,84056,32,F1,1,,,,,
10-09-2026,10-09-2026,CM,BSE,STK,533263,INE999K01014,GREENPOWER,B,,,,,ORIENT GREEN POWER COMPANY LTD,9.53,9.6,9.32,9.37,9.37,9.57,,9.36,,,313417,2950780,850,F1,1,,,,,
10-09-2026,10-09-2026,CM,BSE,STK,533267,INE068L01024,CANTABIL,B,,,,,CANTABIL RETAIL INDIA LTD.,237.7,240.95,236.85,240,240,237.7,,240.06,,,1545,368901,56,F1,1,,,,,
10-09-2026,10-09-2026,CM,BSE,STK,533268,INE351L01016,SEATV,X,,,,,SEA TV NETWORK LTD.,3.24,3.24,3.08,3.08,3.08,3.24,,3.08,,,4,12,2,F1,1,,,,,
10-09-2026,10-09-2026,CM,BSE,STK,533269,INE956G01038,WABAG,A,,,,,VA TECH WABAG LTD.,2132,2224.9,2118.35,2210.35,2210.35,2131.35,,2211.73,,,68179,149243817,3481,F1,1,,,,,
10-09-2026,10-09-2026,CM,BSE,STK,533270,INE844K01012,BEDMUTHA,B,,,,,BEDMUTHA INDUSTRIES LTD.,106.6,110.95,106.2,106.2,106.2,106.65,,105.39,,,292,31462,22,F1,1,,,,,
10-09-2026,10-09-2026,CM,BSE,STK,533271,INE442H01029,ASHOKA,A,,,,,ASHOKA BUILDCON LTD.,113.65,114.6,112.9,113.5,113.5,113.5,,113.53,,,30470,3455637,403,F1,1,,,,,
10-09-2026,10-09-2026,CM,BSE,STK,533272,INE209L01016,JWL,A,,,,,JUPITER WAGONS LIMITED,243,248,241,241.5,241.8,240.95,,241.56,,,73286,17896504,1668,F1,1,,,,,
10-09-2026,10-09-2026,CM,BSE,STK,533273,INE093I01010,OBEROIRLTY,A,,,,,OBEROI REALTY LTD.,1798.1,1801.1,1777.55,1785,1785,1796.3,,1791.97,,,160292,285360351,659,F1,1,,,,,
10-09-2026,10-09-2026,CM,BSE,STK,533274,INE811K01011,PRESTIGE,A,,,,,PRESTIGE ESTATES PROJECTS LTD.,1533.25,1543.95,1519.5,1543.95,1543.95,1541.85,,1543.6,,,7266,11137785,750,F1,1,,,,,
10-09-2026,10-09-2026,CM,BSE,STK,533275,INE482J01021,SHAH,B,,,,,SHAH METACORP LIMITED,3.55,3.63,3.3,3.53,3.47,3.52,,3.54,,,870209,3102588,320,F1,1,,,,,
10-09-2026,10-09-2026,CM,BSE,STK,533278,INE522F01014,COALINDIA,A,,,,,COAL INDIA LTD.,433,436.45,430,433.5,433.5,431.5,,432.07,,,440862,190907527,8630,F1,1,,,,,
10-09-2026,10-09-2026,CM,BSE,STK,533282,INE024L01027,GRAVITA,A,,,,,GRAVITA INDIA LTD.,1670.7,1720.35,1670.7,1696.6,1698,1697.8,,1698.38,,,18360,31095604,2160,F1,1,,,,,
10-09-2026,10-09-2026,CM,BSE,STK,533284,INE324L01013,RPPINFRA,B,,,,,RPP INFRA PROJECTS LTD.,62.47,65.51,60.48,63.31,62.42,62.08,,63.04,,,22834,1444607,358,F1,1,,,,,
10-09-2026,10-09-2026,CM,BSE,STK,533285,INE245L01028,RDBIPL,B,,,,,RDB INFRASTRUCTURE AND POWER L,14.63,15.6,14.3,14.97,14.97,14.86,,14.97,,,122926,1814632,344,F1,1,,,,,
10-09-2026,10-09-2026,CM,BSE,STK,533286,INE490G01020,MOIL,A,,,,,MOIL LTD.,252.8,255.95,249.5,250.25,250.25,251.95,,250.18,,,60421,15239016,1214,F1,1,,,,,
10-09-2026,10-09-2026,CM,BSE,STK,533287,INE565L01011,ZEELEARN,T,,,,,ZEE LEARN LTD.,6.62,6.84,6.5,6.5,6.5,6.69,,6.48,,,80395,532837,132,F1,1,,,,,
10-09-2026,10-09-2026,CM,BSE,STK,533289,INE096L01025,KTIL,X,,,,,KESAR TERMINALS & INFRASTRUCTU,62,63.98,62,63.58,62.26,62,,63.58,,,343,21749,13,F1,1,,,,,
10-09-2026,10-09-2026,CM,BSE,STK,533292,INE619I01012,A2ZINFRA,B,,,,,A2Z INFRA ENGINEERING LIMITED,15.46,15.46,14.88,15.01,15.12,15.32,,14.93,,,25511,382608,67,F1,1,,,,,
10-09-2026,10-09-2026,CM,BSE,STK,533293,INE146L01010,KIRLOSENG,A,,,,,KIRLOSKAR OIL ENGINES LTD.,2205.7,2250.4,2184.35,2205.3,2230.1,2221.65,,2208.61,,,18325,40539402,1999,F1,1,,,,,
10-09-2026,10-09-2026,CM,BSE,STK,533295,INE608A01012,PSB,B,,,,,PUNJAB & SIND BANK,22.42,22.87,22.42,22.59,22.7,22.67,,22.6,,,297789,6726525,482,F1,1,,,,,
10-09-2026,10-09-2026,CM,BSE,STK,533296,INE360L01017,FMNL,B,,,,,FUTURE MARKET NETWORKS LTD.,9.2,9.68,8.8,9.45,9.45,9.22,,9.15,,,12996,120619,42,F1,1,,,,,
10-09-2026,10-09-2026,CM,BSE,STK,533298,INE272L01022,SURANASOL,B,,,,,SURANA SOLAR LTD.,26.19,26.23,25.5,25.62,25.62,25.71,,25.63,,,1216,31276,56,F1,1,,,,,
10-09-2026,10-09-2026,CM,BSE,STK,533301,INE268L01046,SHEKHAWATI,T,,,,,SHEKHAWATI INDUSTRIES LIMITED,17.89,18.33,17,18.33,18.33,17.46,,18.45,,,1661,29912,19,F1,1,,,,,
10-09-2026,10-09-2026,CM,BSE,STK,533302,INE029L01018,KICL,B,,,,,KALYANI INVESTMENT COMPANY LTD,5055.6,5137,5055.6,5082.95,5082.95,5055.6,,5083.5,,,191,979182,33,F1,1,,,,,
10-09-2026,10-09-2026,CM,BSE,STK,533303,INE878K01010,BFINVEST,B,,,,,BF INVESTMENT LTD.,453.75,463.9,442.55,448,448,448.1,,448.6,,,1806,826039,70,F1,1,,,,,
10-09-2026,10-09-2026,CM,BSE,STK,533306,INE519C01017,SUMMITSEC,B,,,,,SUMMIT SECURITIES LTD.,1440.05,1480,1408.5,1439.45,1433.2,1409.8,,1438.64,,,311,442391,40,F1,1,,,,,
10-09-2026,10-09-2026,CM,BSE,STK,533316,INE577L01016,STEL,B,,,,,STEL HOLDINGS LIMITED,590,597,580.55,597,597,599.8,,590.43,,,359,210376,46,F1,1,,,,,
10-09-2026,10-09-2026,CM,BSE,STK,533326,INE621L01012,TEXRAIL,A,,,,,TEXMACO RAIL & ENGINEERING LTD,115.25,119.75,115.25,117.75,117.75,115.25,,117.77,,,174348,20617724,2099,F1,1,,,,,
10-09-2026,10-09-2026,CM,BSE,STK,533329,INE611L01021,INDTERRAIN,B,,,,,INDIAN TERRAIN FASHIONS LTD.,29.9,29.9,28.9,29.04,29.06,29.68,,28.69,,,397,11639,16,F1,1,,,,,
10-09-2026,10-09-2026,CM,BSE,STK,533333,INE045J01034,FCL,B,,,,,FINEOTEX CHEMICAL LTD.,58.76,61.74,58.15,58.83,58.83,58.38,,58.71,,,1658334,98766702,16744,F1,1,,,,,
10-09-2026,10-09-2026,CM,BSE,STK,533339,INE251B01027,ZENTEC,A,,,,,ZEN TECHNOLOGIES LTD.,1767.9,1839.65,1745,1749.35,1745.5,1762.35,,1749.84,,,23611,41410759,1787,F1,1,,,,,
10-09-2026,10-09-2026,CM,BSE,STK,533343,INE597L01014,LOVABLE,B,,,,,LOVABLE LINGERIE LTD.,69.7,73.48,69.2,72.14,72.2,69.7,,71.92,,,4068,287354,208,F1,1,,,,,
10-09-2026,10-09-2026,CM,BSE,STK,533344,INE560K01014,PFS,B,,,,,PTC INDIA FINANCIAL SERVICES L,27.1,27.65,26.8,27.51,27.65,27.11,,27.47,,,38889,1064903,151,F1,1,,,,,
10-09-2026,10-09-2026,CM,BSE,STK,533385,INF247L01AP3,MON100,B,,,,,MOTILAL OSWAL MOST SHARES NASD,344.63,348,329.16,332.96,332.96,340.64,,333.19,,,136212,45647747,5389,F1,1,,,,,
10-09-2026,10-09-2026,CM,BSE,STK,533398,INE414G01012,MUTHOOTFIN,A,,,,,MUTHOOT FINANCE LTD.,2810.75,2852.6,2808,2840,2840,2820,,2841.48,,,30710,86917933,3773,F1,1,,,,,
10-09-2026,10-09-2026,CM,BSE,STK,533407,INE672K01025,TRUEGREEN,XT,,,,,TRUE GREEN BIO ENERGY LIMITED,207.05,213.7,202,210.7,209.95,209.85,,210.7,,,21873,4571625,145,F1,1,,,,,
10-09-2026,10-09-2026,CM,BSE,STK,533408,INF209KB18D3,BSLGOLDETF,E,,,,,Aditya Birla Sun Life Mutual F,134.03,135.03,134.03,134.22,134.53,133.82,,134.33,,,2867,385505,103,F1,1,,,,,
10-09-2026,10-09-2026,CM,BSE,STK,533427,INE932K01015,VMS,X,,,,,VMS INDUSTRIES LTD.,18.94,19.88,18.23,18.77,18.85,18.94,,18.77,,,11600,220165,153,F1,1,,,,,
10-09-2026,10-09-2026,CM,BSE,STK,533451,INE725L01011,KARMAENG,B,,,,,KARMA ENERGY LTD.,38.69,40.3,37.6,38.42,37.6,36.68,,38.15,,,68335,2627352,67,F1,1,,,,,
10-09-2026,10-09-2026,CM,BSE,STK,533452,INE726L01027,DELPHIFX,T,,,,,DELPHI WORLD MONEY LIMITED,6,6.09,5.71,5.99,6,6,,5.9,,,19759,113784,64,F1,1,,,,,
10-09-2026,10-09-2026,CM,BSE,STK,533470,INE573K01025,RUSHIL,B,,,,,RUSHIL DECOR LTD.,16.33,16.33,16,16.13,16.1,16.06,,16.02,,,6267,101098,36,F1,1,,,,,
10-09-2026,10-09-2026,CM,BSE,STK,533477,INE130L01014,ENKEIWHEL,B,,,,,ENKEI WHEELS (INDIA) LTD.,404.1,404.1,390,391.9,391.5,399.95,,392.1,,,1180,467238,62,F1,1,,,,,
10-09-2026,10-09-2026,CM,BSE,STK,533482,INE524L01026,KRIDHANINF,B,,,,,KRIDHAN INFRA LIMITED,2.06,2.1,1.96,1.99,2,2.01,,1.99,,,45443,92787,132,F1,1,,,,,
10-09-2026,10-09-2026,CM,BSE,STK,533506,INE878H01024,INVENTURE,B,,,,,INVENTURE GROWTH & SECURITIES,0.9,0.92,0.9,0.91,0.91,0.91,,0.91,,,97837,89145,64,F1,1,,,,,
10-09-2026,10-09-2026,CM,BSE,STK,533519,INE498L01015,LTF,A,,,,,L&T Finance Limited,309.9,311.3,306.4,311.25,311.25,310.2,,311.3,,,291823,90052021,1529,F1,1,,,,,
10-09-2026,10-09-2026,CM,BSE,STK,533520,INE126M01010,IBULLSLTD,B,,,,,Indiabulls Limited,25.01,25.45,24.22,24.66,24.66,25.09,,24.88,,,4481268,111505324,9150,F1,1,,,,,
10-09-2026,10-09-2026,CM,BSE,STK,533540,INE040M01013,TREEHOUSE,B,,,,,TREE HOUSE EDUCATION & ACCESSO,6.18,6.3,5.9,6,6,6.31,,5.97,,,5920,36269,36,F1,1,,,,,
10-09-2026,10-09-2026,CM,BSE,STK,533543,INE650L01011,BROOKS,B,,,,,BROOKS LABORATORIES LTD.,64.4,65.5,63.39,63.57,63.39,63.64,,63.81,,,1990,127929,68,F1,1,,,,,
10-09-2026,10-09-2026,CM,BSE,STK,533552,INE895B01021,RUPA,B,,,,,RUPA & COMPANY LTD.,142.95,143.15,140.05,140.35,140.5,141.2,,140.44,,,6861,967881,153,F1,1,,,,,
10-09-2026,10-09-2026,CM,BSE,STK,533553,INE419M01035,TDPOWERSYS,A,,,,,T D POWER SYSTEMS LTD.,756.8,771.45,748.9,762.85,770.5,755,,762.75,,,54577,41513812,2372,F1,1,,,,,
10-09-2026,10-09-2026,CM,BSE,STK,533570,INF846K01W80,GOLDAXIS,E,,,,,AXIS MUTUAL FUND - AXIS GOLD E,126.81,127.97,126.81,127.23,127.19,126.77,,127.19,,,62911,8024103,768,F1,1,,,,,
10-09-2026,10-09-2026,CM,BSE,STK,533573,INE901L01018,APLLTD,A,,,,,ALEMBIC PHARMACEUTICALS LTD.,811.45,836.3,811.45,816.9,819.5,817.8,,816.41,,,8165,6750132,593,F1,1,,,,,
10-09-2026,10-09-2026,CM,BSE,STK,533576,INE590L01019,VASWANI,B,,,,,VASWANI INDUSTRIES LTD.,47,47,46.1,46.1,46.1,45.16,,46.41,,,160,7430,11,F1,1,,,,,
10-09-2026,10-09-2026,CM,BSE,STK,533581,INE457L01029,PGEL,A,,,,,PG ELECTROPLAST LTD.,541.95,548,538.6,543,543,542.85,,542.12,,,64771,35193509,1838,F1,1,,,,,
10-09-2026,10-09-2026,CM,BSE,STK,533602,INE050L01048,LESHAIND,X,,,,,LESHA INDUSTRIES LTD.,0.76,0.76,0.74,0.75,0.76,0.75,,0.75,,,68239,51231,100,F1,1,,,,,
10-09-2026,10-09-2026,CM,BSE,STK,533605,INE023M01027,SETUINFRA,Z,,,,,SETUBANDHAN INFRASTRUCTURE LIM,0.65,0.67,0.64,0.67,0.67,0.64,,0.67,,,3000,1959,5,F1,1,,,,,
10-09-2026,10-09-2026,CM,BSE,STK,533608,INE123M01017,RDBRL,X,,,,,RDB RASAYANS LTD.,168,171,163.3,167.7,165.25,164.85,,167.7,,,7261,1218688,90,F1,1,,,,,
10-09-2026,10-09-2026,CM,BSE,STK,533629,INE440L01017,TIJARIA,T,,,,,TIJARIA POLYPIPES LTD.,7.79,7.79,7.79,7.79,7.79,8.19,,7.79,,,65425,509660,44,F1,1,,,,,
10-09-2026,10-09-2026,CM,BSE,STK,533632,INE912L01015,ONELIFECAP,T,,,,,ONELIFE CAPITAL ADVISORS LTD.,32.3,32.65,31,32.53,32.65,31.71,,32.03,,,6631,209460,27,F1,1,,,,,
10-09-2026,10-09-2026,CM,BSE,STK,533638,INE060J01017,FLEXITUFF,T,,,,,FLEXITUFF VENTURES INTERNATION,2.11,2.17,2,2.1,2.1,2.07,,2.1,,,16002,32440,21,F1,1,,,,,
10-09-2026,10-09-2026,CM,BSE,STK,533644,INE899L01030,UEL,B,,,,,UJAAS ENERGY LIMITED,198.35,203,198.35,198.35,198.35,208.75,,196.99,,,9833,1958814,169,F1,1,,,,,
10-09-2026,10-09-2026,CM,BSE,STK,533655,INE152M01016,TRITURBINE,A,,,,,TRIVENI TURBINE LTD.,565.7,574,555,561.25,563.05,564.9,,560.85,,,26430,14874577,1551,F1,1,,,,,
10-09-2026,10-09-2026,CM,BSE,STK,533676,INE337M01021,INDOTHAI,B,,,,,INDO THAI SECURITIES LTD.,43.56,43.56,43.56,43.56,43.56,41.49,,43.54,,,93977,4093638,94,F1,1,,,,,
10-09-2026,10-09-2026,CM,BSE,STK,533704,INE122M01019,ESSARSHPNG,B,,,,,ESSAR SHIPPING LTD.,16.05,16.38,16.04,16.06,16.18,16.05,,16.09,,,19732,318136,154,F1,1,,,,,
10-09-2026,10-09-2026,CM,BSE,STK,533719,INF767K01SM1,LICMFGOLD,E,,,,,LIC MUTUAL FUND - LIC MF GOLD,137.65,138.3,137.28,137.36,137.54,136.76,,137.2,,,724,99618,50,F1,1,,,,,
10-09-2026,10-09-2026,CM,BSE,STK,533758,INE702C01027,APLAPOLLO,A,,,,,APL APOLLO TUBES LTD.,2168,2198,2158.65,2198,2198,2167.5,,2194.82,,,215680,468271471,684,F1,1,,,,,
10-09-2026,10-09-2026,CM,BSE,STK,533761,INE390G01014,GPTINFRA,B,,,,,GPT INFRAPROJECTS LTD.,112.95,114.9,112.3,113.35,113.15,111.15,,113.46,,,16324,1854893,393,F1,1,,,,,
10-09-2026,10-09-2026,CM,BSE,STK,533896,INE258M01011,FERVENTSYN,X,,,,,FERVENT SYNERGIES LTD.,15.25,15.74,14.7,14.71,14.7,15.46,,14.71,,,2785,41124,17,F1,1,,,,,
10-09-2026,10-09-2026,CM,BSE,STK,533941,INE480M01011,THOMASCOTT,B,,,,,THOMAS SCOTT (INDIA) LIMITED,252.05,254.4,238.9,246.05,246.05,251.05,,244.04,,,6472,1611213,175,F1,1,,,,,
10-09-2026,10-09-2026,CM,BSE,STK,533982,INE482B01010,TERASOFT,B,,,,,TERA SOFTWARE LTD.,258,262.85,252,254.45,252,255.55,,253.63,,,2605,672400,228,F1,1,,,,,
10-09-2026,10-09-2026,CM,BSE,STK,534060,INE793G01035,PMCFIN,X,,,,,PMC FINCORP LIMITED,1.62,1.63,1.44,1.54,1.56,1.59,,1.54,,,1872642,2830674,1071,F1,1,,,,,
10-09-2026,10-09-2026,CM,BSE,STK,534064,INE123D01024,AIML,XT,,,,,ALLIANCE INTEGRATED METALIKS L,2.72,2.72,2.72,2.72,2.72,2.67,,2.72,,,118857,323291,57,F1,1,,,,,
10-09-2026,10-09-2026,CM,BSE,STK,534076,INE743M01012,RHIM,A,,,,,RHI MAGNESITA INDIA LIMITED,378.5,383.7,376.25,379.25,377.65,376.7,,378.7,,,3409,1296342,182,F1,1,,,,,
10-09-2026,10-09-2026,CM,BSE,STK,534091,INE745G01043,MCX,A,,,,,MULTI COMMODITY EXCHANGE OF IN,3319.9,3334.95,3287.2,3299,3299,3340.05,,3299.99,,,64610,213856067,4850,F1,1,,,,,
10-09-2026,10-09-2026,CM,BSE,STK,534139,INE839M01018,SCHNEIDER,A,,,,,SCHNEIDER ELECTRIC INFRASTRUCT,1197.1,1228.1,1170.35,1195.3,1192.85,1197.05,,1194.91,,,13060,15433422,1041,F1,1,,,,,
10-09-2026,10-09-2026,CM,BSE,STK,534190,INE550L01013,OLPCL,X,,,,,OLYMPIC CARDS LTD.,2.94,2.94,2.94,2.94,2.94,2.94,,2.94,,,255,749,4,F1,1,,,,,
10-09-2026,10-09-2026,CM,BSE,STK,534309,INE095N01031,NBCC,A,,,,,NBCC (India) Limited,83.35,84.65,83.22,83.9,83.9,83.6,,83.94,,,328695,27549475,2664,F1,1,,,,,
10-09-2026,10-09-2026,CM,BSE,STK,534312,INE472M01018,MTEDUCARE,T,,,,,MT EDUCARE LTD.,1.97,1.97,1.9,1.9,1.9,1.9,,1.86,,,1231,2399,16,F1,1,,,,,
10-09-2026,10-09-2026,CM,BSE,STK,534328,INE750M01017,HEXATRADEX,B,,,,,HEXA TRADEX LTD.,155,159.9,155,158.1,158.1,156.8,,156.89,,,157,24604,8,F1,1,,,,,
10-09-2026,10-09-2026,CM,BSE,STK,534338,INE393F01010,MAXHEIGHTS,X,,,,,Max heights Infrastucture Ltd,11,11.99,11,11.05,11.05,11,,11.05,,,1020,11581,15,F1,1,,,,,
10-09-2026,10-09-2026,CM,BSE,STK,534369,INE760L01018,TBZ,B,,,,,TRIBHOVANDAS BHIMJI ZAVERI LTD,519.95,542.25,497.5,497.5,497.5,523.65,,499.59,,,340716,171052869,2941,F1,1,,,,,
10-09-2026,10-09-2026,CM,BSE,STK,534392,INE050M01012,VSSL,B,,,,,VARDHMAN SPECIAL STEELS LTD.,365,424.4,365,390.75,390.9,362.45,,391.97,,,281910,114382018,6101,F1,1,,,,,
10-09-2026,10-09-2026,CM,BSE,STK,534422,INE204N01013,LOOKS,XT,,,,,LOOKS HEALTH SERVICES LIMITED,9.71,10.4,9.71,9.93,9.93,10.16,,9.93,,,1365,13463,20,F1,1,,,,,
10-09-2026,10-09-2026,CM,BSE,STK,534425,INE247M01014,SPECIALITY,T,,,,,SPECIALITY RESTAURANTS LTD.,135.9,143.3,135,143.3,143.3,136.5,,141.77,,,3836,547087,55,F1,1,,,,,
10-09-2026,10-09-2026,CM,BSE,STK,534532,INE142K01011,AURUS,B,,,,,AURUS GEM CORPORATION LIMITED,4.71,5.07,4.71,4.75,4.73,4.99,,4.77,,,12236,58150,28,F1,1,,,,,
10-09-2026,10-09-2026,CM,BSE,STK,534535,INE958L01034,META,T,,,,,STRING METAVERSE LIMITED,8.79,8.87,8.33,8.51,8.51,8.76,,8.51,,,1967836,16721091,2171,F1,1,,,,,
10-09-2026,10-09-2026,CM,BSE,STK,534597,INE834M01019,RTNINDIA,B,,,,,RATTANINDIA ENTERPRISES LIMITE,27.77,27.82,27.38,27.6,27.65,27.53,,27.6,,,51262,1415429,380,F1,1,,,,,
10-09-2026,10-09-2026,CM,BSE,STK,534598,INE735M01018,SAMPANN,B,,,,,Sampann Utpadan India Limited,23.91,24.56,23.81,24.36,24.36,24,,24.11,,,3197,76652,47,F1,1,,,,,
10-09-2026,10-09-2026,CM,BSE,STK,534600,INE391J01032,JTLIND,B,,,,,JTL INDUSTRIES LIMITED,88.67,91.25,87.14,89.62,89.5,87.58,,89.6,,,178316,15940242,1404,F1,1,,,,,
10-09-2026,10-09-2026,CM,BSE,STK,534612,INE436N01029,AMTL,X,,,,,ADVANCE METERING TECHNOLOGY LT,18,18.14,16.8,17,17.6,18.2,,17,,,4872,83789,55,F1,1,,,,,
10-09-2026,10-09-2026,CM,BSE,STK,534615,INE553C01016,NECCLTD,T,,,,,NORTH EASTERN CARRYING CORPORA,19.59,19.59,18.71,19.43,19,19.59,,19.34,,,70844,1354133,68,F1,1,,,,,
10-09-2026,10-09-2026,CM,BSE,STK,534618,INE299N01021,WAAREERTL,A,,,,,WAAREE RENEWABLE TECHNOLOGIES,832.9,842.75,832.05,834.1,833,833.45,,833.86,,,8613,7197708,432,F1,1,,,,,
10-09-2026,10-09-2026,CM,BSE,STK,534623,INE524N01014,JUPITERIN,X,,,,,JUPITER INFOMEDIA LTD.,40.8,40.8,37.3,39.3,38.58,39.12,,39.3,,,19419,781992,72,F1,1,,,,,
10-09-2026,10-09-2026,CM,BSE,STK,534674,INE741L01018,DUCON,B,,,,,Ducon Infratechnologies Ltd,1.81,1.83,1.75,1.79,1.79,1.81,,1.78,,,184715,330606,152,F1,1,,,,,
10-09-2026,10-09-2026,CM,BSE,STK,534675,INE195N01013,PROZONER,B,,,,,PROZONE REALTY LIMITED,49.66,52.57,48.11,52.22,52.46,49.94,,52.3,,,26430,1349779,325,F1,1,,,,,
10-09-2026,10-09-2026,CM,BSE,STK,534680,INE559N01010,SRGHFL,B,,,,,SRG HOUSING FINANCE LTD.,201,218,190.4,190.4,190.4,238,,191.74,,,26657,5129424,315,F1,1,,,,,
10-09-2026,10-09-2026,CM,BSE,STK,534691,INE456N01019,COMCL,X,,,,,COMFORT COMMOTRADE LTD.,14.14,14.75,13.99,14.58,14.74,14.14,,14.58,,,26644,373203,29,F1,1,,,,,
10-09-2026,10-09-2026,CM,BSE,STK,534708,INE892L01019,SHANTIGURU,M,,,,,SHANTI GURU INDUSTRIES LIMITED,9,9,9,9,9,9,,9,,,12000,108000,2,F1,3000,,,,,
10-09-2026,10-09-2026,CM,BSE,STK,534732,INE176N01039,CASPIAN,X,,,,,CASPIAN CORPORATE SERVICES LIM,33.71,34.4,33.6,33.99,34.4,33.71,,33.99,,,869,29424,38,F1,1,,,,,
10-09-2026,10-09-2026,CM,BSE,STK,534733,INE175N01023,AERPACE,XT,,,,,Aerpace Industries Limited,36.88,36.88,36.88,36.88,36.88,37.63,,36.88,,,45708,1685711,92,F1,1,,,,,
10-09-2026,10-09-2026,CM,BSE,STK,534741,INE247C01023,VIRTUALG,T,,,,,VIRTUAL GLOBAL EDUCATION LTD.,0.45,0.45,0.43,0.45,0.45,0.44,,0.43,,,9650,4195,21,F1,1,,,,,
10-09-2026,10-09-2026,CM,BSE,STK,534742,INE840M01016,ZUARI,B,,,,,ZUARI AGRO CHEMICALS LTD.,223.9,226.55,222.05,223.5,222.05,225.95,,223.04,,,2827,633647,112,F1,1,,,,,
10-09-2026,10-09-2026,CM,BSE,STK,534748,INE503B01021,STEELXIND,B,,,,,STEEL EXCHANGE INDIA LTD.,12.2,12.9,12.05,12.18,12.18,12.03,,12.17,,,1668429,20779161,3024,F1,1,,,,,
10-09-2026,10-09-2026,CM,BSE,STK,534755,INE234G01022,TRIOMERC,XT,,,,,TRIO MERCANTILE & TRADING LTD.,2.18,2.18,2.12,2.12,2.12,2.23,,2.12,,,35244,74720,56,F1,1,,,,,
10-09-2026,10-09-2026,CM,BSE,STK,534796,INE198N01017,JUJHARLOGI,XT,,,,,JUJHAR LOGISTICS  LIMITED,225,225,210.95,210.95,210.95,222.05,,210.95,,,2980,630661,27,F1,1,,,,,
10-09-2026,10-09-2026,CM,BSE,STK,534804,INE752H01013,CARERATING,A,,,,,CARE Ratings Limited,1730.9,1744.05,1689.7,1695.3,1689.7,1726.3,,1693.1,,,1281,2199680,204,F1,1,,,,,
10-09-2026,10-09-2026,CM,BSE,STK,534809,INE785M01021,PCJEWELLER,A,,,,,PC JEWELLER LTD.,13.89,14.35,13.7,13.83,13.83,13.88,,13.83,,,29950188,420387466,16445,F1,1,,,,,
10-09-2026,10-09-2026,CM,BSE,STK,534816,INE121J01017,INDUSTOWER,A,,,,,INDUS TOWERS LIMITED,377,377,368.75,372.7,372.7,372.5,,372,,,79204,29496346,1383,F1,1,,,,,
10-09-2026,10-09-2026,CM,BSE,STK,534920,INE899M01020,ISERA,XT,,,,,iSERA LIFESCIENCES LIMITED,143.9,143.9,143.9,143.9,143.9,143.9,,143.9,,,200,28780,1,F1,1,,,,,
10-09-2026,10-09-2026,CM,BSE,STK,534976,INE665J01013,VMART,A,,,,,V-MART RETAIL LTD.,797,824.55,797,816.95,815.15,818.85,,817.79,,,7803,6265095,207,F1,1,,,,,
10-09-2026,10-09-2026,CM,BSE,STK,535136,INE149O01018,NIBE,B,,,,,NIBE LIMITED,1313.6,1314,1291.2,1298.7,1296.55,1315.1,,1298.24,,,2047,2658494,231,F1,1,,,,,
10-09-2026,10-09-2026,CM,BSE,STK,535204,INE160O01031,MUKTA,XT,,,,,Mukta Agriculture Limited,5.91,5.91,5.91,5.91,5.91,5.63,,5.91,,,67984,401785,51,F1,1,,,,,
10-09-2026,10-09-2026,CM,BSE,STK,535205,INE159O01033,MYSTICELE,X,,,,,Mystic Electronics Limited,4.46,4.64,4.12,4.24,4.25,4.1,,4.24,,,50632,223766,130,F1,1,,,,,
10-09-2026,10-09-2026,CM,BSE,STK,535267,INE274M01026,COMFINCAP,X,,,,,COMFORT FINCAP LTD.,7.69,7.7,7.53,7.7,7.64,7.54,,7.7,,,56978,431712,55,F1,1,,,,,
10-09-2026,10-09-2026,CM,BSE,STK,535276,INF200K01VT2,SBISENSEX,B,,,,,SBI MUTUAL FUND - SBI ETF SENS,839.99,843.8,833,835.44,836.87,837.18,,835.44,,,5461,4564275,265,F1,1,,,,,
10-09-2026,10-09-2026,CM,BSE,STK,535322,INE612J01015,REPCOHOME,B,,,,,REPCO HOME FINANCE LTD.,359.05,360,353,354.8,353,357.25,,353.82,,,6116,2170481,118,F1,1,,,,,
10-09-2026,10-09-2026,CM,BSE,STK,535387,INE191O01010,LAKHOTIA,X,,,,,LAKHOTIA POLYESTERS (INDIA) LT,55,55,51.51,51.51,51.51,52,,51.51,,,127,6622,9,F1,1,,,,,
10-09-2026,10-09-2026,CM,BSE,STK,535431,INE168O01026,GCMSECU,B,,,,,GCM SECURITIES LTD,0.66,0.67,0.65,0.65,0.65,0.66,,0.65,,,34312,22482,57,F1,1,,,,,
10-09-2026,10-09-2026,CM,BSE,STK,535458,INE047O01014,NIBL,B,,,,,NRB INDUSTRIAL BEARINGS LTD.,30.57,31.56,29.79,31.44,31.55,31.19,,31,,,923,28435,14,F1,1,,,,,
10-09-2026,10-09-2026,CM,BSE,STK,535601,INE099F01013,SREEL,B,,,,,SREELEATHERS LTD.,351.45,397.65,348.7,370.45,368,344.75,,370.3,,,22043,8345023,849,F1,1,,,,,
10-09-2026,10-09-2026,CM,BSE,STK,535602,INE597I01028,SHARDAMOTR,B,,,,,SHARDA MOTOR INDUSTRIES LTD,908.7,958,901.4,945.85,942.65,910.45,,946.22,,,16692,15683060,1823,F1,1,,,,,
10-09-2026,10-09-2026,CM,BSE,STK,535620,INE160L01011,BINNYMILLS,XT,,,,,BINNY MILLS LTD.,205.1,205.1,205.1,205.1,205.1,207.05,,205.1,,,35,7178,2,F1,1,,,,,
10-09-2026,10-09-2026,CM,BSE,STK,535621,INE159L01013,SVGLOBAL,B,,,,,S V GLOBAL MILL LTD.,145,145,137.05,139.9,137.05,146.2,,140.76,,,110,15684,13,F1,1,,,,,
10-09-2026,10-09-2026,CM,BSE,STK,535648,INE599M01018,JUSTDIAL,A,,,,,JUST DIAL LTD.,690.4,690.4,659,667.45,668,675.3,,668.69,,,11729,7843089,478,F1,1,,,,,
10-09-2026,10-09-2026,CM,BSE,STK,535657,INE860E01011,OONE,X,,,,,OBJECTONE INFORMATION SYSTEMS,7.74,7.74,6.9,6.9,6.9,6.48,,6.9,,,5120,36207,13,F1,1,,,,,
10-09-2026,10-09-2026,CM,BSE,STK,535667,INE474O01010,IFINSEC,X,,,,,INDIA FINSEC LTD.,234,236.15,228.95,236.15,236.15,248,,236.15,,,118,27619,11,F1,1,,,,,
10-09-2026,10-09-2026,CM,BSE,STK,535693,INE320I01017,BRAHMINFRA,B,,,,,BRAHMAPUTRA INFRASTRUCTURE LTD,160.4,162,157.2,159.5,159.5,158.8,,158.78,,,2435,388414,59,F1,1,,,,,
10-09-2026,10-09-2026,CM,BSE,STK,535719,INE989J01017,AMPVOLTS,X,,,,,AMPVOLTS LIMITED,26,26,24.5,25.52,25,25.67,,25.52,,,12256,309466,79,F1,1,,,,,
10-09-2026,10-09-2026,CM,BSE,STK,535730,INE731G01027,KHOOBSURAT,X,,,,,KHOOBSURAT LTD,0.49,0.49,0.48,0.49,0.49,0.49,,0.49,,,253815,122771,199,F1,1,,,,,
10-09-2026,10-09-2026,CM,BSE,STK,535754,INE876N01018,ORIENTCEM,B,,,,,ORIENT CEMENT LTD,126,126.5,125.3,125.95,126.35,126.15,,126.06,,,6111,770112,102,F1,1,,,,,
10-09-2026,10-09-2026,CM,BSE,STK,535755,INE647O01011,ABFRL,A,,,,,Aditya Birla Fashion and Retai,51.4,51.83,50.75,50.92,50.92,51.34,,50.89,,,200596,10285954,2264,F1,1,,,,,
10-09-2026,10-09-2026,CM,BSE,STK,535789,INE148I01020,SAMMAANCAP,A,,,,,Sammaan Capital Limited,151,152.25,147.6,149.75,149.75,150.05,,149.77,,,196298,29465761,3721,F1,1,,,,,
10-09-2026,10-09-2026,CM,BSE,STK,535910,INE340O01021,MMLF,B,,,,,MONEY MASTERS LEASING & FINANC,0.65,0.66,0.65,0.66,0.66,0.7,,0.66,,,89715,59065,20,F1,1,,,,,
10-09-2026,10-09-2026,CM,BSE,STK,535916,INE030P01017,ALSL,B,,,,,ALACRITY SECURITIES LTD,40.98,40.98,38.07,39.11,39.99,40.18,,39.11,,,1547,60573,23,F1,1,,,,,
10-09-2026,10-09-2026,CM,BSE,STK,535958,INE418N01035,ESSENTIA,B,,,,,Integra Essentia Limited,1.08,1.08,1.06,1.07,1.07,1.08,,1.06,,,251730,269096,163,F1,1,,,,,
10-09-2026,10-09-2026,CM,BSE,STK,536073,INE890N01027,JULIEN,X,,,,,JULIEN AGRO INFRATECH LIMITED,1.16,1.2,1.16,1.19,1.19,1.17,,1.19,,,75647,89977,95,F1,1,,,,,
10-09-2026,10-09-2026,CM,BSE,STK,536264,INE906O01029,TIGERLOGS,B,,,,,TIGER LOGISTICS (INDIA) LTD,27.94,28.16,27,28.16,28.16,27.48,,27.73,,,7146,196082,70,F1,1,,,,,
10-09-2026,10-09-2026,CM,BSE,STK,536493,INE690O01011,JKAGRI,X,,,,,JK AGRI GENETICS LTD,290,290,284,285.3,289.6,290.3,,285.3,,,92,26250,9,F1,1,,,,,
10-09-2026,10-09-2026,CM,BSE,STK,536507,INE452O01016,FLFL,Z,,,,,FUTURE LIFESTYLE FASHIONS LTD,1.19,1.2,1.19,1.2,1.2,1.2,,1.15,,,1226,1470,5,F1,1,,,,,
10-09-2026,10-09-2026,CM,BSE,STK,536565,INE314I01036,NOVELIX,XT,,,,,NOVELIX PHARMACEUTICALS LIMITE,78.5,78.5,74.35,75.01,75.01,78.1,,75.01,,,1214,93221,19,F1,1,,,,,
10-09-2026,10-09-2026,CM,BSE,STK,536659,INE428B01021,PVVINFRA,X,,,,,PVV Infra Limited,2.54,2.88,2.51,2.77,2.77,2.54,,2.77,,,1920346,5241762,797,F1,1,,,,,
10-09-2026,10-09-2026,CM,BSE,STK,536672,INE962O01014,VCU,X,,,,,VCU DATA MANAGEMENT LTD,7.25,7.25,6.95,7.15,7.15,7.17,,7.15,,,9412,66805,39,F1,1,,,,,
10-09-2026,10-09-2026,CM,BSE,STK,536709,INE138O01029,INDRENEW,Z,,,,,IND Renewable Energy Ltd,14.46,15,14.35,14.92,15,14.76,,14.92,,,41531,614354,52,F1,1,,,,,
10-09-2026,10-09-2026,CM,BSE,STK,536737,INE218P01018,ACFSL,MT,,,,,AMRAPALI CAPITAL AND FINANCE S,60.2,60.2,60.2,60.2,60.2,57.36,,60.2,,,1200,72240,1,F1,1200,,,,,
10-09-2026,10-09-2026,CM,BSE,STK,536738,INE325P01011,STELLAR,M,,,,,STELLAR CAPITAL SERVICES LTD,4.85,5.25,4.85,5.24,5.24,6,,5.24,,,24000,123480,3,F1,6000,,,,,
10-09-2026,10-09-2026,CM,BSE,STK,536773,INE147P01019,JPOLYINVST,B,,,,,JINDAL POLY INVESTMENT AND FIN,996.85,998.85,972.6,998.5,998.5,993.75,,996.7,,,102,100899,30,F1,1,,,,,
10-09-2026,10-09-2026,CM,BSE,STK,536846,INE156M01017,YURANUS,X,,,,,YURANUS INFRASTRUCTURE LTD,69.14,69.14,69.14,69.14,69.14,65.85,,69.14,,,1,69,1,F1,1,,,,,
10-09-2026,10-09-2026,CM,BSE,STK,536960,INF247L01023,MOM100,B,,,,,MOTILAL OSWAL MUTUAL FUND - MO,67.13,67.74,67.13,67.42,67.6,67.59,,67.31,,,15050,1015512,225,F1,1,,,,,
10-09-2026,10-09-2026,CM,BSE,STK,536974,INE536P01021,CPL,B,,,,,CAPTAIN POLYPLAST LTD,69.08,69.08,65.75,65.87,65.87,67.73,,66.33,,,2933,194388,46,F1,1,,,,,
10-09-2026,10-09-2026,CM,BSE,STK,537007,INF109K012R6,NIFTYIETF,B,,,,,ICICI Prudential Nifty ETF,265.25,267.33,265.25,265.86,266.19,266.76,,265.84,,,16368,4356908,997,F1,1,,,,,
10-09-2026,10-09-2026,CM,BSE,STK,537008,INF109KC16V9,NIF100IETF,B,,,,,ICICI Prudential Nifty 100 ETF,27.54,27.71,27.32,27.39,27.34,27.6,,27.48,,,3605,98978,68,F1,1,,,,,
10-09-2026,10-09-2026,CM,BSE,STK,537069,INE185K01036,ARNOLD,X,,,,,ARNOLD HOLDINGS LTD,19.05,22.46,18.01,22.46,22.46,18.72,,22.46,,,428039,9230657,800,F1,1,,,,,
10-09-2026,10-09-2026,CM,BSE,STK,537253,INE671C01016,SUNLOC,B,,,,,SUNIL HEALTHCARE LTD,78,78,75.3,75.3,75.3,76,,75.4,,,13,989,2,F1,1,,,,,
10-09-2026,10-09-2026,CM,BSE,STK,537254,INE140B01048,JTLDEFENCE,XT,,,,,JTL DEFENCE LIMITED,906.1,906.1,870.6,905.9,906.1,888.35,,905.9,,,21252,19002501,877,F1,1,,,,,
10-09-2026,10-09-2026,CM,BSE,STK,537259,INE442P01014,SUYOG,B,,,,,SUYOG TELEMATICS LTD,694.9,696.7,662.95,670.1,676,690.55,,669.4,,,2715,1862580,166,F1,1,,,,,
10-09-2026,10-09-2026,CM,BSE,STK,537291,INE448G01010,NATHBIOGEN,B,,,,,NATH BIO-GENES (INDIA) LTD,152,152,149.65,149.65,149.65,150.1,,152.51,,,290,43622,5,F1,1,,,,,
10-09-2026,10-09-2026,CM,BSE,STK,537292,INE449G01018,AGRITECH,B,,,,,AGRI- TECH (INDIA) LTD,97,98.6,97,98.6,98.6,99,,99.03,,,61,5980,5,F1,1,,,,,
10-09-2026,10-09-2026,CM,BSE,STK,537326,INE212P01011,CHEMTECH,X,,,,,CHEMTECH INDUSTRIAL VALVES LTD,68.7,69.9,62,63.86,63.86,65.8,,63.86,,,25682,1686311,171,F1,1,,,,,
10-09-2026,10-09-2026,CM,BSE,STK,537392,INE392H01026,KETOMOTORS,XT,,,,,Keto Motors Limited,283.95,290.65,270,280.95,285,276.85,,280.95,,,5698,1604796,137,F1,1,,,,,
10-09-2026,10-09-2026,CM,BSE,STK,537483,INF204K014N5,NIF100BEES,B,,,,,NIPPON INDIA ETF NIFTY 100,263.12,263.12,260.64,261.41,260.89,262.51,,261.08,,,1149,300789,301,F1,1,,,,,
10-09-2026,10-09-2026,CM,BSE,STK,537536,INE051G01012,DENISCHEM,X,,,,,DENIS CHEM LAB LTD,72,72,71.12,71.8,71.8,71.15,,71.8,,,81243,5826982,163,F1,1,,,,,
10-09-2026,10-09-2026,CM,BSE,STK,537707,INE546I01025,LADDU,X,,,,,LADDU GOPAL ONLINE SERVICES LI,0.47,0.47,0.45,0.46,0.46,0.45,,0.46,,,1181324,548874,150,F1,1,,,,,
10-09-2026,10-09-2026,CM,BSE,STK,537708,INF174K014P6,NIFTY1,B,,,,,KOTAK MAHINDRA MUTUAL FUND - K,261.15,261.26,260.16,260.33,260.3,261.24,,260.24,,,4192,1092129,140,F1,1,,,,,
10-09-2026,10-09-2026,CM,BSE,STK,537709,INE101H01013,HANSUGAR,XT,,,,,SHREE HANUMAN SUGAR & INDUSTRI,3.95,4.13,3.95,3.95,4.08,4.13,,3.95,,,17732,70347,42,F1,1,,,,,
10-09-2026,10-09-2026,CM,BSE,STK,537750,INE555P01013,KIRANVYPAR,B,,,,,KIRAN VYAPAR LTD,209.9,227,207.15,208,208,205.9,,206.99,,,4415,929626,76,F1,1,,,,,
10-09-2026,10-09-2026,CM,BSE,STK,537766,INE905P01028,BCP,X,,,,,B.C. POWER CONTROLS LTD,1.66,1.74,1.66,1.73,1.74,1.68,,1.73,,,136872,236069,150,F1,1,,,,,
10-09-2026,10-09-2026,CM,BSE,STK,537785,INE084Q01012,RACE,B,,,,,RACE ECO CHAIN LIMITED,92,98,92,96.41,98,97,,96.42,,,391,37720,50,F1,1,,,,,
10-09-2026,10-09-2026,CM,BSE,STK,537800,INE717C01025,MANGIND,X,,,,,MANGALAM INDUSTRIAL FINANCE LT,0.56,0.57,0.56,0.57,0.57,0.56,,0.57,,,1268496,717383,510,F1,1,,,,,
10-09-2026,10-09-2026,CM,BSE,STK,537820,INE159N01027,VIJIFIN,T,,,,,VIJI FINANCE LTD,16.04,16.04,16.04,16.04,16.04,16.36,,16.04,,,588731,9443245,72,F1,1,,,,,
10-09-2026,10-09-2026,CM,BSE,STK,537839,INE977M01024,HBGHOTELS,X,,,,,HBG HOTELS LIMITED,71,71,62.01,65.46,65.46,68.2,,65.46,,,20698,1395367,116,F1,1,,,,,
10-09-2026,10-09-2026,CM,BSE,STK,537985,INE463B01036,INFRONICS,X,,,,,INFRONICS SYSTEMS LTD,20.8,20.8,19.02,19.16,19.97,19.84,,19.16,,,465,9380,11,F1,1,,,,,
10-09-2026,10-09-2026,CM,BSE,STK,538057,INF457M01133,CPSEETF,B,,,,,CPSE ETF,94.11,95.63,94.11,94.8,95.15,94.74,,94.78,,,27392,2601877,628,F1,1,,,,,
10-09-2026,10-09-2026,CM,BSE,STK,538081,INE493N01012,HARIAAPL,X,,,,,HARIA APPARELS LTD,4.8,5,4.8,5,5,4.8,,5,,,480,2344,12,F1,1,,,,,
10-09-2026,10-09-2026,CM,BSE,STK,538092,INE574G01013,VASUPRADA,B,,,,,SHRI VASUPRADA PLANTATIONS LIM,106.09,106.09,106.09,106.09,106.09,105.04,,104.55,,,123,13049,1,F1,1,,,,,
10-09-2026,10-09-2026,CM,BSE,STK,538119,INE012Q01039,RNBDENIMS,T,,,,,R&B DENIMS LTD,9.69,9.92,9.3,9.7,9.7,9.7,,9.77,,,45945,440873,116,F1,1,,,,,
10-09-2026,10-09-2026,CM,BSE,STK,538212,INE909D01026,SHARPINV,XT,,,,,SHARP INVESTMENTS LTD,0.38,0.38,0.38,0.38,0.38,0.4,,0.38,,,10938,4156,18,F1,1,,,,,
10-09-2026,10-09-2026,CM,BSE,STK,538268,INE066O01014,WONDERLA,B,,,,,WONDERLA HOLIDAYS LTD,519.75,521.15,517.35,519,521.15,516.7,,519.04,,,829,430398,125,F1,1,,,,,
10-09-2026,10-09-2026,CM,BSE,STK,538273,INE401B01010,RESPONSINF,X,,,,,RESPONSE INFORMATICS LTD,21.56,21.94,20.62,20.9,21.94,21.56,,20.9,,,1154,24575,20,F1,1,,,,,
10-09-2026,10-09-2026,CM,BSE,STK,538351,INE663P01015,AFEL,Z,,,,,A.F. ENTERPRISES LTD,1.74,1.76,1.7,1.73,1.73,1.73,,1.73,,,8745,15065,20,F1,1,,,,,
10-09-2026,10-09-2026,CM,BSE,STK,538365,INE452L01012,INCREDIBLE,B,,,,,INCREDIBLE INDUSTRIES LIMITED,31.03,32.91,31,31.1,31.05,32.68,,31,,,3368,105454,42,F1,1,,,,,
10-09-2026,10-09-2026,CM,BSE,STK,538401,INE318N01011,METSL,X,,,,,MAESTROS ELECTRONICS & TELECOM,165.3,165.3,160.1,163.6,164.6,164.6,,163.6,,,7951,1295521,78,F1,1,,,,,
10-09-2026,10-09-2026,CM,BSE,STK,538422,INE508N01025,JACKSON,X,,,,,JACKSON INVESTMENTS LTD,0.38,0.38,0.36,0.38,0.37,0.38,,0.38,,,133142,49958,160,F1,1,,,,,
10-09-2026,10-09-2026,CM,BSE,STK,538446,INE296Q01012,MONEYBOXX,B,,,,,MONEYBOXX FINANCE LIMITED,40.85,40.85,36.48,37.17,37,45.6,,37.15,,,145293,5518633,1036,F1,1,,,,,
10-09-2026,10-09-2026,CM,BSE,STK,538451,INE114O01020,WORTH,X,,,,,WORTH INVESTMENT & TRADING CO,3.7,3.74,3.62,3.69,3.69,3.75,,3.69,,,3851235,14229330,334,F1,1,,,,,
10-09-2026,10-09-2026,CM,BSE,STK,538464,INE901C01017,TPROJECT,X,,,,,THIRANI PROJECTS LTD,3.25,3.7,3.25,3.69,3.69,3.7,,3.69,,,1262,4388,7,F1,1,,,,,
10-09-2026,10-09-2026,CM,BSE,STK,538476,INE172D01021,CTL,XT,,,,,CAPITAL TRADE LINKS LTD,30.5,30.5,28.13,29.65,29,29.6,,29.65,,,45415,1330729,167,F1,1,,,,,
10-09-2026,10-09-2026,CM,BSE,STK,538520,INE857P01021,SBL,X,,,,,SHIVAMSHREE BUSINESSES LIMITED,2.18,2.18,2,2.13,2.15,2.08,,2.13,,,296630,645646,58,F1,1,,,,,
10-09-2026,10-09-2026,CM,BSE,STK,538521,INE969E01010,YAANENT,X,,,,,YAAN ENTERPRISES LIMITED,124.9,124.9,123.95,123.95,123.95,119.9,,123.95,,,217,27098,7,F1,1,,,,,
10-09-2026,10-09-2026,CM,BSE,STK,538539,INE075K01013,ANVRDHI,X,,,,,ANNVRRIDHHI VENTURES LIMITED,8.66,9.14,8.66,9.05,9.09,8.91,,9.05,,,3060,27545,48,F1,1,,,,,
10-09-2026,10-09-2026,CM,BSE,STK,538540,INE516P01015,RAAMA,XT,,,,,RAAMA FINANCE LIMITED,17.5,17.7,16.31,16.51,17.1,17.16,,16.51,,,37184,633077,117,F1,1,,,,,
10-09-2026,10-09-2026,CM,BSE,STK,538542,INE634J01027,GOLDCOINHF,X,,,,,GOLD COIN HEALTH FOODS LTD,31.76,32.99,29.6,29.6,29.6,31.91,,29.6,,,5333,169762,45,F1,1,,,,,
10-09-2026,10-09-2026,CM,BSE,STK,538546,INE319Q01012,BRPL,B,,,,,BANSAL ROOFING PRODUCTS LTD,150.05,162.45,143.8,151.4,152.5,145.65,,151.4,,,10445,1553067,345,F1,1,,,,,
10-09-2026,10-09-2026,CM,BSE,STK,538556,INE510P01018,ARMAN,X,,,,,ARMAN HOLDINGS LTD,118.9,119.7,114.75,117.05,117.3,116.9,,117.05,,,22087,2584840,107,F1,1,,,,,
10-09-2026,10-09-2026,CM,BSE,STK,538562,INE439E01022,SKIPPER,B,,,,,SKIPPER LTD,591.1,595,574.7,582.4,582.4,594.45,,582.98,,,68626,40060867,1815,F1,1,,,,,
10-09-2026,10-09-2026,CM,BSE,STK,538563,INE673E01018,SMTEL,X,,,,,SMT ENGINEERING LIMITED,333,333,329,331.35,331.35,333,,331.35,,,61,20190,6,F1,1,,,,,
10-09-2026,10-09-2026,CM,BSE,STK,538564,INE718P01017,JAMESWARREN,X,,,,,JAMES WARREN TEA LTD,251.05,268.9,250,251.65,251.35,251.1,,251.65,,,3609,908581,29,F1,1,,,,,
10-09-2026,10-09-2026,CM,BSE,STK,538565,INE878P01019,VISTARAMAR,X,,,,,Vistar Amar Limited,212.95,212.95,202.4,205.9,208,206,,205.9,,,1947,408712,41,F1,1,,,,,
10-09-2026,10-09-2026,CM,BSE,STK,538567,INE635Q01029,GULFOILLUB,B,,,,,GULF OIL LUBRICANTS INDIA LTD,1080.45,1081.55,1064.9,1071.1,1081.55,1080.45,,1072.94,,,3534,3783730,299,F1,1,,,,,
10-09-2026,10-09-2026,CM,BSE,STK,538568,INE836C01015,FRUTION,XT,,,,,FRUITION VENTURE LTD,36.62,36.62,33.25,33.26,33.26,34.88,,33.26,,,11,382,5,F1,1,,,,,
10-09-2026,10-09-2026,CM,BSE,STK,538569,INE916P01025,TRIVENIENT,X,,,,,TRIVENI ENTERPRISES LTD,0.94,1,0.94,0.94,0.94,0.93,,0.94,,,21645,20747,32,F1,1,,,,,
10-09-2026,10-09-2026,CM,BSE,STK,538576,INE336Q01016,BHANDERI,MT,,,,,BHANDERI INFRACON LTD,125,125,125,125,125,127,,125,,,9600,1200000,3,F1,1200,,,,,
10-09-2026,10-09-2026,CM,BSE,STK,538596,INE222B01028,CEMAINFRA,X,,,,,CEMANTIC INFRA-TECH LIMITED,4.91,4.91,4.91,4.91,4.91,4.93,,4.91,,,1,4,1,F1,1,,,,,
10-09-2026,10-09-2026,CM,BSE,STK,538597,INE404F01031,TTIENT,X,,,,,TTI ENTERPRISE LTD,7.05,7.49,7.05,7.49,7.49,7.19,,7.49,,,12675,91485,22,F1,1,,,,,
10-09-2026,10-09-2026,CM,BSE,STK,538598,INE755Q01025,VISHAL,B,,,,,VISHAL FABRICS LTD,18.38,18.66,17.62,18.27,18.14,18.29,,18.17,,,19296,349625,209,F1,1,,,,,
10-09-2026,10-09-2026,CM,BSE,STK,538607,INE457P01020,TOYAMSL,B,,,,,TOYAM SPORTS LIMITED,0.68,0.69,0.64,0.64,0.64,0.66,,0.64,,,347389,230801,128,F1,1,,,,,
10-09-2026,10-09-2026,CM,BSE,STK,538609,INE868G01019,GAJANANSEC,X,,,,,GAJANAN SECURITIES SERVICES LT,53.8,53.8,51.5,53.59,53.59,53.8,,53.59,,,236,12198,12,F1,1,,,,,
10-09-2026,10-09-2026,CM,BSE,STK,538610,INE099D01026,UNISON,XT,,,,,UNISON METALS LTD,1.01,1.01,0.93,0.98,0.99,0.97,,0.98,,,2444338,2447744,651,F1,1,,,,,
10-09-2026,10-09-2026,CM,BSE,STK,538611,INE840I01014,RTFL,Z,,,,,Real Touch Finance Limited,41.4,41.4,41.4,41.4,41.4,39.43,,41.4,,,284,11757,4,F1,1,,,,,
10-09-2026,10-09-2026,CM,BSE,STK,538634,INE406F01010,VRL,XT,,,,,VASUNDHARA RASAYANS LTD,149.25,152.95,145,145.2,148.9,148,,145.2,,,228,33682,22,F1,1,,,,,
10-09-2026,10-09-2026,CM,BSE,STK,538635,INE734N01019,SNOWMAN,B,,,,,SNOWMAN LOGISTICS LTD,36.85,36.85,36.01,36.19,36.05,36.82,,36.16,,,3867,140134,87,F1,1,,,,,
10-09-2026,10-09-2026,CM,BSE,STK,538646,INE837C01013,QGO,X,,,,,QGO FINANCE LIMITED,39.89,39.89,39.82,39.82,39.84,39.36,,39.82,,,168,6697,6,F1,1,,,,,
10-09-2026,10-09-2026,CM,BSE,STK,538666,INE221J01015,SHARDACROP,A,,,,,Sharda Cropchem Limited,786.75,786.75,776.4,780.95,783.1,783.1,,781.34,,,2661,2079877,252,F1,1,,,,,
10-09-2026,10-09-2026,CM,BSE,STK,538668,INE898Q01015,MIIL,B,,,,,Meghna Infracon Infrastructure,699,717.45,677.2,690.55,698,688.85,,687.29,,,27948,19100096,422,F1,1,,,,,
10-09-2026,10-09-2026,CM,BSE,STK,538674,INE158C01014,CITYONLINE,Z,,,,,City Online Services Limited,7.17,7.17,7.17,7.17,7.17,7.15,,7.17,,,288,2064,2,F1,1,,,,,
10-09-2026,10-09-2026,CM,BSE,STK,538683,INF204KA1UN7,SENSEXBEES,B,,,,,NIPPON INDIA ETF SENSEX,863,865.6,856.98,859.96,862.19,859.92,,859.96,,,236033,203075087,292,F1,1,,,,,
10-09-2026,10-09-2026,CM,BSE,STK,538685,INE363M01019,SHEMAROO,T,,,,,SHEMAROO ENTERTAINMENT LIMITED,122.8,122.8,120.3,120.35,120.3,124.5,,120.91,,,540,65462,3,F1,1,,,,,
10-09-2026,10-09-2026,CM,BSE,STK,538706,INE010R01023,ULTRACAB,X,,,,,Ultracab (India) Limited,9.15,9.35,8.81,8.91,8.91,9.19,,8.91,,,458167,4153356,917,F1,1,,,,,
10-09-2026,10-09-2026,CM,BSE,STK,538707,INE929D01016,RCCL,X,,,,,Rajasthan Cylinders & Containe,27.51,30.49,27.51,29.89,29.89,28.84,,29.89,,,223,6412,6,F1,1,,,,,
10-09-2026,10-09-2026,CM,BSE,STK,538708,INE937K01014,ETIL,X,,,,,Econo Trade (India) Limited,6.43,6.97,6.25,6.58,6.58,6.43,,6.58,,,1749,11593,26,F1,1,,,,,
10-09-2026,10-09-2026,CM,BSE,STK,538713,INE011R01013,ATISHAY,X,,,,,Atishay Limited,150.35,152,146.05,147.2,147,150.35,,147.2,,,2081,306576,42,F1,1,,,,,
10-09-2026,10-09-2026,CM,BSE,STK,538714,INE475D01010,SANGAMFIN,X,,,,,Sangam Finserv Limited,36,38.48,36,36.95,36.7,35.9,,36.95,,,117,4408,10,F1,1,,,,,
10-09-2026,10-09-2026,CM,BSE,STK,538715,INE260R01016,DHABRIYA,T,,,,,Dhabriya Polywood Limited,525,525,510.1,521,521,508,,512.68,,,510,263395,27,F1,1,,,,,
10-09-2026,10-09-2026,CM,BSE,STK,538716,INE229R01011,ARYACAPM,B,,,,,Aryaman Capital Markets Limite,415,417,407,417,417,419.95,,417,,,166,67906,8,F1,1,,,,,
10-09-2026,10-09-2026,CM,BSE,STK,538730,INE111Q01021,PDSL,B,,,,,PDS LIMITED,342.9,350,342.9,348.9,348,345.75,,348.21,,,12249,4274118,542,F1,1,,,,,
10-09-2026,10-09-2026,CM,BSE,STK,538732,INE761Q01015,VGCL,B,,,,,Vibrant Global Capital Limited,50.45,50.45,50.45,50.45,50.45,48.08,,49.42,,,1,50,1,F1,1,,,,,
10-09-2026,10-09-2026,CM,BSE,STK,538734,INE016Q01014,CEINSYS,B,,,,,CEINSYS TECH LIMITED,690,714.9,680.55,686.2,683.25,688.3,,685.25,,,8371,5752664,486,F1,1,,,,,
10-09-2026,10-09-2026,CM,BSE,STK,538742,INE516E01019,PANABYTE,X,,,,,PANABYTE TECHNOLOGIES LIMITED,17.88,17.89,17.16,17.89,17.89,17.04,,17.89,,,21850,390084,52,F1,1,,,,,
10-09-2026,10-09-2026,CM,BSE,STK,538770,INE176L01017,CRANEINFRA,X,,,,,Crane Infrastructure Limited,11.41,11.41,10.6,11.39,11.39,11.08,,11.39,,,1051,11709,16,F1,1,,,,,
10-09-2026,10-09-2026,CM,BSE,STK,538772,INE480D01010,NIYOGIN,X,,,,,Niyogin Fintech Limited,58.99,58.99,54.56,56.63,56.45,54.34,,56.63,,,41899,2345310,192,F1,1,,,,,
10-09-2026,10-09-2026,CM,BSE,STK,538777,INE131Q01011,ASIACAP,XT,,,,,ASIA CAPITAL LIMITED,123,123,120.6,121,121,120.6,,121,,,88,10619,8,F1,1,,,,,
10-09-2026,10-09-2026,CM,BSE,STK,538778,INE149Q01021,KALYANCAP,X,,,,,Kalyan Capitals Limited,6.87,6.95,6.57,6.9,6.9,6.74,,6.9,,,10815,73678,49,F1,1,,,,,
10-09-2026,10-09-2026,CM,BSE,STK,538786,INE473L01018,CITIZEN,X,,,,,Citizen Solar Limited,202,202,198.55,198.55,198.55,209,,198.55,,,399,79276,24,F1,1,,,,,
10-09-2026,10-09-2026,CM,BSE,STK,538787,INE997C01015,GBFL,X,,,,,Goenka Business & Finance Limi,9.88,9.88,9.1,9.54,9.54,9.54,,9.54,,,5167,48131,50,F1,1,,,,,
10-09-2026,10-09-2026,CM,BSE,STK,538788,INE918C01029,GILADAFINS,X,,,,,Gilada Finance & Investments L,12.39,12.74,12.1,12.13,12.4,12.39,,12.13,,,1804,22178,21,F1,1,,,,,
10-09-2026,10-09-2026,CM,BSE,STK,538795,INE185C01017,SAPPL,B,,,,,Shree Ajit Pulp And Paper Ltd.,291,291,280,282.4,290,292.9,,284.41,,,1506,433882,29,F1,1,,,,,
10-09-2026,10-09-2026,CM,BSE,STK,538812,INE322R01022,AANCHALISP,XT,,,,,Aanchal Ispat Limited,65,65.98,63,64.09,64.05,64,,64.09,,,974,62689,23,F1,1,,,,,
10-09-2026,10-09-2026,CM,BSE,STK,538817,INE513R01026,CAPPIPES,B,,,,,Captain Pipes Limited,8.46,9.85,8.21,8.57,8.5,8.38,,8.57,,,54480,466684,267,F1,1,,,,,
10-09-2026,10-09-2026,CM,BSE,STK,538833,INE891N01017,KAIZENAGRO,XT,,,,,KAIZEN AGRO INFRABUILD LIMITED,10.52,10.54,10.52,10.52,10.52,10.73,,10.52,,,5107,53802,10,F1,1,,,,,
10-09-2026,10-09-2026,CM,BSE,STK,538834,INE242Q01016,JMJFIN,X,,,,,JMJ Fintech Limited,9.92,9.98,9.32,9.52,9.52,9.82,,9.52,,,44469,431302,162,F1,1,,,,,
10-09-2026,10-09-2026,CM,BSE,STK,538835,INE306R01017,INTELLECT,A,,,,,INTELLECT DESIGN ARENA LIMITED,686,693.5,681.4,685.3,685.45,683.7,,685.05,,,7364,5051447,380,F1,1,,,,,
10-09-2026,10-09-2026,CM,BSE,STK,538836,INE950M01013,MONTECARLO,B,,,,,Monte Carlo Fashions Limited,555,560.45,553.05,556.3,557.45,554.7,,556.05,,,1685,937105,65,F1,1,,,,,
10-09-2026,10-09-2026,CM,BSE,STK,538837,INE237B01018,JSTL,X,,,,,Jeevan Scientific Technology L,84.5,85,80.5,81.48,81.4,81.98,,81.48,,,28097,2317464,199,F1,1,,,,,
10-09-2026,10-09-2026,CM,BSE,STK,538838,INE407P01017,ICL,X,,,,,Indo Cotspin Limited,31.45,31.6,31.45,31.6,31.6,33,,31.6,,,612,19262,14,F1,1,,,,,
10-09-2026,10-09-2026,CM,BSE,STK,538860,INE655P01029,PANAFIC,XT,,,,,PANAFIC INDUSTRIALS LTD,2.5,2.5,2.45,2.45,2.45,2.5,,2.45,,,1293445,3174966,147,F1,1,,,,,
10-09-2026,10-09-2026,CM,BSE,STK,538862,INE232L01018,MYMONEY,X,,,,,My Money Securities Ltd.,38.27,38.27,35,35.08,37.84,38.35,,35.08,,,104,3651,6,F1,1,,,,,
10-09-2026,10-09-2026,CM,BSE,STK,538868,INE183Q01020,CSL,XT,,,,,Continental Securities Limited,23.62,23.62,23.61,23.62,23.62,22.5,,23.62,,,789682,18650556,792,F1,1,,,,,
10-09-2026,10-09-2026,CM,BSE,STK,538874,INE370Q01015,NEXUSSURGL,X,,,,,NEXUS SURGICAL AND MEDICARE LI,31.5,35.22,31.5,35.22,35.22,32.02,,35.22,,,23587,822899,159,F1,1,,,,,
10-09-2026,10-09-2026,CM,BSE,STK,538881,INE243E01010,GALADAFIN,X,,,,,Galada Finance Limited,33.45,33.45,31.86,31.86,31.86,31.86,,31.86,,,35,1138,5,F1,1,,,,,
10-09-2026,10-09-2026,CM,BSE,STK,538882,INE030Q01015,EMERALD,X,,,,,Emerald Finance Limited,66.03,70.95,66.01,67.08,66.01,67.08,,67.08,,,151079,10436814,757,F1,1,,,,,
10-09-2026,10-09-2026,CM,BSE,STK,538890,INE227F01010,MKEXIM,B,,,,,M. K. Exim (India) Ltd.,63.29,67.7,63.29,66.27,67.7,65.81,,66.13,,,16947,1120767,118,F1,1,,,,,
10-09-2026,10-09-2026,CM,BSE,STK,538891,INE613C01026,MCLOUD,B,,,,,MAGELLANIC CLOUD LIMITED,25.94,26.1,25.81,26.06,26.1,25.93,,25.99,,,101942,2648684,198,F1,1,,,,,
10-09-2026,10-09-2026,CM,BSE,STK,538894,INE513C01010,OCTAL,X,,,,,Octal Credit Capital Ltd.,18.01,18.01,18,18,18,18.85,,18,,,153,2754,3,F1,1,,,,,
10-09-2026,10-09-2026,CM,BSE,STK,538895,INE779Q01017,MIHIKA,X,,,,,Mihika Industries Ltd.,10.9,12.75,10.47,12.74,12.74,10.66,,12.74,,,437676,5541496,92,F1,1,,,,,
10-09-2026,10-09-2026,CM,BSE,STK,538896,INE081G01019,KANCHI,B,,,,,Kanchi Karpooram Ltd.,396,404,387,396.35,392,390.2,,401.09,,,388,154528,62,F1,1,,,,,
10-09-2026,10-09-2026,CM,BSE,STK,538897,INE201F01015,SHRINIWAS,XT,,,,,Shri Niwas Leasing and Finance,14.6,14.6,14.16,14.55,14.55,14.9,,14.55,,,2754,39042,16,F1,1,,,,,
10-09-2026,10-09-2026,CM,BSE,STK,538902,INE341R01014,DTIL,T,,,,,Dhunseri Tea & Industries Ltd,142.1,142.1,141.3,141.3,141.3,142.1,,144.2,,,27,3822,4,F1,1,,,,,
10-09-2026,10-09-2026,CM,BSE,STK,538918,INE661Q01017,VANICOM,X,,,,,Vani Commercials Limited,8.8,8.8,8.26,8.68,8.68,8.5,,8.68,,,1234,10289,12,F1,1,,,,,
10-09-2026,10-09-2026,CM,BSE,STK,538920,INE498Q01014,VINCOFE,B,,,,,VINTAGE COFFEE AND BEVERAGES L,179.2,182.95,176.3,177,176.75,178,,176.93,,,110012,19741262,1626,F1,1,,,,,
10-09-2026,10-09-2026,CM,BSE,STK,538922,INE029B01019,COSYN,X,,,,,COSYN Limited,23.88,23.88,22.57,23.7,23.69,24,,23.7,,,2202,50726,12,F1,1,,,,,
10-09-2026,10-09-2026,CM,BSE,STK,538923,INE499Q01012,SOFCOM,XT,,,,,SOFCOM SYSTEMS LIMITED,18.39,18.59,17.36,17.99,18,17.95,,17.99,,,44239,796682,46,F1,1,,,,,
10-09-2026,10-09-2026,CM,BSE,STK,538926,INE223R01014,NAPL,X,,,,,Naturite Agro Products Limited,194.9,194.9,187.1,190.25,191.95,190.15,,190.25,,,1398,265965,32,F1,1,,,,,
10-09-2026,10-09-2026,CM,BSE,STK,538928,INE554R01020,KARNAVATI,X,,,,,Karnavati Finance Limited,1.3,1.35,1.13,1.35,1.35,1.3,,1.35,,,60584,73641,81,F1,1,,,,,
10-09-2026,10-09-2026,CM,BSE,STK,538935,INE723C01015,ABHIFIN,X,,,,,Abhishek Finlease limited,66.65,66.65,66.65,66.65,66.65,63.5,,66.65,,,11,733,3,F1,1,,,,,
10-09-2026,10-09-2026,CM,BSE,STK,538942,INE689O01013,MERCANTILE,B,,,,,Mercantile Ventures Limited,24.88,24.99,23.6,24.31,24.99,24.11,,24.14,,,385,9299,27,F1,1,,,,,
10-09-2026,10-09-2026,CM,BSE,STK,538952,INE211D01027,ALFL,X,,,,,Abhinav Leasing & Finance Limi,1,1.08,1,1.06,1.06,1,,1.06,,,723,735,16,F1,1,,,,,
10-09-2026,10-09-2026,CM,BSE,STK,538961,INE949P01018,GENUSPAPER,B,,,,,GENUS PAPER & BOARDS LIMITED,12.89,13,11.86,12.06,12.2,12.24,,12.09,,,30476,373787,227,F1,1,,,,,
10-09-2026,10-09-2026,CM,BSE,STK,538962,INE842C01021,MINDACORP,A,,,,,Minda Corporation Limited,704.1,709.95,697.25,703.05,701.05,700.85,,703.1,,,11523,8107051,1083,F1,1,,,,,
10-09-2026,10-09-2026,CM,BSE,STK,538964,INE947G01011,MERCURYLAB,X,,,,,Mercury Laboratories Limited,760,799.8,760,798.9,799.8,760.95,,798.9,,,25,19933,6,F1,1,,,,,
10-09-2026,10-09-2026,CM,BSE,STK,538965,INE858L01010,CONCORD,X,,,,,Concord Drugs Limited,82.2,82.2,78.13,80.9,80.9,79.68,,80.9,,,3474,278435,25,F1,1,,,,,
10-09-2026,10-09-2026,CM,BSE,STK,538970,INE945P01024,WARDINMOBI,B,,,,,WARDWIZARD INNOVATIONS AND MOB,5.78,5.89,5.72,5.75,5.8,5.74,,5.77,,,146467,846842,312,F1,1,,,,,
10-09-2026,10-09-2026,CM,BSE,STK,538975,INE397C01026,SHREESEC,Z,,,,,Shree Securities Ltd.,0.19,0.2,0.19,0.19,0.19,0.19,,0.19,,,1796486,348702,184,F1,1,,,,,
10-09-2026,10-09-2026,CM,BSE,STK,538979,INE544R01021,GREENLAM,B,,,,,Greenlam Industries Ltd,234.5,237.95,234.5,237.25,236,236.85,,236.4,,,1154,272865,67,F1,1,,,,,
10-09-2026,10-09-2026,CM,BSE,STK,538987,INE717E01013,TALBROSENG,X,,,,,TALBROS ENGINEERING LIMITED,639.3,639.3,621.05,624.75,624.75,639.3,,624.75,,,1534,960366,77,F1,1,,,,,
10-09-2026,10-09-2026,CM,BSE,STK,538992,INE002E01010,SAPL,XT,,,,,Sar  Auto Products Limited,5186.35,5186.35,5186.35,5186.35,5186.35,4939.4,,5186.35,,,5,25931,4,F1,1,,,,,
10-09-2026,10-09-2026,CM,BSE,STK,539006,INE596F01018,PTCIL,A,,,,,PTC Industries Ltd.,22653.5,22810,22266.25,22317.95,22317.95,22815.75,,22380.13,,,1833,41145149,641,F1,1,,,,,
10-09-2026,10-09-2026,CM,BSE,STK,539011,INE777O01016,CHENFERRO,X,,,,,CHENNAI FERROUS INDUSTRIES LIM,75,88.66,74.9,79.02,82,73.89,,79.02,,,5732,463864,111,F1,1,,,,,
10-09-2026,10-09-2026,CM,BSE,STK,539012,INE756R01013,MEGRISOFT,X,,,,,Megri Soft Limited,72,84,72,79.8,79.8,76.89,,79.8,,,172,12910,21,F1,1,,,,,
10-09-2026,10-09-2026,CM,BSE,STK,539013,INE776O01018,GITARENEW,X,,,,,GITA RENEWABLE ENERGY LIMITED,70.3,75,70,70.4,70,70.01,,70.4,,,1019,72271,27,F1,1,,,,,
10-09-2026,10-09-2026,CM,BSE,STK,539014,INE059Q01014,KALPACOMME,X,,,,,Kalpa Commercial Limited,7.75,7.75,7.65,7.65,7.65,8,,7.65,,,828,6401,12,F1,1,,,,,
10-09-2026,10-09-2026,CM,BSE,STK,539016,INE396C01010,NEIL,X,,,,,Neil Industries Ltd.,6.02,6.47,6.02,6.26,6.47,6.01,,6.26,,,6693,41233,34,F1,1,,,,,
10-09-2026,10-09-2026,CM,BSE,STK,539017,INE526R01028,STARHFL,X,,,,,STAR HOUSING FINANCE LIMITED,5.08,5.28,5,5,5,5.18,,5,,,71086,362068,90,F1,1,,,,,
10-09-2026,10-09-2026,CM,BSE,STK,539018,INE213D01015,BEEKAY,B,,,,,Beekay Steel Industries Ltd.,427,439,427,429.3,427.05,427,,431.23,,,2302,984304,28,F1,1,,,,,
10-09-2026,10-09-2026,CM,BSE,STK,539031,INF200KA1572,SETFBSE100,B,,,,,SBI Mutual Fund,280.15,280.32,278.88,279.4,279.4,280.86,,279.4,,,161,45043,26,F1,1,,,,,
10-09-2026,10-09-2026,CM,BSE,STK,539032,INE184Q01010,FRASER,X,,,,,Fraser And Company Limited,8.05,8.6,8.05,8.36,8.53,8.41,,8.36,,,2577,21221,25,F1,1,,,,,
10-09-2026,10-09-2026,CM,BSE,STK,539040,INE812Q01016,TIRUPATIIN,X,,,,,TIRUPATI INNOVAR LIMITED,6.18,6.38,6.13,6.23,6.23,6.28,,6.23,,,38024,236250,170,F1,1,,,,,
10-09-2026,10-09-2026,CM,BSE,STK,539041,INE369Q01017,GANVERSE,MT,,,,,GANESHA ECOVERSE LIMITED,23.51,23.6,23.51,23.6,23.6,24.65,,23.6,,,11250,264712,7,F1,1250,,,,,
10-09-2026,10-09-2026,CM,BSE,STK,539042,INE976R01033,AGIIL,B,,,,,AGI Infra Limited,288.95,292,275.8,277.45,277.45,283.55,,276.72,,,69572,19850353,1113,F1,1,,,,,
10-09-2026,10-09-2026,CM,BSE,STK,539044,INE824Q01011,MANAKSTEEL,T,,,,,Manaksia Steels Limited,116.45,116.45,111,116.26,116.45,110.91,,115.98,,,43818,5098365,211,F1,1,,,,,
10-09-2026,10-09-2026,CM,BSE,STK,539045,INE859Q01017,MANAKALUCO,B,,,,,Manaksia Aluminium Company Ltd,39,39.85,37.87,38.04,37.91,38.92,,37.7,,,2512,97138,74,F1,1,,,,,
10-09-2026,10-09-2026,CM,BSE,STK,539046,INE830Q01018,MANAKCOAT,B,,,,,Manaksia Coated Metals & Indus,126.95,133.15,123.35,124.55,124.55,126.05,,124.37,,,66005,8528237,1097,F1,1,,,,,
10-09-2026,10-09-2026,CM,BSE,STK,539056,INE172N01012,IMAGICAA,B,,,,,IMAGICAAWORLD ENTERTAINMENT LI,55.09,55.09,52.08,53.15,53.18,54.52,,53.2,,,36795,1977945,313,F1,1,,,,,
10-09-2026,10-09-2026,CM,BSE,STK,539083,INE066P01011,INOXWIND,A,,,,,Inox Wind Limited,77.62,77.88,75.75,76.25,76.25,77.16,,76.03,,,1555446,118694330,3421,F1,1,,,,,
10-09-2026,10-09-2026,CM,BSE,STK,539090,INE751R01014,RAJPUTANA,X,,,,,Rajputana Investment and Finan,29,29,29,29,29,29,,29,,,2,58,2,F1,1,,,,,
10-09-2026,10-09-2026,CM,BSE,STK,539091,INE187R01029,CCDL,XT,,,,,Consecutive Commodities Limite,1.37,1.38,1.37,1.38,1.38,1.32,,1.38,,,29339415,40348841,3144,F1,1,,,,,
10-09-2026,10-09-2026,CM,BSE,STK,539097,INE904R01027,URSUGAR,T,,,,,UR SUGAR INDUSTRIES LIMITED,3.26,3.26,3.04,3.04,3.04,3.2,,3.04,,,19294,58898,103,F1,1,,,,,
10-09-2026,10-09-2026,CM,BSE,STK,539110,INE736P01019,NORTHLINK,Z,,,,,Northlink Fiscal And Capital S,49.21,49.21,44.53,44.53,44.53,46.87,,44.53,,,4263,207964,30,F1,1,,,,,
10-09-2026,10-09-2026,CM,BSE,STK,539113,INE291E01019,PML,B,,,,,Paul Merchants Ltd.,483,502,479,487.1,479,502,,486.77,,,211,105060,17,F1,1,,,,,
10-09-2026,10-09-2026,CM,BSE,STK,539115,INE273F01022,ALANSCOTT,XT,,,,,ALAN SCOTT ENTERPRISES LIMITED,240,252,232.5,249,249,240,,249,,,899,225758,26,F1,1,,,,,
10-09-2026,10-09-2026,CM,BSE,STK,539117,INE029H01016,SUJALA,X,,,,,Sujala Trading & Holding Ltd.,13.75,13.75,13,13.19,13.25,13.41,,13.19,,,47962,630050,127,F1,1,,,,,
10-09-2026,10-09-2026,CM,BSE,STK,539118,INE366I01010,VRLLOG,B,,,,,VRL Logistics Limited,287.35,290.4,284,288.4,288.7,288.75,,288.78,,,10734,3089847,847,F1,1,,,,,
10-09-2026,10-09-2026,CM,BSE,STK,539120,INE578R01011,GRAMEVA,XT,,,,,GRAMEVA LIMITED,91.99,91.99,85.2,91.79,91.79,89.29,,91.79,,,385,33156,9,F1,1,,,,,
10-09-2026,10-09-2026,CM,BSE,STK,539121,INE239L01013,PALCO,X,,,,,Palco Metals Limited,159.85,163.7,158.55,162.45,162.35,153.85,,162.45,,,1321,210414,17,F1,1,,,,,
10-09-2026,10-09-2026,CM,BSE,STK,539122,INE104F01029,BODHTREE,X,,,,,Bodhtree Consulting Limited,16,16.49,13.3,15.15,15.15,15.05,,15.15,,,35293,522327,177,F1,1,,,,,
10-09-2026,10-09-2026,CM,BSE,STK,539123,INE334E01017,VBIND,X,,,,,V B INDUSTRIES LIMITED,8.24,8.5,8.24,8.31,8.46,8.24,,8.31,,,2472,20479,11,F1,1,,,,,
10-09-2026,10-09-2026,CM,BSE,STK,539124,INE822Q01015,SARVOTTAM,X,,,,,Survottam Finvest Ltd.,16.7,17.54,16.5,17.45,17.45,17,,17.45,,,862,14266,8,F1,1,,,,,
10-09-2026,10-09-2026,CM,BSE,STK,539126,INE776I01010,MEP,Z,,,,,MEP Infrastructure Developers,0.68,0.69,0.68,0.69,0.69,0.69,,0.67,,,21915,14942,18,F1,1,,,,,
10-09-2026,10-09-2026,CM,BSE,STK,539132,INE761D01021,WARDWIZFBL,X,,,,,Wardwizard Foods and Beverages,9.22,9.68,8.85,9.46,9.46,9.22,,9.46,,,273667,2523738,243,F1,1,,,,,
10-09-2026,10-09-2026,CM,BSE,STK,539141,INE527H01019,UFO,B,,,,,UFO Moviez India Limited,64.6,64.6,63.68,63.68,63.68,63.12,,63.08,,,11,709,2,F1,1,,,,,
10-09-2026,10-09-2026,CM,BSE,STK,539143,INE945O01019,PANTH,X,,,,,PANTH INFINITY LIMITED,9.86,10.04,9.65,9.84,9.91,9.81,,9.84,,,37558,368280,88,F1,1,,,,,
10-09-2026,10-09-2026,CM,BSE,STK,539148,INE788J01021,SHIVALIK,B,,,,,Shivalik Rasayan Ltd.,391.85,413,360,366.65,360,385.1,,366.77,,,30708,11799383,1088,F1,1,,,,,
10-09-2026,10-09-2026,CM,BSE,STK,539149,INE682B01023,ICSL,X,,,,,Integrated Capital Services Lt,3.64,3.73,3.32,3.69,3.69,3.44,,3.69,,,10208,36721,37,F1,1,,,,,
10-09-2026,10-09-2026,CM,BSE,STK,539150,INE195J01029,PNCINFRA,A,,,,,PNC Infratech Limited,180.9,180.9,176.55,177.15,177.15,178.95,,177.4,,,8336,1479975,216,F1,1,,,,,
10-09-2026,10-09-2026,CM,BSE,STK,539151,INE784R01023,ARFIN,B,,,,,Arfin India Limited,86.1,91.17,86.1,88.08,88.07,89.06,,88.07,,,52369,4657651,402,F1,1,,,,,
10-09-2026,10-09-2026,CM,BSE,STK,539167,INE347L01022,VLL,X,,,,,Virat Leasing Limited,61,61,61,61,61,61,,61,,,9,549,3,F1,1,,,,,
10-09-2026,10-09-2026,CM,BSE,STK,539174,INE738P01015,HELPAGE,X,,,,,Helpage Finlease Ltd.,21.95,22,20.5,21.85,22,21.04,,21.85,,,3828,80428,36,F1,1,,,,,
10-09-2026,10-09-2026,CM,BSE,STK,539176,INE230I01018,HAWAENG,X,,,,,Hawa Engineers ltd.,79.5,79.5,77.45,78.23,78.99,76,,78.23,,,46,3617,10,F1,1,,,,,
10-09-2026,10-09-2026,CM,BSE,STK,539177,INE206F01022,AIIL,A,,,,,Authum Investment & Infrastruc,514,515.9,510.2,512.35,512.35,515.1,,512.3,,,11112,5705350,444,F1,1,,,,,
10-09-2026,10-09-2026,CM,BSE,STK,539189,INE578L01014,ADHBHUTIN,X,,,,,Adhbhut Infrastructure Ltd.,13.23,13.56,13.23,13.26,13.26,13.5,,13.26,,,566,7527,6,F1,1,,,,,
10-09-2026,10-09-2026,CM,BSE,STK,539195,INE035S01028,POEL,B,,,,,POCL ENTERPRISES LTD,143,144.5,140,140.9,140.25,143.3,,140.76,,,13081,1850894,212,F1,1,,,,,
10-09-2026,10-09-2026,CM,BSE,STK,539196,INE829P01020,AEL,X,,,,,Amba Enterprises Ltd.,115.3,120.5,115.3,119,119.85,116.65,,119,,,12899,1535861,150,F1,1,,,,,
10-09-2026,10-09-2026,CM,BSE,STK,539199,INE618R01015,SGFIN,B,,,,,SG FINSERVE LIMITED,680.75,682.25,671,671.9,674.75,677.3,,672,,,8789,5934102,355,F1,1,,,,,
10-09-2026,10-09-2026,CM,BSE,STK,539200,INE203Q01026,NOBPOL,XT,,,,,NOBLE POLYMERS LIMITED,13.41,13.41,13.41,13.41,13.41,13.15,,13.41,,,13955,187136,12,F1,1,,,,,
10-09-2026,10-09-2026,CM,BSE,STK,539201,INE170E01023,SATIA,B,,,,,SATIA INDUSTRIES LIMITED,67.19,69,66.43,68.32,69,66.27,,68.57,,,4228,286337,82,F1,1,,,,,
10-09-2026,10-09-2026,CM,BSE,STK,539206,INE574D01010,GVBL,X,,,,,GENOMIC VALLEY BIOTECH LIMITED,31.5,31.5,31.5,31.5,31.5,30.2,,31.5,,,880,27720,5,F1,1,,,,,
10-09-2026,10-09-2026,CM,BSE,STK,539216,INE653S01028,GARMNTMNTR,X,,,,,GARMENT MANTRA LIFESTYLE LIMIT,1.14,1.14,1.12,1.13,1.14,1.13,,1.13,,,153086,172200,146,F1,1,,,,,
10-09-2026,10-09-2026,CM,BSE,STK,539217,INE606K01049,SRESTHA,X,,,,,Srestha Finvest Limited,0.26,0.27,0.26,0.27,0.27,0.26,,0.27,,,1659978,439270,365,F1,1,,,,,
10-09-2026,10-09-2026,CM,BSE,STK,539219,INE150D01027,MUL,X,,,,,MAURIA UDYOG LIMITED,8.16,8.16,7.6,7.98,7.98,7.97,,7.98,,,25141,196730,122,F1,1,,,,,
10-09-2026,10-09-2026,CM,BSE,STK,539220,INE540S01019,MISHKA,X,,,,,Mishka Exim Limited,43,43,42,42.74,42.74,43,,42.74,,,1403,59834,12,F1,1,,,,,
10-09-2026,10-09-2026,CM,BSE,STK,539221,INE885H01029,SPORTKING,B,,,,,Sportking India Ltd.,217.25,220,212.85,215.45,215.75,217.55,,215.81,,,21484,4634797,500,F1,1,,,,,
10-09-2026,10-09-2026,CM,BSE,STK,539222,INE451S01027,GROWINGTON,B,,,,,GROWINGTON VENTURES INDIA LIMI,0.89,1.08,0.89,0.97,0.97,0.91,,0.97,,,16897714,16203124,1321,F1,1,,,,,
10-09-2026,10-09-2026,CM,BSE,STK,539224,INE345Q01017,HCKKVENTURE,XT,,,,,HCKK Ventures Limited,33.6,33.6,30.4,30.4,30.4,32,,30.4,,,60,1842,6,F1,1,,,,,
10-09-2026,10-09-2026,CM,BSE,STK,539225,INE023S01024,JIYAECO,XT,,,,,Jiya Eco-Products Limited,11.2,11.2,11.2,11.2,11.2,10.67,,11.2,,,3,33,2,F1,1,,,,,
10-09-2026,10-09-2026,CM,BSE,STK,539226,INE027T01023,RUDRA,B,,,,,RUDRA GLOBAL INFRA PRODUCTS LI,20,20.24,19.26,20,20,20.24,,20,,,26118,521494,271,F1,1,,,,,
10-09-2026,10-09-2026,CM,BSE,STK,539227,INE876S01017,LOYAL,X,,,,,Loyal Equipments Limited,146.9,146.9,141,141.7,141.8,144.35,,141.7,,,2711,386276,103,F1,1,,,,,
10-09-2026,10-09-2026,CM,BSE,STK,539228,INE480S01026,GGPL,Z,,,,,Gala Global Products Limited,1.28,1.33,1.28,1.31,1.3,1.33,,1.31,,,59115,76344,61,F1,1,,,,,
10-09-2026,10-09-2026,CM,BSE,STK,539251,INE875R01011,BALKRISHNA,B,,,,,Balkrishna Paper Mills Ltd.,16,16,16,16,16,16.5,,16.28,,,5,80,1,F1,1,,,,,
10-09-2026,10-09-2026,CM,BSE,STK,539252,INE979R01011,SHYAMCENT,T,,,,,Shyam Century Ferrous Limited,5.01,5.09,4.97,4.98,4.98,5.01,,4.97,,,4226,21032,23,F1,1,,,,,
10-09-2026,10-09-2026,CM,BSE,STK,539254,INE931S01010,ADANIENSOL,A,,,,,Adani Energy Solutions Limited,1439.9,1559.9,1383,1393,1393,1421.9,,1391.91,,,30299,42580456,1562,F1,1,,,,,
10-09-2026,10-09-2026,CM,BSE,STK,539255,INE541K01014,STARDELTA,X,,,,,STAR DELTA TRANSFORMERS LIMITE,465,465,446.05,447.85,447.85,451.75,,447.85,,,1603,723841,224,F1,1,,,,,
10-09-2026,10-09-2026,CM,BSE,STK,539265,INE990S01016,AMRAFIN,MT,,,,,Amrapali Fincap Limited,27.42,27.42,27.42,27.42,27.42,26.12,,27.42,,,1200,32904,1,F1,1200,,,,,
10-09-2026,10-09-2026,CM,BSE,STK,539267,INE579N01018,SAMSRITA,X,,,,,SAMSRITA LABS LIMITED,12.38,12.74,11.77,12.39,11.92,12.14,,12.39,,,10165,127255,14,F1,1,,,,,
10-09-2026,10-09-2026,CM,BSE,STK,539268,INE398R01022,SYNGENE,A,,,,,Syngene International Limited,389.5,389.5,382.55,384.2,386.3,386.45,,384.01,,,28440,10919390,392,F1,1,,,,,
10-09-2026,10-09-2026,CM,BSE,STK,539275,INE829S01016,MSL,B,,,,,Mangalam Seeds Limited,149.1,151.5,149.1,151.5,151.5,148.5,,150.25,,,206,30791,12,F1,1,,,,,
10-09-2026,10-09-2026,CM,BSE,STK,539276,INE587G01015,KAYA,T,,,,,Kaya Limited,336.15,364.9,333,333.05,333,349.1,,337.37,,,2283,767644,29,F1,1,,,,,
10-09-2026,10-09-2026,CM,BSE,STK,539278,INE653R01012,SYMBIOX,X,,,,,Symbiox Investment & Trading C,2.01,2.14,2,2.07,2.07,2,,2.07,,,5076,10621,22,F1,1,,,,,
10-09-2026,10-09-2026,CM,BSE,STK,539287,INE749B01020,ORTINGLOBE,B,,,,,ORTIN GLOBAL LIMITED,16.07,16.07,16.07,16.07,16.07,15.31,,16.3,,,500,8035,1,F1,1,,,,,
10-09-2026,10-09-2026,CM,BSE,STK,539289,INE898S01029,AURUM,B,,,,,AURUM PROPTECH LIMITED,221.4,221.95,218.4,219.9,219.75,220.1,,220.33,,,5937,1306069,172,F1,1,,,,,
10-09-2026,10-09-2026,CM,BSE,STK,539290,INE143A01010,OSWALGREEN,B,,,,,Oswal Greentech Limited,20.6,20.6,19.8,19.9,19.99,20.1,,19.79,,,5959,119284,174,F1,1,,,,,
10-09-2026,10-09-2026,CM,BSE,STK,539300,INE671K01027,SUNRAKSHAK,B,,,,,SUNRAKSHAKK INDUSTRIES INDIA L,373,377,372.7,375,375,371.75,,375.11,,,5904,2213963,63,F1,1,,,,,
10-09-2026,10-09-2026,CM,BSE,STK,539301,INE034S01021,ARVSMART,B,,,,,Arvind SmartSpaces Limited,604.05,609.2,594.85,596.25,595.7,604,,597.04,,,1152,691262,87,F1,1,,,,,
10-09-2026,10-09-2026,CM,BSE,STK,539302,INE211R01019,POWERMECH,A,,,,,Power Mech Projects Limited,2466.25,2466.25,2375.1,2379.5,2379,2430.25,,2379.4,,,3326,8046885,383,F1,1,,,,,
10-09-2026,10-09-2026,CM,BSE,STK,539309,INE230R01035,RAMASTEEL,T,,,,,Rama Steel Tubes Limited,4.08,4.08,4.01,4.01,4.01,4.09,,4.01,,,266888,1077827,260,F1,1,,,,,
10-09-2026,10-09-2026,CM,BSE,STK,539310,INE365S01045,THINKINK,X,,,,,THINKINK PICTUREZ LIMITED,0.19,0.19,0.19,0.19,0.19,0.19,,0.19,,,502944,95559,120,F1,1,,,,,
10-09-2026,10-09-2026,CM,BSE,STK,539312,INF789FB1X58,SENSEXBETA,B,,,,,UTI BSE Sensex ETF,834.77,840,829,840,840,833.11,,840.98,,,75,62295,11,F1,1,,,,,
10-09-2026,10-09-2026,CM,BSE,STK,539313,INF789F1AZC0,NIFTYBETA,B,,,,,UTI Mutual Fund,260.6,260.98,259.6,260.5,260.5,261.12,,260.06,,,737,191628,32,F1,1,,,,,
10-09-2026,10-09-2026,CM,BSE,STK,539314,INE203T01012,UNIAUTO,B,,,,,Universal Autofoundry Limited,48.1,50.34,47,49.57,49.69,49.34,,49.57,,,16926,814314,109,F1,1,,,,,
10-09-2026,10-09-2026,CM,BSE,STK,539331,INE918N01018,VETO,T,,,,,VETO SWITCHGEARS AND CABLES LI,125,129.95,124.1,127.4,127.3,124.45,,127.19,,,4522,576484,40,F1,1,,,,,
10-09-2026,10-09-2026,CM,BSE,STK,539332,INE278M01019,NAVKARCORP,B,,,,,Navkar Corporation Limited,94.79,95.35,91.38,93.66,94.15,94.5,,93.85,,,41326,3856119,490,F1,1,,,,,
10-09-2026,10-09-2026,CM,BSE,STK,539334,INE712K01011,SHREEPUSHK,B,,,,,Shree Pushkar Chemicals & Fert,505.15,510.6,488.25,493.55,496.95,501.95,,491.63,,,3849,1916124,207,F1,1,,,,,
10-09-2026,10-09-2026,CM,BSE,STK,539335,INE714Q01014,CALLISTA,XT,,,,,Callista Industries Limited,141.15,141.15,141.15,141.15,141.15,144,,141.15,,,12,1693,2,F1,1,,,,,
10-09-2026,10-09-2026,CM,BSE,STK,539336,INE844O01030,GUJENERGY,A,,,,,Gujarat Energy Limited,258.8,264.4,253.85,254.75,254.75,259,,254.8,,,163786,42175334,3057,F1,1,,,,,
10-09-2026,10-09-2026,CM,BSE,STK,539337,INE725P01012,WAAREE,M,,,,,WAAREE TECHNOLOGIES LIMITED,209.7,212.3,205,206.7,207.95,207.6,,206.7,,,10150,2103430,40,F1,175,,,,,
10-09-2026,10-09-2026,CM,BSE,STK,539346,INE764L01010,SADBHIN,T,,,,,Sadbhav Infrastructure Project,2.52,2.63,2.5,2.51,2.51,2.59,,2.52,,,33381,84902,38,F1,1,,,,,
10-09-2026,10-09-2026,CM,BSE,STK,539353,INE724G01014,SALAUTO,X,,,,,SAL AUTOMOTIVE LIMITED,198,204.45,194.4,200.4,204.45,202,,200.4,,,916,182598,22,F1,1,,,,,
10-09-2026,10-09-2026,CM,BSE,STK,539354,INE914G01029,POLYSPIN,B,,,,,Polyspin Exports Ltd.,28.34,28.35,28.34,28.35,28.35,28.34,,28.43,,,221,6263,2,F1,1,,,,,
10-09-2026,10-09-2026,CM,BSE,STK,539359,INE583R01029,PRITIKAUTO,T,,,,,Pritika Auto Industries Limite,14.93,15.19,14.8,14.9,14.9,15.05,,14.89,,,13181,195656,53,F1,1,,,,,
10-09-2026,10-09-2026,CM,BSE,STK,539383,INE019D01016,MAHAVEER,Z,,,,,Mahaveer Infoway Limited,10.45,10.71,9.8,10.7,10.71,10.2,,10.7,,,2112,22349,13,F1,1,,,,,
10-09-2026,10-09-2026,CM,BSE,STK,539391,INE636B01011,ACME,Z,,,,,Acme Resources Limited,28.42,28.69,27,28.62,27.79,28.42,,28.62,,,2796,77810,22,F1,1,,,,,
10-09-2026,10-09-2026,CM,BSE,STK,539398,INE060T01024,VISHALBL,B,,,,,Vishal Bearings Limited,59.99,59.99,55,56.29,56.3,55.51,,56.29,,,3165,178575,75,F1,1,,,,,
10-09-2026,10-09-2026,CM,BSE,STK,539399,INE344T01014,BELLACASA,B,,,,,Bella Casa Fashion & Retail Li,250.5,265.5,250.5,258.9,258.9,250.5,,262.09,,,2554,670583,199,F1,1,,,,,
10-09-2026,10-09-2026,CM,BSE,STK,539400,INE389C01015,MALLCOM,B,,,,,MALLCOM (INDIA) LTD.,974.05,976,974.05,976,976,973.9,,976.28,,,32,31230,18,F1,1,,,,,
10-09-2026,10-09-2026,CM,BSE,STK,539402,INE256S01012,NAKSH,Z,,,,,Naksh Precious Metals Limited,3.97,3.97,3.7,3.7,3.7,3.89,,3.7,,,3695,14173,26,F1,1,,,,,
10-09-2026,10-09-2026,CM,BSE,STK,539404,INE836B01017,SATIN,B,,,,,SATIN CREDITCARE NETWORK LIMIT,212.85,217.1,210.7,216.85,216.75,215,,217.21,,,4450,957790,131,F1,1,,,,,
10-09-2026,10-09-2026,CM,BSE,STK,539405,INE183R01010,DITCO,X,,,,,Decorous Investment and Tradin,13.8,13.8,11.68,13,13,12.66,,13,,,7476,94994,31,F1,1,,,,,
10-09-2026,10-09-2026,CM,BSE,STK,539406,INE150R01019,SWAGTAM,X,,,,,Swagatam Trading & Services Li,60.8,60.8,60.8,60.8,60.8,64,,60.8,,,11,668,2,F1,1,,,,,
10-09-2026,10-09-2026,CM,BSE,STK,539407,INE854S01022,GENCON,B,,,,,Generic Engineering Constructi,42.97,43.2,40.96,41.4,41.4,42.19,,41.91,,,4565,194961,34,F1,1,,,,,
10-09-2026,10-09-2026,CM,BSE,STK,539408,INE594R01018,KUBERJI,XT,,,,,Kuber Udyog Limited,49.8,51,47.32,49.81,49.81,49.8,,49.81,,,9823,488600,94,F1,1,,,,,
10-09-2026,10-09-2026,CM,BSE,STK,539428,INE030T01027,TEJNAKSH,X,,,,,Tejnaksh Healthcare Limited,13.87,13.87,13.1,13.25,13.1,13.8,,13.25,,,25804,344221,51,F1,1,,,,,
10-09-2026,10-09-2026,CM,BSE,STK,539435,INE201C01012,RFSL,X,,,,,Richfield Financial Services L,18.72,19.6,18.72,19.6,19.6,18.72,,19.6,,,298,5591,6,F1,1,,,,,
10-09-2026,10-09-2026,CM,BSE,STK,539436,INE335K01011,COFFEEDAY,B,,,,,Coffee Day Enterprises Limited,33.15,33.57,31.8,32.03,32.03,33.18,,31.99,,,131976,4342017,708,F1,1,,,,,
10-09-2026,10-09-2026,CM,BSE,STK,539437,INE092T01019,IDFCFIRSTB,A,,,,,IDFC FIRST BANK LIMITED,85.79,87.38,85.79,86.7,86.7,86,,86.84,,,716546,62143669,7127,F1,1,,,,,
10-09-2026,10-09-2026,CM,BSE,STK,539448,INE646L01027,INDIGO,A,,,,,InterGlobe Aviation Limited,4975,4975,4875.9,4969,4969,4964.4,,4946.71,,,15077,74238055,2172,F1,1,,,,,
10-09-2026,10-09-2026,CM,BSE,STK,539449,INE099S01016,IGCIL,X,,,,,IGC Industries Limited,2.02,2.02,1.95,1.98,1.97,2.01,,1.98,,,33734,67007,72,F1,1,,,,,
10-09-2026,10-09-2026,CM,BSE,STK,539450,INE500L01026,SHK,B,,,,,S H Kelkar and Company Limited,145.45,146.8,143.1,143.45,143.25,144.85,,143.58,,,7255,1052915,180,F1,1,,,,,
10-09-2026,10-09-2026,CM,BSE,STK,539455,INE360S01012,ECOFINITY,X,,,,,ECOFINITY ATOMIX LIMITED,71.49,71.49,65.01,68.94,68.89,67.75,,68.94,,,50427,3353573,90,F1,1,,,,,
10-09-2026,10-09-2026,CM,BSE,STK,539468,INE761R01013,TFSL,X,,,,,Typhoon Financial Services Lim,23.46,23.46,23.46,23.46,23.46,22.35,,23.46,,,1,23,1,F1,1,,,,,
10-09-2026,10-09-2026,CM,BSE,STK,539469,INE258R01028,PANORAMA,B,,,,,PANORAMA STUDIOS INTERNATIONAL,47.81,54.9,47.81,52.88,52.9,47.61,,52.92,,,243844,12517161,1618,F1,1,,,,,
10-09-2026,10-09-2026,CM,BSE,STK,539470,INE051N01026,SHREEGANES,X,,,,,Shree Ganesh Biotech (India) L,0.49,0.5,0.48,0.49,0.5,0.5,,0.49,,,389150,189601,225,F1,1,,,,,
10-09-2026,10-09-2026,CM,BSE,STK,539479,INE910R01024,GTV,X,,,,,GTV Engineering Limited,64,64.75,61,62.46,62.46,63.39,,62.46,,,32737,2058727,343,F1,1,,,,,
10-09-2026,10-09-2026,CM,BSE,STK,539492,INE721C01019,GARBIFIN,X,,,,,Garbi Finvest Limited,8.7,9.25,8.7,8.9,8.86,9.14,,8.9,,,6933,62643,31,F1,1,,,,,
10-09-2026,10-09-2026,CM,BSE,STK,539494,INE766D01020,SMARTFIN,X,,,,,Smart Finsec Limited,8.02,8.28,8.02,8.11,8.14,8.16,,8.11,,,5428,43905,55,F1,1,,,,,
10-09-2026,10-09-2026,CM,BSE,STK,539495,INE176R01014,RAJKOTINV,X,,,,,Rajkot Investment Trust Limite,46.2,46.2,43,43,43,44,,43,,,51,2353,3,F1,1,,,,,
10-09-2026,10-09-2026,CM,BSE,STK,539506,INE805Q01028,ADCON,XT,,,,,Adcon Capital Services Limited,0.47,0.49,0.47,0.49,0.49,0.49,,0.49,,,61862,29638,97,F1,1,,,,,
10-09-2026,10-09-2026,CM,BSE,STK,539515,INE641R01017,QUINT,B,,,,,Quint Digital Limited,39.8,40,39,39,40,39.8,,39.07,,,855,33391,19,F1,1,,,,,
10-09-2026,10-09-2026,CM,BSE,STK,539516,INF179KC1965,HDFCNIFTY,B,,,,,HDFC Mutual Fund,264.59,265.16,263.87,264.46,264.55,265.51,,264.33,,,4764,1260898,132,F1,1,,,,,
10-09-2026,10-09-2026,CM,BSE,STK,539517,INF179KC1HX2,HDFCSENSEX,B,,,,,HDFC Mutual Fund,84.81,85.19,84.66,85.19,85.19,85.66,,84.75,,,4342,368715,90,F1,1,,,,,
10-09-2026,10-09-2026,CM,BSE,STK,539518,INE551B01012,UDAYJEW,B,,,,,Uday Jewellery Industries Limi,177,181.45,173.65,175.9,177.45,174.7,,175.15,,,11918,2130055,163,F1,1,,,,,
10-09-2026,10-09-2026,CM,BSE,STK,539519,INE280E01038,TAVEXIA,XT,,,,,TAVEXIA LIFECARE LIMITED,1.08,1.09,1.06,1.07,1.07,1.07,,1.07,,,459384,491087,186,F1,1,,,,,
10-09-2026,10-09-2026,CM,BSE,STK,539522,INE343C01012,GROVY,XT,,,,,Grovy India Limited,66.32,66.32,63.82,65.54,65.5,66.35,,65.54,,,86,5615,6,F1,1,,,,,
10-09-2026,10-09-2026,CM,BSE,STK,539523,INE540L01014,ALKEM,A,,,,,Alkem Laboratories Limited,5144.95,5181,5108.5,5110.2,5110.2,5140,,5137.98,,,1280,6570147,326,F1,1,,,,,
10-09-2026,10-09-2026,CM,BSE,STK,539524,INE600L01024,LALPATHLAB,A,,,,,Dr. Lal Pathlabs Limited,1922.75,1925.7,1881,1916.7,1906.25,1919.45,,1916.7,,,3541,6762709,633,F1,1,,,,,
10-09-2026,10-09-2026,CM,BSE,STK,539526,INE452S01025,SCTL,X,,,,,Suncare Traders Limited,0.44,0.45,0.43,0.45,0.45,0.44,,0.45,,,311148,137402,143,F1,1,,,,,
10-09-2026,10-09-2026,CM,BSE,STK,539527,INE146E01015,CREATIVE,X,,,,,Creative Castings Limited,661,661,646,658.45,660.55,658,,658.45,,,84,54664,18,F1,1,,,,,
10-09-2026,10-09-2026,CM,BSE,STK,539528,INE430R01023,AAYUSH,X,,,,,AAYUSH WELLNESS LIMITED,26.13,27.96,24.5,26.15,26.15,25.61,,26.15,,,159076,4157686,728,F1,1,,,,,
10-09-2026,10-09-2026,CM,BSE,STK,539533,INE669R01026,ELITECON,B,,,,,ELITECON INTERNATIONAL LIMITED,7.09,7.83,7.09,7.8,7.78,7.46,,7.8,,,10299701,80446864,3411,F1,1,,,,,
10-09-2026,10-09-2026,CM,BSE,STK,539542,INE150G01020,LUXIND,B,,,,,LUX Industries Limited,1150.85,1150.85,1109,1111.9,1113,1122.8,,1109.27,,,207,231047,62,F1,1,,,,,
10-09-2026,10-09-2026,CM,BSE,STK,539544,INE281P01016,ABHIINFRA,X,,,,,Abhishek Infraventures Limited,8.44,8.44,8.44,8.44,8.44,8.44,,8.44,,,499,4211,2,F1,1,,,,,
10-09-2026,10-09-2026,CM,BSE,STK,539546,INE679E01015,AGRIBIO,X,,,,,AGRIBIO SPIRITS LIMITED,324,326.9,324,324.1,324.1,326.45,,324.1,,,4098,1337495,20,F1,1,,,,,
10-09-2026,10-09-2026,CM,BSE,STK,539551,INE410P01011,NH,A,,,,,Narayana Hrudayalaya Limited,1901.9,1919.5,1895.25,1909.1,1900,1888.8,,1909.69,,,4016,7669215,392,F1,1,,,,,
10-09-2026,10-09-2026,CM,BSE,STK,539552,INE108T01021,DHVIJAFIN,XT,,,,,DHVIJA FINANCE LIMITED,10.74,10.74,10.27,10.5,10.49,10.63,,10.5,,,63708,662367,57,F1,1,,,,,
10-09-2026,10-09-2026,CM,BSE,STK,539559,INE005G01026,DEEPAI,XT,,,,,Deep Health AI India Limited,1.83,1.87,1.8,1.82,1.84,1.86,,1.82,,,328279,603188,442,F1,1,,,,,
10-09-2026,10-09-2026,CM,BSE,STK,539561,INE549S01036,SUPHA,Z,,,,,SUPHA PHARMACHEM LIMITED,0.26,0.27,0.26,0.27,0.27,0.27,,0.27,,,1919372,506566,345,F1,1,,,,,
10-09-2026,10-09-2026,CM,BSE,STK,539562,INE750R01016,AARNAV,T,,,,,AARNAV FASHIONS LIMITED,31.63,31.63,30.06,30.86,30.06,31.64,,30.86,,,90068,2779321,31,F1,1,,,,,
10-09-2026,10-09-2026,CM,BSE,STK,539593,INE728Q01014,SHIVA,XT,,,,,Shivansh Finserv Limited,14.68,14.68,13.93,13.93,13.93,14.45,,13.93,,,830,12158,7,F1,1,,,,,
10-09-2026,10-09-2026,CM,BSE,STK,539594,INE094S01041,MISHTANN,X,,,,,Mishtann Foods Limited,3.21,3.29,3.2,3.22,3.22,3.22,,3.22,,,929022,2999885,1331,F1,1,,,,,
10-09-2026,10-09-2026,CM,BSE,STK,539596,INE681Q01015,DELTA,X,,,,,Delta Industrial Resources Lim,10.44,10.44,10.44,10.44,10.44,10.43,,10.44,,,1,10,1,F1,1,,,,,
10-09-2026,10-09-2026,CM,BSE,STK,539598,INE727C01024,AMPL,X,,,,,AMPL Capital Limited,32.48,35.77,31.75,35.46,35.46,29.81,,35.46,,,739905,25844060,1160,F1,1,,,,,
10-09-2026,10-09-2026,CM,BSE,STK,539607,INE373T01047,BLUECLOUDS,B,,,,,Blue Cloud Softech Solutions L,19.71,19.95,19.36,19.44,19.51,19.71,,19.48,,,516456,10079038,1193,F1,1,,,,,
10-09-2026,10-09-2026,CM,BSE,STK,539620,INE534E01020,KEIL,X,,,,,KANORIA ENERGY & INFRASTRUCTUR,18.27,18.27,16.76,17.1,17.1,17.8,,17.1,,,10444,181220,79,F1,1,,,,,
10-09-2026,10-09-2026,CM,BSE,STK,539636,INE484I01029,PRECAM,B,,,,,Precision Camshafts Limited,121.25,121.85,117.6,118.5,117.65,120.1,,118.09,,,11579,1378604,364,F1,1,,,,,
10-09-2026,10-09-2026,CM,BSE,STK,539658,INE985S01024,TEAMLEASE,B,,,,,TeamLease Services Limited,1272.5,1280,1250.05,1251.75,1251.4,1282.6,,1253.87,,,772,979881,99,F1,1,,,,,
10-09-2026,10-09-2026,CM,BSE,STK,539659,INE564S01019,KAMATS,B,,,,,VIKRAM KAMATS HOSPITALITY LIMI,36.9,36.9,32.5,33.33,33.74,34.2,,33.33,,,6154,206641,39,F1,1,,,,,
10-09-2026,10-09-2026,CM,BSE,STK,539660,INE052T01021,BESTAGRO,B,,,,,BEST AGROLIFE LIMITED,19.84,19.84,19.06,19.16,19.2,19.45,,19.14,,,33766,651054,165,F1,1,,,,,
10-09-2026,10-09-2026,CM,BSE,STK,539661,INE023R01018,ACEMEN,X,,,,,ACE MEN ENGG WORKS LIMITED,117.5,117.5,113.55,115.4,115.4,115.95,,115.4,,,70758,8207931,153,F1,1,,,,,
10-09-2026,10-09-2026,CM,BSE,STK,539662,INE948Q01018,BFLAFL,X,,,,,BFL Asset Finvest Limited,6.74,6.74,6.72,6.72,6.72,6.71,,6.72,,,5700,38392,13,F1,1,,,,,
10-09-2026,10-09-2026,CM,BSE,STK,539669,INE684D01025,RGF,XT,,,,,RGF Capital Markets Limited,1.54,1.67,1.54,1.59,1.59,1.62,,1.59,,,2444826,3956464,137,F1,1,,,,,
10-09-2026,10-09-2026,CM,BSE,STK,539678,INE306L01010,QUICKHEAL,B,,,,,Quick Heal Technologies Limite,152.75,153.5,146.6,148.35,149,152.1,,147.53,,,6889,1027313,196,F1,1,,,,,
10-09-2026,10-09-2026,CM,BSE,STK,539679,INE332Q01023,KAPILRAJ,X,,,,,Kapil Raj Finance Ltd.,2.13,2.13,2.13,2.13,2.13,2.03,,2.13,,,194556,414404,57,F1,1,,,,,
10-09-2026,10-09-2026,CM,BSE,STK,539682,INE622Q01027,MOBAVENUE,X,,,,,Mobavenue AI Tech Limited,286,288.6,277.2,284.4,284.5,289.45,,284.4,,,42465,12002808,490,F1,1,,,,,
10-09-2026,10-09-2026,CM,BSE,STK,539686,INE127T01021,KPEL,B,,,,,K.P. Energy Limited,234.25,236,223.6,224.1,224.4,233.05,,224.13,,,58081,13183430,1171,F1,1,,,,,
10-09-2026,10-09-2026,CM,BSE,STK,539692,INE064T01018,IFINSER,X,,,,,INTERACTIVE FINANCIAL SERVICES,12.5,12.95,12,12.53,12.68,12.35,,12.53,,,22992,276224,35,F1,1,,,,,
10-09-2026,10-09-2026,CM,BSE,STK,539697,INE966Q01010,HILIKS,XT,,,,,HILIKS TECHNOLOGIES LIMITED,67.59,67.59,63.3,65.98,65.98,65.59,,65.98,,,2949,193482,29,F1,1,,,,,
10-09-2026,10-09-2026,CM,BSE,STK,539724,INE039D01014,HYPERSOFT,XT,,,,,HYPERSOFT TECHNOLOGIES LIMITED,184,190.9,180.6,186.85,187.45,190.1,,186.85,,,35923,6753132,205,F1,1,,,,,
10-09-2026,10-09-2026,CM,BSE,STK,539725,INE314T01033,GOKULAGRO,B,,,,,Gokul Agro Resources Ltd,231.5,231.5,225.8,226.45,226,230.5,,226.4,,,9730,2222819,321,F1,1,,,,,
10-09-2026,10-09-2026,CM,BSE,STK,539730,INE194R01017,FREDUN,B,,,,,Fredun Pharmaceuticals Limited,1469.6,1492.75,1419.7,1467.15,1470,1435.4,,1462.12,,,7255,10620163,1623,F1,1,,,,,
10-09-2026,10-09-2026,CM,BSE,STK,539742,INE748T01016,SIMBHALS,Z,,,,,Simbhaoli Sugars Ltd,8.21,8.21,8.21,8.21,8.21,8.37,,7.71,,,1,8,1,F1,1,,,,,
10-09-2026,10-09-2026,CM,BSE,STK,539760,INE773T01014,RELICAB,B,,,,,Relicab Cable Manufacturing Li,36.16,37.88,35.1,36.04,35.81,36.94,,36.04,,,3475,124911,91,F1,1,,,,,
10-09-2026,10-09-2026,CM,BSE,STK,539761,INE427T01025,VKAL,X,,,,,Vantage Knowledge Academy Limi,0.81,0.82,0.79,0.79,0.8,0.81,,0.79,,,176469,140918,192,F1,1,,,,,
10-09-2026,10-09-2026,CM,BSE,STK,539762,INE250S01015,MEAPL,X,,,,,MODERN ENGINEERING AND PROJECT,25.39,25.39,24.01,24.89,24.9,25,,24.89,,,20730,513009,61,F1,1,,,,,
10-09-2026,10-09-2026,CM,BSE,STK,539767,INE216Q01010,MNIL,X,,,,,Mega Nirman & Industries Limit,33.85,37,32.35,35.35,35.2,35.03,,35.35,,,6232,220172,90,F1,1,,,,,
10-09-2026,10-09-2026,CM,BSE,STK,539770,INE830S01014,DARJEELING,X,,,,,DARJEELING INDUSTRIIES LIMITED,27.45,27.45,25.13,25.13,25.13,26.45,,25.13,,,2792,71334,31,F1,1,,,,,
10-09-2026,10-09-2026,CM,BSE,STK,539773,INE178T01024,ADVIKCA,B,,,,,Advik Capital Limited,1.06,1.09,1.03,1.04,1.04,1.08,,1.04,,,296382,309185,158,F1,1,,,,,
10-09-2026,10-09-2026,CM,BSE,STK,539785,INE865T01018,PDMJEPAPER,B,,,,,Pudumjee Paper Products Limite,96.76,103,95.75,98.76,99.58,96.76,,98.77,,,38809,3883871,588,F1,1,,,,,
10-09-2026,10-09-2026,CM,BSE,STK,539787,INE075I01017,HCG,A,,,,,HealthCare Global Enterprises,719.2,719.2,697.6,704.55,705,711.95,,701,,,601592,427117576,895,F1,1,,,,,
10-09-2026,10-09-2026,CM,BSE,STK,539798,INE173U01015,UMIYA,X,,,,,Umiya Tubes Limited,25.6,25.6,25.37,25.37,25.37,25.62,,25.37,,,222,5673,8,F1,1,,,,,
10-09-2026,10-09-2026,CM,BSE,STK,539799,INE316L01019,BHARATWIRE,B,,,,,Bharat Wire Ropes Limited,170.6,174,170.6,172.95,174,172.25,,173.18,,,6892,1186490,223,F1,1,,,,,
10-09-2026,10-09-2026,CM,BSE,STK,539800,INE043U01010,CHDCHEM,X,,,,,CHD Chemicals Limited,5.89,6,5.89,5.95,5.95,5.91,,5.95,,,9653,57241,14,F1,1,,,,,
10-09-2026,10-09-2026,CM,BSE,STK,539807,INE483S01020,CCAVENUE,A,,,,,AvenuesAI Limited,15.42,15.6,15.34,15.37,15.37,15.41,,15.36,,,621080,9583980,802,F1,1,,,,,
10-09-2026,10-09-2026,CM,BSE,STK,539814,INE204S01012,LELAVOIR,X,,,,,LE LAVOIR LIMITED,80,84.4,76.38,82,80.05,80.39,,82,,,21516,1692201,97,F1,1,,,,,
10-09-2026,10-09-2026,CM,BSE,STK,539834,INE119R01014,BALGOPAL,X,,,,,Balgopal Commercial limited,184.7,195,184.7,187,187,184.65,,187,,,132,24700,6,F1,1,,,,,
10-09-2026,10-09-2026,CM,BSE,STK,539835,INE574R01028,SUPERIOR,X,,,,,Superior Finlease Limited,1.54,1.65,1.54,1.65,1.65,1.54,,1.65,,,2431,3746,10,F1,1,,,,,
10-09-2026,10-09-2026,CM,BSE,STK,539837,INE912T01018,RPEL,B,,,,,RAGHAV PRODUCTIVITY ENHANCERS,1687,1793.1,1687,1743.3,1746.5,1671.15,,1743.48,,,15122,26272250,1301,F1,1,,,,,
10-09-2026,10-09-2026,CM,BSE,STK,539839,INE399S01010,FRANKLIN,M,,,,,Franklin Leasing and Finance L,7.5,7.5,7.13,7.5,7.5,8.91,,7.5,,,16000,118520,4,F1,4000,,,,,
10-09-2026,10-09-2026,CM,BSE,STK,539841,INE359U01028,LANCER,B,,,,,Lancer Container Lines Limited,12.6,12.94,12.58,12.87,12.94,12.93,,12.84,,,93162,1186454,457,F1,1,,,,,
10-09-2026,10-09-2026,CM,BSE,STK,539843,INE395U01014,NINSYS,B,,,,,NINtec Systems Limited,712.3,714.3,700,712.5,712.5,714,,708.45,,,184,130031,32,F1,1,,,,,
10-09-2026,10-09-2026,CM,BSE,STK,539854,INE115S01010,HALDER,B,,,,,Halder Venture Limited,285.3,285.45,284,284.15,284.15,292,,282,,,4192,1191682,34,F1,1,,,,,
10-09-2026,10-09-2026,CM,BSE,STK,539871,INE594H01019,THYROCARE,A,,,,,Thyrocare Technologies Limited,566,568.2,553.8,557.45,558,567.6,,557.69,,,62380,34821694,994,F1,1,,,,,
10-09-2026,10-09-2026,CM,BSE,STK,539872,INE411U01027,BAJAJHCARE,B,,,,,Bajaj Healthcare Limited,333.15,336.9,332.8,333.2,334.65,332.9,,333.3,,,2196,735388,129,F1,1,,,,,
10-09-2026,10-09-2026,CM,BSE,STK,539876,INE299U01018,CROMPTON,A,,,,,Crompton Greaves Consumer Elec,233.95,233.95,229.8,231.3,231.3,232.5,,230,,,327720,75863420,766,F1,1,,,,,
10-09-2026,10-09-2026,CM,BSE,STK,539883,INE417C01014,PILANIINVS,B,,,,,Pilani Investment And Industri,4220.1,4326.95,4153.1,4326.95,4326.95,4138.6,,4235.8,,,496,2108995,54,F1,1,,,,,
10-09-2026,10-09-2026,CM,BSE,STK,539884,INE671T01028,DARSHANORNA,X,,,,,Darshan Orna Limited,2.2,2.28,2.16,2.24,2.24,2.23,,2.24,,,34813,77518,78,F1,1,,,,,
10-09-2026,10-09-2026,CM,BSE,STK,539889,INE883N01014,PARAGMILK,A,,,,,Parag Milk Foods Limited,254.05,274.9,254,264.8,265.85,253.45,,264.85,,,218642,58490620,3794,F1,1,,,,,
10-09-2026,10-09-2026,CM,BSE,STK,539894,INE631R01026,MADHAVIPL,B,,,,,Madhav Infra Projects Limited,7.9,8.06,7.75,7.89,7.88,7.96,,7.9,,,71162,562672,106,F1,1,,,,,
10-09-2026,10-09-2026,CM,BSE,STK,539895,INE631E01024,SPICELOUNG,B,,,,,SPICE LOUNGE FOOD WORKS LIMITE,31.37,31.38,31.37,31.38,31.38,29.89,,31.38,,,1076579,33779493,1362,F1,1,,,,,
10-09-2026,10-09-2026,CM,BSE,STK,539900,INE642P01019,DIDL,X,,,,,DALMIA INDUSTRIAL DEVELOPMENT,9,9.44,9,9.02,9.44,9.48,,9.02,,,104,937,3,F1,1,,,,,
10-09-2026,10-09-2026,CM,BSE,STK,539911,INE730R01042,SNIM,X,,,,,Svarnim Trade Udyog Limited,11.45,11.45,11.45,11.45,11.45,11.45,,11.45,,,300,3435,4,F1,1,,,,,
10-09-2026,10-09-2026,CM,BSE,STK,539921,INE440T01028,SEIL,B,,,,,Shanti Educational Initiatives,195.9,229.95,190.05,195.05,195.05,194.45,,195.02,,,10187,1969012,147,F1,1,,,,,
10-09-2026,10-09-2026,CM,BSE,STK,539922,INE364S01022,RGIL,XT,,,,,Rotographics (India) Limited,55,56.1,55,56.1,56.1,55,,56.1,,,548,30200,11,F1,1,,,,,
10-09-2026,10-09-2026,CM,BSE,STK,539938,INE858Q01019,MIL,X,,,,,Medico Intercontinental Limite,25.9,25.9,23.15,24.85,25,25.42,,24.85,,,2603,64349,43,F1,1,,,,,
10-09-2026,10-09-2026,CM,BSE,STK,539939,INE571U01010,YASHCHEM,X,,,,,Yash Chemex Limited,52.29,55.44,50.76,52.29,52.9,51.26,,52.29,,,7419,391151,126,F1,1,,,,,
10-09-2026,10-09-2026,CM,BSE,STK,539945,INF109KC11V0,NV20IETF,B,,,,,ICICI Prudential NV20 ETF,13.26,13.31,13.22,13.24,13.22,13.31,,13.24,,,72223,956813,494,F1,1,,,,,
10-09-2026,10-09-2026,CM,BSE,STK,539946,INE217E01014,BAZELINTER,XT,,,,,Bazel International Limited,21.73,22.85,21.73,22.12,22.12,22.85,,22.12,,,629,14290,10,F1,1,,,,,
10-09-2026,10-09-2026,CM,BSE,STK,539947,INE919T01013,JLL,XT,,,,,JINDAL LEASEFIN LIMITED,88,88,79.94,87.39,87.39,84.14,,87.39,,,2830,231177,31,F1,1,,,,,
10-09-2026,10-09-2026,CM,BSE,STK,539956,INE524T01011,TAALTECH,B,,,,,TAAL TECH LIMITED,4881.05,5242,4849,5188.3,5188.3,4888.7,,5197.88,,,2592,13024850,729,F1,1,,,,,
10-09-2026,10-09-2026,CM,BSE,STK,539957,INE002S01010,MGL,A,,,,,Mahanagar Gas Limited,1080.05,1106.4,1080.05,1101.05,1101.05,1084.45,,1100.81,,,6638,7283566,637,F1,1,,,,,
10-09-2026,10-09-2026,CM,BSE,STK,539963,INE819S01025,ZEAL,X,,,,,Zeal Aqua Limited,11.24,11.7,10.94,11.11,11.11,11.05,,11.11,,,175167,1977098,263,F1,1,,,,,
10-09-2026,10-09-2026,CM,BSE,STK,539978,INE615P01015,QUESS,B,,,,,Quess Corp Limited,358.55,359.9,349.55,354.85,350.8,354.55,,355.09,,,17363,6155064,670,F1,1,,,,,
10-09-2026,10-09-2026,CM,BSE,STK,539979,INE731U01028,DIGJAMLMTD,B,,,,,DIGJAM LIMITED,52.99,61.78,52.99,61.78,61.78,51.49,,61.84,,,41729,2558596,180,F1,1,,,,,
10-09-2026,10-09-2026,CM,BSE,STK,539980,INF109KC10W0,MIDSELIETF,B,,,,,ICICI Prudential BSE Midcap Se,19.8,19.82,19.68,19.69,19.68,19.83,,19.65,,,4061,80230,71,F1,1,,,,,
10-09-2026,10-09-2026,CM,BSE,STK,539985,INE120V01014,TITAANIUM,MT,,,,,Titaanium Ten Enterprise Limit,16.9,17.8,16.55,17.8,17.8,17.1,,17.8,,,8000,134820,8,F1,1000,,,,,
10-09-2026,10-09-2026,CM,BSE,STK,539986,INE073V01015,COMSYN,B,,,,,Commercial Syn Bags Limited,300.85,302.05,297.35,298.8,299.9,301.55,,299,,,6299,1888743,123,F1,1,,,,,
10-09-2026,10-09-2026,CM,BSE,STK,539991,INE700F01024,CFEL,B,,,,,CONFIDENCE FUTURISTIC ENERGETE,40.9,46.87,40.9,44.48,44.48,39.06,,44.86,,,256946,11479823,2031,F1,1,,,,,
10-09-2026,10-09-2026,CM,BSE,STK,539992,INE093R01011,LLOYDSENGG,A,,,,,LLOYDS ENGINEERING WORKS LIMIT,81.13,81.98,80.49,80.63,81.25,81.23,,80.55,,,225879,18334881,1789,F1,1,,,,,
10-09-2026,10-09-2026,CM,BSE,STK,539997,INE552U01010,KPL,B,,,,,Kwality Pharmaceuticals Limite,3579.9,3600,3469.55,3514.4,3513.3,3579.85,,3512.05,,,4038,14170984,771,F1,1,,,,,
10-09-2026,10-09-2026,CM,BSE,STK,540005,INE214T01019,LTM,A,,,,,LTM LIMITED,4362.9,4434,4311.4,4350,4350,4403.1,,4373.78,,,6082,26596131,1072,F1,1,,,,,
10-09-2026,10-09-2026,CM,BSE,STK,540006,INE595R01023,EASTWEST,B,,,,,EAST WEST FREIGHT CARRIERS LTD,2.47,2.47,2.24,2.38,2.39,2.29,,2.34,,,249,594,8,F1,1,,,,,
10-09-2026,10-09-2026,CM,BSE,STK,540008,INF209KB10E8,BSLSENETFG,B,,,,,Aditya Birla Sun Life BSE Sens,77.62,77.62,75.49,75.5,75.49,75.73,,75.53,,,1289,97654,29,F1,1,,,,,
10-09-2026,10-09-2026,CM,BSE,STK,540023,INE621I01042,COLORCHIPS,X,,,,,COLORCHIPS NEW MEDIA LIMITED,11.11,11.5,10.51,11.36,11.38,11.11,,11.36,,,1896,21206,49,F1,1,,,,,
10-09-2026,10-09-2026,CM,BSE,STK,540025,INE837H01020,ADVENZYMES,B,,,,,Advanced Enzyme Technologies L,296.4,310.65,296.4,303.15,304.15,299.5,,303.35,,,19260,5881369,390,F1,1,,,,,
10-09-2026,10-09-2026,CM,BSE,STK,540026,INE213U01019,LAHL,X,,,,,Ladam Affortable Housing Limit,6.3,6.99,6.21,6.86,6.86,6.45,,6.86,,,954,6112,7,F1,1,,,,,
10-09-2026,10-09-2026,CM,BSE,STK,540047,INE917M01012,DBL,A,,,,,Dilip Buildcon Limited,429.95,439.9,404,407.65,404.95,392.45,,407.75,,,320329,135275342,7657,F1,1,,,,,
10-09-2026,10-09-2026,CM,BSE,STK,540048,INE212I01016,SPAL,B,,,,,S.P. Apparels Limited,999.3,1056.4,999.3,1028.8,1022.3,1008.85,,1029.68,,,1192,1224167,142,F1,1,,,,,
10-09-2026,10-09-2026,CM,BSE,STK,540061,INE412U01025,BIGBLOC,B,,,,,Bigbloc Construction Limited,40.5,41.1,40.1,40.19,40.93,40.83,,40.55,,,3174,127507,74,F1,1,,,,,
10-09-2026,10-09-2026,CM,BSE,STK,540065,INE976G01028,RBLBANK,A,,,,,RBL Bank Limited,412.6,417.05,409.2,409.4,409.4,416.8,,410.77,,,85542,35272826,1626,F1,1,,,,,
10-09-2026,10-09-2026,CM,BSE,STK,540066,INE345U01019,AMS,XT,,,,,AMS POLYMERS LIMITED,50,50,50,50,50,51,,50,,,212,10600,3,F1,1,,,,,
10-09-2026,10-09-2026,CM,BSE,STK,540073,INE153T01027,BLS,A,,,,,BLS International Services Ltd,237.15,238.5,235,235.65,235.45,236.4,,235.63,,,45062,10658049,921,F1,1,,,,,
10-09-2026,10-09-2026,CM,BSE,STK,540078,INE317V01016,MITSU,X,,,,,Mitsu Chem Plast Limited,179.55,179.55,173.1,176.8,177.6,179.55,,176.8,,,27634,4841311,317,F1,1,,,,,
10-09-2026,10-09-2026,CM,BSE,STK,540079,INE537U01037,SPRAYKING,B,,,,,Sprayking Limited,1.2,1.25,1.2,1.21,1.21,1.23,,1.21,,,134052,162257,181,F1,1,,,,,
10-09-2026,10-09-2026,CM,BSE,STK,540080,INE715T01031,DHATRE,B,,,,,Dhatre Udyog Limited,4.59,4.59,4.2,4.27,4.2,4.45,,4.16,,,21475,92408,61,F1,1,,,,,
10-09-2026,10-09-2026,CM,BSE,STK,540083,INE871L01013,TVVISION,T,,,,,TV VISION LIMITED,2.89,2.89,2.89,2.89,2.89,3.04,,2.88,,,11811,34133,21,F1,1,,,,,
10-09-2026,10-09-2026,CM,BSE,STK,540097,INE890S01026,GAMCO,X,,,,,GAMCO LIMITED,48.51,49.47,47.66,48.51,49.07,48.51,,48.51,,,33389,1625169,65,F1,1,,,,,
10-09-2026,10-09-2026,CM,BSE,STK,540115,INE010V01017,LTTS,A,,,,,L&T Technology Services Limite,3357.55,3408.15,3357,3377.3,3370,3360.55,,3377.87,,,1714,5784834,286,F1,1,,,,,
10-09-2026,10-09-2026,CM,BSE,STK,540124,INE934S01014,GNA,B,,,,,G N A Axles Limited,543,557.95,540.65,553.7,554.9,539.9,,553.94,,,16087,8853744,919,F1,1,,,,,
10-09-2026,10-09-2026,CM,BSE,STK,540125,INE583V01021,RADHIKAJWE,B,,,,,Radhika Jeweltech Limited,87.51,90.2,83.25,84.19,84.13,87.51,,84.15,,,135511,11754460,1074,F1,1,,,,,
10-09-2026,10-09-2026,CM,BSE,STK,540132,INE400R01018,SIIL,XT,,,,,Sabrimala Industries India Lim,16.85,17,16.01,16.51,16.89,16.85,,16.51,,,31225,520686,40,F1,1,,,,,
10-09-2026,10-09-2026,CM,BSE,STK,540133,INE726G01019,ICICIPRULI,A,,,,,ICICI Prudential Life Insuranc,462.7,473.5,456,473.5,473.5,460,,471,,,38089,17717379,3367,F1,1,,,,,
10-09-2026,10-09-2026,CM,BSE,STK,540134,INE818R01011,IISL,XT,,,,,ISHAAN INFRASTRUCTURE AND SHEL,15.65,15.65,15.65,15.65,15.65,14.91,,15.65,,,53,829,3,F1,1,,,,,
10-09-2026,10-09-2026,CM,BSE,STK,540135,INE202R01026,ARCFIN,X,,,,,ARC Finance Limited,0.49,0.49,0.47,0.48,0.48,0.49,,0.48,,,1139064,545753,624,F1,1,,,,,
10-09-2026,10-09-2026,CM,BSE,STK,540136,INE495S01016,HPL,B,,,,,HPL Electric & Power Limited,301.2,303.65,295.1,296.15,297.7,298.35,,295.81,,,5207,1565330,185,F1,1,,,,,
10-09-2026,10-09-2026,CM,BSE,STK,540143,INE184B01012,SAGARSOFT,X,,,,,Sagarsoft (India) Limited,93,98.89,93,98.19,98.1,93.66,,98.19,,,588,56479,22,F1,1,,,,,
10-09-2026,10-09-2026,CM,BSE,STK,540145,INE565V01010,VALIANTORG,T,,,,,Valiant Organics Limited,375.3,375.65,343,375.65,375.65,357.8,,377.45,,,13347,4964420,197,F1,1,,,,,
10-09-2026,10-09-2026,CM,BSE,STK,540147,INE700V01021,SHASHIJIT,X,,,,,Shashijit Infraprojects Limite,2.54,2.57,2.5,2.56,2.56,2.54,,2.56,,,53209,133135,31,F1,1,,,,,
10-09-2026,10-09-2026,CM,BSE,STK,540153,INE913H01037,ENDURANCE,A,,,,,Endurance Technologies Limited,2735,2740,2694.25,2716.6,2722,2754.35,,2715.91,,,2071,5625061,375,F1,1,,,,,
10-09-2026,10-09-2026,CM,BSE,STK,540154,INF194KA1T91,IDFSENSEXE,B,,,,,Bandhan Mutual Fund,815.4,816,811.92,811.92,811.92,818,,811.92,,,5,4075,3,F1,1,,,,,
10-09-2026,10-09-2026,CM,BSE,STK,540168,INE268T01015,SUPRAPFSL,X,,,,,Supra Pacific Financial Servic,34,34.39,33.5,34.31,34.34,33.93,,34.31,,,24973,851828,476,F1,1,,,,,
10-09-2026,10-09-2026,CM,BSE,STK,540173,INE572E01012,PNBHOUSING,A,,,,,PNB Housing Finance Limited,1137,1186,1132.4,1182.05,1182.05,1142.9,,1179.12,,,24448,28462889,1541,F1,1,,,,,
10-09-2026,10-09-2026,CM,BSE,STK,540174,INE298B01010,SOUTHERNIN,X,,,,,SOUTHERN INFOCONSULTANTS LIMIT,23.23,23.23,21.51,22.78,22.78,22.05,,22.78,,,614,13886,12,F1,1,,,,,
10-09-2026,10-09-2026,CM,BSE,STK,540175,INE964R01013,REGENCY,XT,,,,,REGENCY FINCORP LIMITED,46.01,46.98,45.26,46.34,46.35,46.34,,46.34,,,54538,2510761,137,F1,1,,,,,
10-09-2026,10-09-2026,CM,BSE,STK,540180,INE200M01039,VBL,A,,,,,Varun Beverages Limited,409.9,415.2,405.45,411.3,411.3,406,,410.51,,,229483,94309995,3794,F1,1,,,,,
10-09-2026,10-09-2026,CM,BSE,STK,540181,INE894E01028,SALEM,X,,,,,Salem Erode Investments Ltd.,26,26.5,25.3,25.41,25.41,26.2,,25.41,,,1628,42224,11,F1,1,,,,,
10-09-2026,10-09-2026,CM,BSE,STK,540190,INE789R01022,FRANKLININD,X,,,,,Franklin Industries Limited,0.31,0.33,0.3,0.32,0.33,0.31,,0.32,,,3278629,1036856,631,F1,1,,,,,
10-09-2026,10-09-2026,CM,BSE,STK,540192,INE341H01023,LKPSEC,B,,,,,LKP Securities Limited,15.56,16.25,15.56,16.22,16.25,15.7,,16.06,,,2249,36462,18,F1,1,,,,,
10-09-2026,10-09-2026,CM,BSE,STK,540198,INE186R01013,OSIAJEE,X,,,,,OSIAJEE TEXFAB LIMITED,280.1,285.5,269.9,270.25,270.25,280.1,,270.25,,,3458,936706,64,F1,1,,,,,
10-09-2026,10-09-2026,CM,BSE,STK,540199,INE850R01014,CMBL,X,,,,,Corporate Merchant Bankers Lim,41,41.02,40.85,40.85,40.85,43,,40.85,,,779,31834,15,F1,1,,,,,
10-09-2026,10-09-2026,CM,BSE,STK,540203,INE916U01025,SFL,A,,,,,Sheela Foam Limited,685,701,667.95,697.4,698.2,688.55,,697.91,,,21856,15026346,1038,F1,1,,,,,
10-09-2026,10-09-2026,CM,BSE,STK,540204,INE666Q01016,EIKO,X,,,,,EIKO LIFESCIENCES LIMITED,45.66,46.39,45.58,45.9,45.9,46.22,,45.9,,,6801,312796,56,F1,1,,,,,
10-09-2026,10-09-2026,CM,BSE,STK,540205,INE679V01027,AVL,A,,,,,Aditya Vision Limited,620.95,622.05,590.3,604.25,600.55,622.05,,603.55,,,22980,13854669,1556,F1,1,,,,,
10-09-2026,10-09-2026,CM,BSE,STK,540210,INE759V01019,HEADSUP,B,,,,,Heads UP Ventures Limited,7.15,7.27,6.86,6.86,6.86,6.75,,6.89,,,1056,7295,38,F1,1,,,,,
10-09-2026,10-09-2026,CM,BSE,STK,540212,INE586V01016,TCIEXP,B,,,,,TCI Express Limited,539.7,541.5,534,535.25,534,539.65,,535.39,,,644,346025,52,F1,1,,,,,
10-09-2026,10-09-2026,CM,BSE,STK,540222,INE947Q01028,LAURUSLABS,A,,,,,Laurus Labs Limited,1937.95,1981,1921.5,1936,1936,1933.25,,1944.98,,,90425,175453964,2927,F1,1,,,,,
10-09-2026,10-09-2026,CM,BSE,STK,540243,INE835U01027,NEWLIGHT,XT,,,,,NEW LIGHT INDUSTRIES LIMITED,1.39,1.44,1.34,1.4,1.4,1.4,,1.4,,,101223,138922,70,F1,1,,,,,
10-09-2026,10-09-2026,CM,BSE,STK,540252,INE607V01028,VSL,B,,,,,Viram Suvarn Limited,10.45,10.5,9.98,10.05,10,10.32,,10.05,,,427905,4372460,452,F1,1,,,,,
10-09-2026,10-09-2026,CM,BSE,STK,540254,INE245H01018,MTPL,XT,,,,,MARG TECHNO PROJECTS LIMITED,9.3,9.3,9.3,9.3,9.3,9.78,,9.3,,,47837,444884,56,F1,1,,,,,
10-09-2026,10-09-2026,CM,BSE,STK,540259,INE118R01032,SHANGAR,X,,,,,SHANGAR DECOR LIMITED,0.24,0.25,0.22,0.24,0.24,0.24,,0.24,,,3070292,721814,282,F1,1,,,,,
10-09-2026,10-09-2026,CM,BSE,STK,540266,INE804Q01013,GLCL,X,,,,,Globe Commercials Limited,18.9,18.9,17.36,17.94,17.94,17.97,,17.94,,,3966,70663,63,F1,1,,,,,
10-09-2026,10-09-2026,CM,BSE,STK,540267,INE318U01016,FLORACORP,X,,,,,Flora Corporation Limited,6.76,6.76,6.76,6.76,6.76,7.11,,6.76,,,1500,10140,8,F1,1,,,,,
10-09-2026,10-09-2026,CM,BSE,STK,540268,INE615R01029,TRU,B,,,,,TruCap Finance Limited,4.32,4.32,4.2,4.21,4.29,4.13,,4.28,,,15508,65808,18,F1,1,,,,,
10-09-2026,10-09-2026,CM,BSE,STK,540293,INE726V01018,PRICOLLTD,A,,,,,Pricol Limited,743.35,752.15,736.35,740.1,739,746.9,,739.61,,,12513,9283660,819,F1,1,,,,,
10-09-2026,10-09-2026,CM,BSE,STK,540310,INE181U01018,CFL,X,,,,,Classic Filaments Limited,67.77,67.77,64.69,67.77,67.77,61.61,,67.77,,,50927,3442112,180,F1,1,,,,,
10-09-2026,10-09-2026,CM,BSE,STK,540311,INE863T01013,JITFINFRA,B,,,,,JITF INFRALOGISTICS LIMITED,308,308.15,300,303.7,303.7,308.8,,300.98,,,904,274673,49,F1,1,,,,,
10-09-2026,10-09-2026,CM,BSE,STK,540332,INE978V01015,TANVI,M,,,,,Tanvi Foods (India) Limited,46.55,46.55,46.55,46.55,46.55,49,,46.55,,,1000,46550,1,F1,1000,,,,,
10-09-2026,10-09-2026,CM,BSE,STK,540358,INE655V01019,RMC,B,,,,,RMC SWITCHGEARS LIMITED,222,229.9,215,217.15,219,222.8,,216.01,,,23008,5145375,614,F1,1,,,,,
10-09-2026,10-09-2026,CM,BSE,STK,540360,INE715Q01029,LLFICL,T,,,,,LEADING LEASING FINANCE AND IN,1.23,1.23,1.23,1.23,1.23,1.25,,1.23,,,128746,158357,134,F1,1,,,,,
10-09-2026,10-09-2026,CM,BSE,STK,540361,INE575D01041,DANUBE,XT,,,,,DANUBE INDUSTRIES LIMITED,4.61,4.78,4.56,4.56,4.56,4.79,,4.56,,,163166,754259,360,F1,1,,,,,
10-09-2026,10-09-2026,CM,BSE,STK,540366,INE919I01024,RADIOCITY,B,,,,,Music Broadcast Limited,6.86,6.86,6.11,6.25,6.22,6.28,,6.23,,,12865,80241,25,F1,1,,,,,
10-09-2026,10-09-2026,CM,BSE,STK,540376,INE192R01011,DMART,A,,,,,Avenue Supermarts Limited,3731,3731,3664.1,3667.65,3667.65,3730,,3689.92,,,472737,1735149637,2259,F1,1,,,,,
10-09-2026,10-09-2026,CM,BSE,STK,540377,INE714U01024,IFL,B,,,,,IFL ENTERPRISES LIMITED,0.33,0.33,0.31,0.33,0.33,0.33,,0.33,,,2196811,706819,454,F1,1,,,,,
10-09-2026,10-09-2026,CM,BSE,STK,540386,INE989S01042,ONTIC,XT,,,,,Ontic Finserve Limited,1.69,1.69,1.69,1.69,1.69,1.72,,1.69,,,19145,32355,16,F1,1,,,,,
10-09-2026,10-09-2026,CM,BSE,STK,540393,INE017W01010,SMLT,B,,,,,Sarthak Metals Limited,62.1,62.9,60.54,60.97,60.87,62.17,,61.42,,,1270,77271,20,F1,1,,,,,
10-09-2026,10-09-2026,CM,BSE,STK,540395,INE298W01016,CHEMCRUX,B,,,,,Chemcrux Enterprises Limited,83,99,82.76,84.49,85,82.78,,84.97,,,2456,208828,42,F1,1,,,,,
10-09-2026,10-09-2026,CM,BSE,STK,540396,INE784W01015,MANOMAY,B,,,,,Manomay Tex India Limited,233.45,235.55,230.35,234.8,235,230.05,,234.86,,,12215,2832673,423,F1,1,,,,,
10-09-2026,10-09-2026,CM,BSE,STK,540401,INE544W01021,MAXIMUS,X,,,,,Maximus International Limited,14.4,14.8,14.3,14.69,14.69,14.51,,14.69,,,252968,3720822,115,F1,1,,,,,
10-09-2026,10-09-2026,CM,BSE,STK,540403,INE201M01029,CLEDUCATE,B,,,,,CL Educate Limited,58.75,59.99,58.25,59.51,59.9,58.8,,59.96,,,431,25501,18,F1,1,,,,,
10-09-2026,10-09-2026,CM,BSE,STK,540404,INE442V01012,PRIMEFRESH,B,,,,,PRIME FRESH LIMITED,167.6,170,160.2,163.85,163,166.8,,163.85,,,10977,1790877,78,F1,1,,,,,
10-09-2026,10-09-2026,CM,BSE,STK,540405,INE711V01010,OCEANIC,X,,,,,Oceanic Foods Limited,52.4,53.7,51,52.9,53,50.7,,52.9,,,7485,391022,49,F1,1,,,,,
10-09-2026,10-09-2026,CM,BSE,STK,540425,INE274V01019,SHANKARA,B,,,,,Shankara Building Products Lim,148.55,149,148.1,148.5,148.2,148.35,,148.42,,,2120,314646,36,F1,1,,,,,
10-09-2026,10-09-2026,CM,BSE,STK,540455,INE953W01016,ESCORP,B,,,,,Escorp Asset Management Limite,106.1,119.95,106.1,118.5,119.95,111,,118.5,,,3584,420126,28,F1,1,,,,,
10-09-2026,10-09-2026,CM,BSE,STK,540481,INE949C01016,CLFL,X,,,,,Classic Leasing & Finance Ltd.,53.5,53.5,53.5,53.5,53.5,55,,53.5,,,1,53,1,F1,1,,,,,
10-09-2026,10-09-2026,CM,BSE,STK,540492,INE594W01042,STARLENT,B,,,,,STARLINEPS ENTERPRISES LIMITED,9,9,8.99,9,9,8.58,,9,,,328474,2955786,173,F1,1,,,,,
10-09-2026,10-09-2026,CM,BSE,STK,540497,INE807K01035,SCHAND,B,,,,,S Chand And Company Limited,135,135.5,134.25,135.5,135.5,135.9,,135.42,,,529,71416,26,F1,1,,,,,
10-09-2026,10-09-2026,CM,BSE,STK,540519,INE343X01026,MEERA,B,,,,,Meera Industries Limited,32.16,32.89,30.13,30.99,31.36,31.5,,30.99,,,8380,262135,216,F1,1,,,,,
10-09-2026,10-09-2026,CM,BSE,STK,540526,INE183W23014,IRBINVIT,IF,,,,,IRB InvIT Fund,64.41,64.57,63.99,64.36,64.36,64.56,,64.15,,,53160,3424248,501,F1,1,,,,,
10-09-2026,10-09-2026,CM,BSE,STK,540530,INE031A01017,HUDCO,A,,,,,Housing &Urban Development Cor,175.35,177.1,173,174.05,174.05,175.45,,174.08,,,190338,33304502,2812,F1,1,,,,,
10-09-2026,10-09-2026,CM,BSE,STK,540544,INE488V01015,PSPPROJECT,B,,,,,PSP Projects Limited,877.95,880.85,861.95,864.4,866.6,880.95,,865,,,1610,1400994,128,F1,1,,,,,
10-09-2026,10-09-2026,CM,BSE,STK,540545,INE986W01016,GKL,X,,,,,GURU KRUPA GEMS AND JEWELLERY,40.5,40.5,37.75,39.86,39.86,39.51,,39.86,,,260916,10352065,448,F1,1,,,,,
10-09-2026,10-09-2026,CM,BSE,STK,540565,INE219X23014,INDIGRID,IF,,,,,IndiGrid Infrastructure Trust,174.7,174.92,173.84,174.5,174.12,173.97,,173.9,,,20633,3591321,213,F1,1,,,,,
10-09-2026,10-09-2026,CM,BSE,STK,540570,INE717F01028,VARIMAN,X,,,,,VARIMAN GLOBAL ENTERPRISES LIM,4.41,4.87,4.41,4.87,4.87,4.64,,4.87,,,336474,1550115,155,F1,1,,,,,
10-09-2026,10-09-2026,CM,BSE,STK,540575,INE460H01021,STARCEMENT,B,,,,,Star Cement Limited,193.7,195.4,191.05,194.65,194.85,191.5,,194.68,,,4250,819771,195,F1,1,,,,,
10-09-2026,10-09-2026,CM,BSE,STK,540590,INE325X01015,RIDDHICORP,X,,,,,Riddhi Corporate Services Limi,57,57,56.25,57,57,58,,57,,,219,12477,4,F1,1,,,,,
10-09-2026,10-09-2026,CM,BSE,STK,540595,INE010J01012,TEJASNET,A,,,,,Tejas Networks Limited,576.8,591.5,546.6,549.25,552.65,575.85,,549.78,,,189940,107747268,4280,F1,1,,,,,
10-09-2026,10-09-2026,CM,BSE,STK,540596,INE406M01024,ERIS,A,,,,,Eris Lifesciences Limited,1339,1358.95,1324.75,1354.65,1354.65,1335.35,,1356.49,,,2496,3357211,304,F1,1,,,,,
10-09-2026,10-09-2026,CM,BSE,STK,540597,INE319U01022,CONTAINER,X,,,,,Containerway International Lim,17.88,17.88,15.5,17.34,17.34,16.96,,17.34,,,2262,38704,43,F1,1,,,,,
10-09-2026,10-09-2026,CM,BSE,STK,540602,INE869I01013,GTPL,B,,,,,GTPL Hathway Limited,59,60.2,58.16,59.84,59.45,58.15,,59.75,,,4107,243779,143,F1,1,,,,,
10-09-2026,10-09-2026,CM,BSE,STK,540611,INE949L01017,AUBANK,A,,,,,AU Small Finance Bank Limited,1057.75,1065,1047.55,1065,1065,1061,,1054.83,,,38074,40055896,1891,F1,1,,,,,
10-09-2026,10-09-2026,CM,BSE,STK,540612,INF109KC19U5,LOWVOLIETF,B,,,,,ICICI Prudential Nifty Low Vol,21.88,21.88,21.46,21.55,21.65,21.69,,21.51,,,8471,182344,272,F1,1,,,,,
10-09-2026,10-09-2026,CM,BSE,STK,540615,INE413X01035,7NR,XT,,,,,7NR Retail Limited,7.1,7.2,6.95,6.97,7.07,7.05,,6.97,,,30676,215605,115,F1,1,,,,,
10-09-2026,10-09-2026,CM,BSE,STK,540642,INE170V01027,SALASAR,B,,,,,Salasar Techno Engineering Lim,5.07,5.12,5.01,5.02,5.04,5.08,,5.03,,,364680,1842502,1389,F1,1,,,,,
10-09-2026,10-09-2026,CM,BSE,STK,540647,INE335W01016,GANGESSECU,B,,,,,Ganges Securities Ltd.,116.15,116.15,114.85,114.85,114.85,117.9,,115.62,,,502,57888,14,F1,1,,,,,
10-09-2026,10-09-2026,CM,BSE,STK,540648,INE471W01019,PALASHSECU,B,,,,,Palash Securities Limited,88,99.7,88,99.5,99.5,88.05,,87.99,,,1030,95956,9,F1,1,,,,,
10-09-2026,10-09-2026,CM,BSE,STK,540649,INE349W01017,AVADHSUGAR,B,,,,,AVADH SUGAR & ENERGY LIMITED,817.5,826,783.05,794.15,794.15,821.7,,794.44,,,4997,4063823,190,F1,1,,,,,
10-09-2026,10-09-2026,CM,BSE,STK,540650,INE347W01011,MAGADSUGAR,B,,,,,Magadh Sugar & Energy Limited,565,565,551,555.25,551,560.05,,554.65,,,834,470499,117,F1,1,,,,,
10-09-2026,10-09-2026,CM,BSE,STK,540654,INE632W01016,GSTL,X,,,,,GlobalSpace Technologies Limit,37.87,37.87,35,35.02,35,36.34,,35.02,,,42420,1494379,176,F1,1,,,,,
10-09-2026,10-09-2026,CM,BSE,STK,540669,INF789F1AUW9,NEXT50BETA,B,,,,,UTI Mutual Fund,78.95,78.95,78.23,78.64,78.64,78.72,,78.34,,,1444,113404,27,F1,1,,,,,
10-09-2026,10-09-2026,CM,BSE,STK,540673,INE285J01028,SIS,B,,,,,SIS LIMITED,431.1,431.1,421.9,422.9,423.8,426.45,,422.95,,,13267,5651399,589,F1,1,,,,,
10-09-2026,10-09-2026,CM,BSE,STK,540678,INE704P01025,COCHINSHIP,A,,,,,Cochin Shipyard Limited,1560,1571,1521.95,1524.85,1524.85,1554.3,,1520.82,,,91001,140699744,3137,F1,1,,,,,
10-09-2026,10-09-2026,CM,BSE,STK,540680,INE880L01014,KIOCL,B,,,,,KIOCL Limited,375.85,380,365.6,367.55,368.65,373.65,,367.9,,,5085,1890691,287,F1,1,,,,,
10-09-2026,10-09-2026,CM,BSE,STK,540686,INE172E01011,SMRUTHIORG,X,,,,,Smruthi Organics Limited,169,175.3,158.25,161.5,161.5,168.8,,161.5,,,36269,6136696,340,F1,1,,,,,
10-09-2026,10-09-2026,CM,BSE,STK,540691,INE674K01013,ABCAPITAL,A,,,,,Aditya Birla Capital Ltd,400.3,401.7,395.95,400,400,398.8,,400,,,278670,110895935,746,F1,1,,,,,
10-09-2026,10-09-2026,CM,BSE,STK,540692,INE346W01013,APEX,B,,,,,Apex Frozen Foods Limited,375.85,378.85,373,374.1,373,380.25,,374.69,,,2137,803439,128,F1,1,,,,,
10-09-2026,10-09-2026,CM,BSE,STK,540693,INE145Y01023,SHISHIND,X,,,,,Shish Industries Limited,16.05,16.95,16,16.46,16.46,15.57,,16.46,,,3191944,52685025,2444,F1,1,,,,,
10-09-2026,10-09-2026,CM,BSE,STK,540694,INE236W01016,ANG,T,,,,,ANG Lifesciences India Limited,35.75,35.8,35.75,35.8,35.8,35.8,,35.8,,,3405,121798,15,F1,1,,,,,
10-09-2026,10-09-2026,CM,BSE,STK,540696,INE185U01035,KCDGROUP,XT,,,,,KCD INDUSTRIES INDIA LIMITED,4.19,4.19,4.1,4.1,4.1,4.06,,4.1,,,13962,57345,30,F1,1,,,,,
10-09-2026,10-09-2026,CM,BSE,STK,540699,INE935N01020,DIXON,A,,,,,Dixon Technologies (India) Lim,13860,13860,13350.6,13405,13405,13820.3,,13497.29,,,18954,257414378,5095,F1,1,,,,,
10-09-2026,10-09-2026,CM,BSE,STK,540700,INE727S01012,BRNL,B,,,,,Bharat Road Network Limited,17,17,16.61,16.64,16.61,16.58,,16.65,,,597,10034,20,F1,1,,,,,
10-09-2026,10-09-2026,CM,BSE,STK,540701,INE385W01011,DCAL,B,,,,,Dishman Carbogen Amcis Limited,172,172.2,167.05,167.55,168.55,170.9,,167.49,,,15450,2608037,238,F1,1,,,,,
10-09-2026,10-09-2026,CM,BSE,STK,540703,INE438C01010,PROCLB,X,,,,,PRO CLB GLOBAL LIMITED,36.52,36.52,36.5,36.52,36.52,34.79,,36.52,,,160827,5872057,56,F1,1,,,,,
10-09-2026,10-09-2026,CM,BSE,STK,540704,INE866R01028,MATRIMONY,B,,,,,Matrimony.com Limited,512.1,513.1,508.95,509.7,510,512.1,,510.58,,,136,69425,23,F1,1,,,,,
10-09-2026,10-09-2026,CM,BSE,STK,540709,INE217K01011,RHFL,Z,,,,,Reliance Home Finance Limited,1.83,1.88,1.77,1.8,1.81,1.8,,1.8,,,114061,206641,137,F1,1,,,,,
10-09-2026,10-09-2026,CM,BSE,STK,540710,INE264T01014,CAPACITE,B,,,,,Capacite Infraprojects Limited,200.05,201.8,195.05,195.8,195.5,199.45,,196.23,,,11494,2281591,207,F1,1,,,,,
10-09-2026,10-09-2026,CM,BSE,STK,540716,INE765G01017,ICICIGI,A,,,,,ICICI Lombard General Insuranc,1467.05,1475.35,1459.75,1474,1474,1487,,1465.35,,,172320,252708558,1619,F1,1,,,,,
10-09-2026,10-09-2026,CM,BSE,STK,540717,INE689M01025,PQIF,X,,,,,Polo Queen Industrial and Fint,9.25,9.25,8.67,9.03,9.05,9.1,,9.03,,,75320,671968,269,F1,1,,,,,
10-09-2026,10-09-2026,CM,BSE,STK,540718,INE777X01017,AAYUSHBULL,M,,,,,AAYUSH ART AND BULLION LIMITED,1256.8,1266,1256.4,1263.4,1263.4,1261.05,,1263.4,,,76750,96799518,394,F1,125,,,,,
10-09-2026,10-09-2026,CM,BSE,STK,540719,INE123W01016,SBILIFE,A,,,,,SBI Life Insurance Company Lim,1685,1705.3,1674.05,1701,1701,1685,,1700.6,,,18386,31115241,1207,F1,1,,,,,
10-09-2026,10-09-2026,CM,BSE,STK,540724,INE393P01035,DIAMONDYD,B,,,,,Prataap Snacks Limited,1111,1122.5,1104.6,1111.9,1116.3,1116.7,,1115.6,,,223,248464,118,F1,1,,,,,
10-09-2026,10-09-2026,CM,BSE,STK,540725,INE932X01026,SHAREINDIA,B,,,,,Share India Securities Limited,190.05,212,190.05,196.45,196.45,189.75,,196.32,,,1859537,379146800,16044,F1,1,,,,,
10-09-2026,10-09-2026,CM,BSE,STK,540726,INE071Y01013,TTFL,X,,,,,Trident Texofab Limited,22.99,23.2,22.1,23.07,23.07,22.1,,23.07,,,32208,738528,124,F1,1,,,,,
10-09-2026,10-09-2026,CM,BSE,STK,540727,INE973X01012,POOJA,B,,,,,Poojawestern Metaliks Limited,17.99,17.99,15.61,16.84,16.8,17.22,,16.84,,,20189,336613,128,F1,1,,,,,
10-09-2026,10-09-2026,CM,BSE,STK,540729,INE695X01011,VANTABIO,MT,,,,,Vanta Bioscience Limited,18.62,20.58,18.62,20.58,20.58,19.6,,20.58,,,5250,99225,7,F1,750,,,,,
10-09-2026,10-09-2026,CM,BSE,STK,540730,INE062Y01020,MEHAI,X,,,,,Mehai Technology  Limited,1.19,1.21,1.13,1.15,1.15,1.19,,1.15,,,1132086,1306274,351,F1,1,,,,,
10-09-2026,10-09-2026,CM,BSE,STK,540735,INE864K01010,IRIS,B,,,,,IRIS RegTech Solutions Limited,252.85,255.35,248.55,248.95,248.55,251.6,,249.08,,,878,222724,81,F1,1,,,,,
10-09-2026,10-09-2026,CM,BSE,STK,540737,INE414Y01015,SGRL,B,,,,,Shree Ganesh Remedies Limited,679,679,618,629.45,634,665.65,,631.51,,,4250,2679502,239,F1,1,,,,,
10-09-2026,10-09-2026,CM,BSE,STK,540738,INE402Y01028,STL,B,,,,,Shreeji Translogistics Limited,8.19,8.2,8.02,8.06,8.06,8.08,,8.06,,,35382,287936,100,F1,1,,,,,
10-09-2026,10-09-2026,CM,BSE,STK,540743,INE850D01014,GODREJAGRO,A,,,,,Godrej Agrovet Limited,674.35,683.3,665,672,673.55,674.45,,673.02,,,25970,17547734,725,F1,1,,,,,
10-09-2026,10-09-2026,CM,BSE,STK,540749,INE348L01012,MASFIN,B,,,,,MAS Financial Services Limited,289.3,296.2,287.05,293.7,294.3,289.5,,294.43,,,5103,1480615,184,F1,1,,,,,
10-09-2026,10-09-2026,CM,BSE,STK,540750,INE022Q01020,IEX,A,,,,,Indian Energy Exchange Limited,117.6,118.65,116.1,116.45,116.45,118.1,,116.62,,,327180,38311741,4790,F1,1,,,,,
10-09-2026,10-09-2026,CM,BSE,STK,540755,INE481Y01014,GICRE,A,,,,,General Insurance Corporation,349.05,350.2,343,344.2,344.2,350.05,,343.75,,,38618,13356344,1030,F1,1,,,,,
10-09-2026,10-09-2026,CM,BSE,STK,540757,INE501Y01019,SCPL,T,,,,,SHEETAL COOL PRODUCTS LIMITED,636,658,636,649.4,650,649.7,,643.94,,,208,135844,31,F1,1,,,,,
10-09-2026,10-09-2026,CM,BSE,STK,540762,INE974X01010,TIINDIA,A,,,,,Tube Investments of India Ltd,2668.35,2671.7,2633.05,2650,2650,2685.25,,2651.98,,,7103,18812707,876,F1,1,,,,,
10-09-2026,10-09-2026,CM,BSE,STK,540767,INE298J01013,NAM-INDIA,A,,,,,NIPPON LIFE INDIA ASSET MANAGE,1154.8,1262.2,1152.85,1188.5,1188.5,1165.9,,1185.03,,,16304,19086176,957,F1,1,,,,,
10-09-2026,10-09-2026,CM,BSE,STK,540768,INE766P01016,MAHLOG,B,,,,,Mahindra Logistics Limited,399.25,401.35,397,399.7,399.5,402.05,,400.1,,,2173,867684,104,F1,1,,,,,
10-09-2026,10-09-2026,CM,BSE,STK,540769,INE470Y01017,NIACL,A,,,,,The New India Assurance Compan,205.75,207.3,196.4,197.5,197.5,205.75,,197.36,,,556752,111623400,5140,F1,1,,,,,
10-09-2026,10-09-2026,CM,BSE,STK,540774,INE133Y01011,IFGLEXPOR,B,,,,,IFGL Refractories Limited,216.75,219.85,210.85,212.75,212.75,213.8,,212.55,,,3221,695698,102,F1,1,,,,,
10-09-2026,10-09-2026,CM,BSE,STK,540775,INE834I01025,KHADIM,T,,,,,Khadim India Limited,121.7,121.7,121.7,121.7,121.7,119.35,,121.7,,,3037,369602,19,F1,1,,,,,
10-09-2026,10-09-2026,CM,BSE,STK,540776,INE618L01018,5PAISA,B,,,,,5paisa Capital Limited,336.4,342.2,330.65,332.95,334.3,334.75,,332.51,,,1351,452050,102,F1,1,,,,,
10-09-2026,10-09-2026,CM,BSE,STK,540777,INE795G01014,HDFCLIFE,A,,,,,HDFC LIFE INSURANCE COMPANY LI,515.95,525.5,508.7,525,525,514.35,,526.14,,,321633,165746166,2728,F1,1,,,,,
10-09-2026,10-09-2026,CM,BSE,STK,540786,INE669Y01022,SHARIKA,T,,,,,SHARIKA ENTERPRISES LIMITED,18.98,18.98,17.93,18.19,18.19,18.85,,18.19,,,39295,715281,101,F1,1,,,,,
10-09-2026,10-09-2026,CM,BSE,STK,540787,INF109KB15Y7,ICICIB22,B,,,,,ICICI Prudential Mutual Fund,110.85,114.36,110.85,113.52,113.6,113.7,,113.5,,,11181,1270804,348,F1,1,,,,,
10-09-2026,10-09-2026,CM,BSE,STK,540788,INE500C01017,ASPIRA,XT,,,,,Aspira Pathlab & Diagnostics L,94.56,95.01,94.56,94.56,94.56,92.71,,94.56,,,297,28129,8,F1,1,,,,,
10-09-2026,10-09-2026,CM,BSE,STK,540789,INE016M01021,DNAMEDIA,B,,,,,Diligent Media Corporation Lim,2.51,2.54,2.43,2.43,2.43,2.51,,2.48,,,4516,11136,29,F1,1,,,,,
10-09-2026,10-09-2026,CM,BSE,STK,540795,INE600Y01019,DYCL,B,,,,,Dynamic Cables Limited,458.7,476.45,452,455.2,455.2,456.95,,454.68,,,50776,23622911,1511,F1,1,,,,,
10-09-2026,10-09-2026,CM,BSE,STK,540797,INE597J01018,SHALBY,B,,,,,Shalby Limited,147.15,150.85,145.7,146.6,145.7,148.9,,145.99,,,5018,739802,174,F1,1,,,,,
10-09-2026,10-09-2026,CM,BSE,STK,540809,INE333Y01017,MRCAGRO,B,,,,,MRC AGROTECH LIMITED,29.68,29.74,27.66,29.19,29.25,28.86,,29.19,,,105771,3012308,282,F1,1,,,,,
10-09-2026,10-09-2026,CM,BSE,STK,540821,INE994R01028,CRYSTAL,X,,,,,CRYSTAL BUSINESS SYSTEM LIMITE,2.09,2.09,1.93,2.03,2.03,2.05,,2.03,,,24325,48780,87,F1,1,,,,,
10-09-2026,10-09-2026,CM,BSE,STK,540824,INE646X01014,ASTRON,Z,,,,,Astron Paper & Board Mill Limi,3.09,3.09,2.94,3.02,3.02,3,,3,,,2396,7244,16,F1,1,,,,,
10-09-2026,10-09-2026,CM,BSE,STK,540829,INE371F01024,CHANDRIMA,XT,,,,,Chandrima Mercantiles limited,15.22,15.22,15.22,15.22,15.22,15.53,,15.22,,,6355,96723,67,F1,1,,,,,
10-09-2026,10-09-2026,CM,BSE,STK,540850,INE841Y01019,JFL,M,,,,,Jhandewalas Foods Limited,20.99,23,20.99,22.86,22.22,21.02,,22.86,,,22000,493830,15,F1,1000,,,,,
10-09-2026,10-09-2026,CM,BSE,STK,540874,INE454F01010,7SEASL,X,,,,,7SEAS ENTERTAINMENT LIMITED,112.89,112.89,102.01,106.88,106.9,107.92,,106.88,,,63066,6800626,228,F1,1,,,,,
10-09-2026,10-09-2026,CM,BSE,STK,540879,INE713T01028,APOLLO,A,,,,,Apollo Micro Systems Limited,422.9,423.2,408.1,412.9,412.9,422.2,,413.18,,,417608,172935126,5576,F1,1,,,,,
10-09-2026,10-09-2026,CM,BSE,STK,540900,INE619B01017,NEWGEN,A,,,,,Newgen Software Technologies L,515.6,521.5,505.3,507.65,507.65,512.5,,507.9,,,18067,9296060,607,F1,1,,,,,
10-09-2026,10-09-2026,CM,BSE,STK,540901,INE546Y01022,PRAXIS,B,,,,,Praxis Home Retail Limited,4.73,4.92,4.47,4.7,4.7,4.7,,4.71,,,30034,140679,119,F1,1,,,,,
10-09-2026,10-09-2026,CM,BSE,STK,540902,INE371P01015,AMBER,A,,,,,Amber Enterprises India Limite,7195.6,7305,7181.55,7276.85,7276.85,7245.95,,7279.84,,,4453,32241374,771,F1,1,,,,,
10-09-2026,10-09-2026,CM,BSE,STK,540904,INE115G01015,TIRUFOAM,XT,,,,,TIRUPATI FOAM LIMITED,101.1,101.1,101.1,101.1,101.1,106.4,,101.1,,,68,6874,2,F1,1,,,,,
10-09-2026,10-09-2026,CM,BSE,STK,540914,INE425C01017,SRUSTEELS,XT,,,,,SRU Steels Limited,1.52,1.52,1.42,1.46,1.47,1.49,,1.46,,,19996,29293,81,F1,1,,,,,
10-09-2026,10-09-2026,CM,BSE,STK,540923,INE760Y01011,ASHOKAMET,B,,,,,Ashoka Metcast Limited,14.7,14.7,14.24,14.26,14.26,14.7,,14.3,,,5409,77202,45,F1,1,,,,,
10-09-2026,10-09-2026,CM,BSE,STK,540935,INE600K01018,GALAXYSURF,B,,,,,Galaxy Surfactants Limited,2306.5,2323,2235.2,2252.35,2235.2,2289.25,,2247.54,,,1847,4212182,324,F1,1,,,,,
10-09-2026,10-09-2026,CM,BSE,STK,540936,INE063Z01017,GGL,X,,,,,Gautam Gems Limited,2.99,3.1,2.98,2.99,2.98,3.04,,2.99,,,19304,58156,68,F1,1,,,,,
10-09-2026,10-09-2026,CM,BSE,STK,540937,INE630Y01024,MEDICO,B,,,,,MEDICO REMEDIES LIMITED,35.74,36.1,35,36,35.21,35.38,,35.43,,,16431,584979,112,F1,1,,,,,
10-09-2026,10-09-2026,CM,BSE,STK,540952,INE740X01023,LAL,B,,,,,LORENZINI APPARELS LIMITED,9.01,9.15,8.9,8.9,8.9,9.23,,8.89,,,9042,81168,39,F1,1,,,,,
10-09-2026,10-09-2026,CM,BSE,STK,540953,INE923Y01023,KENVI,B,,,,,Kenvi Jewels Limited,2.05,2.11,1.85,2.03,2.04,1.98,,2.03,,,31174,62760,129,F1,1,,,,,
10-09-2026,10-09-2026,CM,BSE,STK,540954,INE586E01020,IWP,B,,,,,The Indian Wood Products Co. L,34.5,35.4,34.5,34.5,34.5,35.41,,34.43,,,4153,143374,18,F1,1,,,,,
10-09-2026,10-09-2026,CM,BSE,STK,540955,INE773Y01014,TDSL,Z,,,,,Tasty Dairy Specialities Limit,4.37,4.37,4.37,4.37,4.37,4.6,,4.37,,,7527,32892,36,F1,1,,,,,
10-09-2026,10-09-2026,CM,BSE,STK,540956,INE341Z01025,BHATIA,X,,,,,Bhatia Communications & Retail,31.4,32.68,31.12,32.39,32.39,32,,32.39,,,147821,4701877,322,F1,1,,,,,
10-09-2026,10-09-2026,CM,BSE,STK,540961,INE644Y01017,SHIVAMILLS,B,,,,,Shiva Mills Limited,63.2,63.2,63.2,63.2,63.2,60.22,,60.38,,,1,63,1,F1,1,,,,,
10-09-2026,10-09-2026,CM,BSE,STK,540975,INE914M01019,ASTERDM,A,,,,,ASTER DM QUALITY CARE LIMITED,779,781,765,766.7,767.35,780.05,,766.51,,,20163,15550454,1081,F1,1,,,,,
10-09-2026,10-09-2026,CM,BSE,STK,540980,INE868X01014,YSL,X,,,,,The Yamuna Syndicate Ltd,27050,27050,26851,26851,26851,27110,,26851,,,3,80951,3,F1,1,,,,,
10-09-2026,10-09-2026,CM,BSE,STK,541005,INE398L01017,KANCOTEA,B,,,,,KANCO TEA & INDUSTRIES LIMITED,56.7,56.7,55.27,55.27,55.27,55,,52.29,,,101,5583,2,F1,1,,,,,
10-09-2026,10-09-2026,CM,BSE,STK,541019,INE926X01010,HGINFRA,B,,,,,H.G. Infra Engineering Limited,478.05,495.85,478,488.4,485.05,478.05,,487.27,,,6192,3024410,212,F1,1,,,,,
10-09-2026,10-09-2026,CM,BSE,STK,541083,INE464Z01017,INFLAME,M,,,,,Inflame Appliances Limited,231.5,232.95,225.65,230,230,231.95,,230,,,5750,1329625,10,F1,250,,,,,
10-09-2026,10-09-2026,CM,BSE,STK,541096,INE365Y01019,BPLPHARMA,B,,,,,Bharat Parenterals Limited,1547.5,1646.4,1527.85,1550.55,1561,1532.2,,1558.52,,,38,58652,10,F1,1,,,,,
10-09-2026,10-09-2026,CM,BSE,STK,541097,INF740KA1EU7,LIQUIDETF,F,,,,,DSP NIFTY 1D Rate Liquid ETF,1000.01,1000.01,999.99,1000.01,1000.01,999.99,,999.99,,,918,918003,6,F1,1,,,,,
10-09-2026,10-09-2026,CM,BSE,STK,541112,INE452Z01012,SHREESHAY,M,,,,,Shreeshay Engineers Limited,24.83,24.83,24.83,24.83,24.83,26,,24.83,,,2000,49660,1,F1,2000,,,,,
10-09-2026,10-09-2026,CM,BSE,STK,541143,INE171Z01026,BDL,A,,,,,Bharat Dynamics Limited,1217.05,1220.7,1190,1191,1191,1217.1,,1194.47,,,71315,85522929,3469,F1,1,,,,,
10-09-2026,10-09-2026,CM,BSE,STK,541144,INE380Z01015,ACTIVE,B,,,,,Active Clothing Co  Limited,108.75,108.85,105.25,105.8,105.8,107.4,,105.8,,,3159,336976,100,F1,1,,,,,
10-09-2026,10-09-2026,CM,BSE,STK,541152,INE705X01026,GOYALALUM,B,,,,,GOYAL ALUMINIUMS LIMITED,6.05,6.27,6.01,6.25,6.22,6.17,,6.15,,,13124,79811,75,F1,1,,,,,
10-09-2026,10-09-2026,CM,BSE,STK,541153,INE545U01014,BANDHANBNK,A,,,,,Bandhan Bank Limited,172,174,169.5,173.9,173.9,171.3,,173.99,,,185750,31853418,2610,F1,1,,,,,
10-09-2026,10-09-2026,CM,BSE,STK,541154,INE066F01020,HAL,A,,,,,Hindustan Aeronautics Limited,5007.1,5052.85,4915.85,4955,4955,5007,,4950.12,,,90236,449361988,5980,F1,1,,,,,
10-09-2026,10-09-2026,CM,BSE,STK,541161,INE278R01034,DHARAN,Z,,,,,DHARAN INFRA-EPC LIMITED,0.19,0.19,0.19,0.19,0.19,0.19,,0.13,,,121783,23138,54,F1,1,,,,,
10-09-2026,10-09-2026,CM,BSE,STK,541163,INE278H01035,SANDHAR,B,,,,,Sandhar Technologies Limited,625,643,624.9,627.9,627.35,624.85,,627.26,,,6573,4167270,360,F1,1,,,,,
10-09-2026,10-09-2026,CM,BSE,STK,541167,INE616Z01012,YASHO,B,,,,,YASHO INDUSTRIES LIMITED,4008.75,4049,3941.35,3959.4,3960,3994.85,,3960,,,1822,7267005,360,F1,1,,,,,
10-09-2026,10-09-2026,CM,BSE,STK,541195,INE099Z01011,MIDHANI,A,,,,,Mishra Dhatu Nigam Limited,464,481.2,461,463.35,465.55,463.7,,463.35,,,116565,54864512,2551,F1,1,,,,,
10-09-2026,10-09-2026,CM,BSE,STK,541206,INE426Z01016,OBCL,B,,,,,OBCL Limited,59,59,58.9,58.98,59,54.77,,56.48,,,320,18875,6,F1,1,,,,,
10-09-2026,10-09-2026,CM,BSE,STK,541228,INE459Z01017,TRL,T,,,,,Taylormade Renewables Limited,61.25,62.98,59.5,61.99,62.4,62.5,,61.99,,,14255,860869,126,F1,1,,,,,
10-09-2026,10-09-2026,CM,BSE,STK,541233,INE970X01018,LEMONTREE,A,,,,,Lemon Tree Hotels Limited,106,106.75,105.5,105.65,105.65,106.25,,105.69,,,122064,12952190,1452,F1,1,,,,,
10-09-2026,10-09-2026,CM,BSE,STK,541269,INE783X01023,CHEMFAB,B,,,,,Chemfab Alkalis Ltd,371.05,396.25,371.05,382.55,382,370.4,,384.39,,,804,309974,67,F1,1,,,,,
10-09-2026,10-09-2026,CM,BSE,STK,541276,INE626Z01029,HARDWYN,B,,,,,HARDWYN INDIA LIMITED,9.02,9.51,9.02,9.12,9.34,9.04,,9.12,,,127129,1181379,215,F1,1,,,,,
10-09-2026,10-09-2026,CM,BSE,STK,541301,INE142Z01019,ORIENTELEC,B,,,,,Orient Electric Limited,176.2,176.2,173.3,173.8,174,175.15,,173.65,,,5178,902084,196,F1,1,,,,,
10-09-2026,10-09-2026,CM,BSE,STK,541302,INE506Z01015,DHRUV,B,,,,,Dhruv Consultancy Services Lim,24.1,25,22.8,23,23,24,,22.84,,,2693,62959,35,F1,1,,,,,
10-09-2026,10-09-2026,CM,BSE,STK,541303,INE256Z01025,AKSHAR,B,,,,,Akshar Spintex Limited,0.41,0.43,0.41,0.42,0.42,0.41,,0.42,,,445622,187167,83,F1,1,,,,,
10-09-2026,10-09-2026,CM,BSE,STK,541304,INE250Z01010,INDOUS,B,,,,,Indo US Bio-Tech Limited,80.49,80.5,75.26,77.74,77.6,80.49,,79.49,,,165,13220,35,F1,1,,,,,
10-09-2026,10-09-2026,CM,BSE,STK,541313,INF109KC1V59,BSE500IETF,B,,,,,ICICI Prudential BSE 500 ETF,39.1,39.1,38.7,38.92,38.96,39.1,,38.84,,,2133,83058,85,F1,1,,,,,
10-09-2026,10-09-2026,CM,BSE,STK,541336,INE896L01010,INDOSTAR,B,,,,,IndoStar Capital Finance Limit,247.45,250,246.2,247.45,247.5,247.15,,246.91,,,1545,382782,105,F1,1,,,,,
10-09-2026,10-09-2026,CM,BSE,STK,541337,INE424Z01011,MILEFUR,MT,,,,,Milestone Furniture Limited,28,28,27,27.8,27.8,28,,27.8,,,18000,497250,6,F1,3000,,,,,
10-09-2026,10-09-2026,CM,BSE,STK,541338,INE556Z01010,UHZAVERI,B,,,,,U. H. ZAVERI LIMITED,9.17,9.5,9.05,9.2,9.2,9.17,,9.2,,,27309,257626,28,F1,1,,,,,
10-09-2026,10-09-2026,CM,BSE,STK,541347,INE295Z01015,PARVATI,XT,,,,,Parvati Sweetners and Power Lt,7.13,7.37,6.95,7.21,7.25,7.28,,7.21,,,13613,95694,50,F1,1,,,,,
10-09-2026,10-09-2026,CM,BSE,STK,541352,INE00EM01016,MEGASTAR,B,,,,,Megastar Foods Limited,285,290,276.85,285,285,284.45,,284.95,,,124,35331,24,F1,1,,,,,
10-09-2026,10-09-2026,CM,BSE,STK,541353,INE870Z01015,INNOVATORS,M,,,,,Innovators Facade Systems Limi,108.6,118.8,108.5,114,114,114.15,,114,,,26400,3025120,14,F1,800,,,,,
10-09-2026,10-09-2026,CM,BSE,STK,541358,INE926R01012,UCIL,XT,,,,,UNIFINZ CAPITAL INDIA LIMITED,103.1,103.1,103,103,103,103.1,,103,,,3212,330941,10,F1,1,,,,,
10-09-2026,10-09-2026,CM,BSE,STK,541400,INE518E01015,ZIMLAB,B,,,,,ZIM Laboratories Limited,133.5,144.85,133.5,136.65,138.9,132.95,,136.44,,,17475,2419027,478,F1,1,,,,,
10-09-2026,10-09-2026,CM,BSE,STK,541402,INE692Z01013,AFFORDABLE,B,,,,,Affordable Robotic & Automatio,162,164,160,163.45,163.45,162.95,,162.36,,,3858,629645,399,F1,1,,,,,
10-09-2026,10-09-2026,CM,BSE,STK,541403,INE325C01035,DOLLAR,B,,,,,Dollar Industries Limited,275.2,275.2,267.9,271.8,270.8,274.05,,271.8,,,7936,2144359,245,F1,1,,,,,
10-09-2026,10-09-2026,CM,BSE,STK,541418,INE236Y01012,NGIL,B,,,,,NAKODA GROUP OF INDUSTRIES LIM,37.5,37.5,36.37,36.37,36.37,35.03,,34.68,,,2303,86359,2,F1,1,,,,,
10-09-2026,10-09-2026,CM,BSE,STK,541444,INE838Z01012,PALMJEWELS,X,,,,,Palm Jewels Limited,15.44,15.44,15.01,15.03,15.44,15.11,,15.03,,,4174,63660,29,F1,1,,,,,
10-09-2026,10-09-2026,CM,BSE,STK,541445,INE799N01012,WAA,M,,,,,Waa Solar Limited,53,53.9,51.49,51.89,52,51.46,,51.89,,,23200,1214064,28,F1,800,,,,,
10-09-2026,10-09-2026,CM,BSE,STK,541450,INE364U01010,ADANIGREEN,A,,,,,Adani Green Energy Limited,1323.95,1323.95,1293.5,1308,1308,1314.2,,1299.13,,,40943,53420181,2336,F1,1,,,,,
10-09-2026,10-09-2026,CM,BSE,STK,541503,INE250G01010,UNICK,X,,,,,Unick Fix-A- Form and Printers,43.02,43.02,43.01,43.01,43.01,43.01,,43.01,,,2,86,2,F1,1,,,,,
10-09-2026,10-09-2026,CM,BSE,STK,541540,INE624Z01016,SOLARA,B,,,,,SOLARA ACTIVE PHARMA SCIENCES,691.7,749.45,690,707.85,705.85,690,,707.26,,,66597,48062913,2114,F1,1,,,,,
10-09-2026,10-09-2026,CM,BSE,STK,541546,INE287Z01012,GAYAHWS,B,,,,,GAYATRI HIGHWAYS LTD,1.89,2,1.89,1.91,1.93,1.96,,1.9,,,29453,56658,65,F1,1,,,,,
10-09-2026,10-09-2026,CM,BSE,STK,541556,INE320J01015,RITES,A,,,,,RITES Limited,212.85,216,209.6,210.75,210.3,211.1,,210.8,,,33818,7182875,690,F1,1,,,,,
10-09-2026,10-09-2026,CM,BSE,STK,541557,INE686Y01026,FINEORG,A,,,,,Fine Organic Industries Limite,5149.05,5175.55,5128.95,5157.05,5160.5,5146.2,,5156.05,,,398,2051093,154,F1,1,,,,,
10-09-2026,10-09-2026,CM,BSE,STK,541578,INE665L01035,VARROC,A,,,,,Varroc Engineering Limited,839.15,889,839.15,886.55,872.75,838.9,,884.48,,,48652,42674264,3290,F1,1,,,,,
10-09-2026,10-09-2026,CM,BSE,STK,541601,INE685Z01033,RAJNISH,B,,,,,Rajnish Wellness Limited,0.4,0.4,0.38,0.39,0.39,0.4,,0.39,,,3334579,1305992,567,F1,1,,,,,
10-09-2026,10-09-2026,CM,BSE,STK,541627,INE173V01013,GUJWIND,XT,,,,,Gujarat Winding Systems Limite,9.4,9.4,9.4,9.4,9.4,9.4,,9.4,,,570,5358,6,F1,1,,,,,
10-09-2026,10-09-2026,CM,BSE,STK,541634,INE960Z01014,RAWEDGE,B,,,,,Raw Edge Industrial Solutions,15.44,15.5,14.5,15,15,15,,15,,,641,9677,9,F1,1,,,,,
10-09-2026,10-09-2026,CM,BSE,STK,541702,INE694W01024,ASHNI,XT,,,,,Ashnisha Industries Limited,2.57,2.58,2.48,2.54,2.54,2.57,,2.54,,,567808,1427979,701,F1,1,,,,,
10-09-2026,10-09-2026,CM,BSE,STK,541703,INE00WY01013,RACONTEUR,M,,,,,RACONTEUR GLOBAL RESOURCES LIM,10,10,10,10,10,9.67,,10,,,1600,16000,1,F1,1600,,,,,
10-09-2026,10-09-2026,CM,BSE,STK,541729,INE127D01025,HDFCAMC,A,,,,,HDFC Asset Management Company,2432.4,2446.5,2400,2438,2438,2427,,2433.8,,,27752,67397791,984,F1,1,,,,,
10-09-2026,10-09-2026,CM,BSE,STK,541735,INE299W01022,VIVANTA,X,,,,,Vivanta Industries Limited,1.89,2.24,1.85,1.93,1.88,1.88,,1.93,,,233114,460058,322,F1,1,,,,,
10-09-2026,10-09-2026,CM,BSE,STK,541741,INE401Z01019,FRATELLI,XT,,,,,Fratelli Vineyards Limited,132,136.25,129,129,129,131,,129,,,11428,1491226,53,F1,1,,,,,
10-09-2026,10-09-2026,CM,BSE,STK,541770,INE741K01010,CREDITACC,A,,,,,CreditAccess Grameen Ltd.,1397.05,1412,1397,1400.85,1402.2,1395.35,,1403.18,,,1566,2198948,158,F1,1,,,,,
10-09-2026,10-09-2026,CM,BSE,STK,541771,INE572Z01017,AMINTAN,XT,,,,,AMIN TANNERY LIMITED,2.21,2.21,2.21,2.21,2.21,2.32,,2.21,,,22225,49117,120,F1,1,,,,,
10-09-2026,10-09-2026,CM,BSE,STK,541778,INE00IY01012,DEEP,B,,,,,Deep Polymers Limited,37.17,42.96,36.51,40.31,41.39,36.96,,40.83,,,45842,1873265,355,F1,1,,,,,
10-09-2026,10-09-2026,CM,BSE,STK,541799,INE266S01011,SMEL,MT,,,,,Sungold Media and Entertainmen,19.9,20.05,19.9,20.05,20.05,19.1,,20.05,,,10000,199750,2,F1,5000,,,,,
10-09-2026,10-09-2026,CM,BSE,STK,541809,INF109KC1NS5,NEXT50IETF,B,,,,,ICICI Prudential Mutual Fund,76.35,77.5,76.35,76.67,76.87,77.07,,76.7,,,15768,1211017,379,F1,1,,,,,
10-09-2026,10-09-2026,CM,BSE,STK,541865,INE01B501018,ASRL,X,,,,,Add-Shop E-Retail Limited,5.64,5.99,5.64,5.9,5.99,5.86,,5.9,,,19420,113736,86,F1,1,,,,,
10-09-2026,10-09-2026,CM,BSE,STK,541890,INE797Z01028,SPACEINCUBA,XT,,,,,Space Incubatrics Technologies,0.18,0.18,0.18,0.18,0.18,0.18,,0.18,,,269506,48511,67,F1,1,,,,,
10-09-2026,10-09-2026,CM,BSE,STK,541929,INE00QT01015,SGIL,B,,,,,Synergy Green Industries Limit,596.15,599.5,585,598,598,603.65,,601.27,,,1214,715199,29,F1,1,,,,,
10-09-2026,10-09-2026,CM,BSE,STK,541946,INF109KC1KT9,LIQUIDIETF,F,,,,,ICICI Prudential BSE Liquid Ra,1000.01,1000.01,999.99,1000,1000,1000,,1000,,,127192,127192015,54,F1,1,,,,,
10-09-2026,10-09-2026,CM,BSE,STK,541956,INE962Y01021,IRCON,A,,,,,IRCON International Ltd,114.95,119,114.95,115.3,115.3,115.1,,115.22,,,318753,37124514,3593,F1,1,,,,,
10-09-2026,10-09-2026,CM,BSE,STK,541967,INE01IU01018,SKYGOLD,A,,,,,Sky Gold And Diamonds Limited,832.2,844.85,820.5,830.4,830.4,832.75,,830.3,,,49410,41293233,3004,F1,1,,,,,
10-09-2026,10-09-2026,CM,BSE,STK,541972,INF200KA1VQ2,SETFSN50,B,,,,,SBI Mutual Fund,943.8,945.53,940,944.43,944.94,947.03,,944.43,,,592,559473,9,F1,1,,,,,
10-09-2026,10-09-2026,CM,BSE,STK,541974,INE00VM01036,MANORAMA,A,,,,,Manorama Industries Limited,2090.15,2133,2078.55,2082.9,2087.1,2092.15,,2084.97,,,4137,8709521,397,F1,1,,,,,
10-09-2026,10-09-2026,CM,BSE,STK,541983,INE492Y01011,INNOVATIVE,M,,,,,Innovative Ideals and Services,18.61,18.61,18.61,18.61,18.61,19.58,,18.61,,,1000,18610,1,F1,1000,,,,,
10-09-2026,10-09-2026,CM,BSE,STK,541988,INE216P01012,AAVAS,A,,,,,AAVAS Financiers Limited,1279.35,1305.15,1279.35,1288.3,1289.55,1292.95,,1286.18,,,5289,6820473,692,F1,1,,,,,
10-09-2026,10-09-2026,CM,BSE,STK,542011,INE382Z01011,GRSE,A,,,,,Garden Reach Shipbuilders & En,2500,2508.95,2420.25,2437,2437,2492.4,,2435.44,,,24959,61468388,1822,F1,1,,,,,
10-09-2026,10-09-2026,CM,BSE,STK,542012,INE911Z01025,A1L,B,,,,,A-1 LIMITED,5.88,5.99,5.73,5.99,5.99,5.71,,5.99,,,3165330,18877124,2037,F1,1,,,,,
10-09-2026,10-09-2026,CM,BSE,STK,542013,INE666Y01010,DOLFIN,B,,,,,Dolfin Rubbers Limited,170.6,179.05,170.6,176.95,177.05,174.95,,176.95,,,17337,3036400,200,F1,1,,,,,
10-09-2026,10-09-2026,CM,BSE,STK,542019,INE01J501010,SHUBHAM,X,,,,,Shubham Polyspin Limited,40.9,40.9,38.37,39.95,39.95,39.69,,39.95,,,20448,805483,68,F1,1,,,,,
10-09-2026,10-09-2026,CM,BSE,STK,542020,INE642Z01026,AKI,T,,,,,AKI India Limited,6.5,6.5,6.5,6.5,6.5,6.84,,6.46,,,15006,97539,33,F1,1,,,,,
10-09-2026,10-09-2026,CM,BSE,STK,542025,INE206Z01020,SUNRETAIL,M,,,,,Sun Retail Limited,0.43,0.45,0.4,0.45,0.45,0.38,,0.45,,,1296000,570720,26,F1,48000,,,,,
10-09-2026,10-09-2026,CM,BSE,STK,542034,INE00Q901014,SMGOLD,B,,,,,S. M. Gold Limited,11.23,11.83,11.23,11.54,11.51,11.46,,11.54,,,43422,508842,89,F1,1,,,,,
10-09-2026,10-09-2026,CM,BSE,STK,542046,INE647Z01025,VIVIDM,B,,,,,VIVID MERCANTILE LIMITED,5.65,5.71,5.12,5.51,5.51,5.53,,5.51,,,165880,915441,259,F1,1,,,,,
10-09-2026,10-09-2026,CM,BSE,STK,542057,INE00SW01015,BCPL,B,,,,,BCPL Railway Infrastructure Li,70.8,72.01,70,70.84,70,72.24,,70.99,,,2288,162457,105,F1,1,,,,,
10-09-2026,10-09-2026,CM,BSE,STK,542066,INE399L01023,ATGL,A,,,,,ADANI TOTAL GAS LIMITED,613.3,615.8,601.3,602.9,602.9,612.05,,602.7,,,29652,18041654,860,F1,1,,,,,
10-09-2026,10-09-2026,CM,BSE,STK,542123,INE398C01016,PHOSPHATE,X,,,,,The Phosphate Company Limited,135,135,135,135,135,136.5,,135,,,59,7965,7,F1,1,,,,,
10-09-2026,10-09-2026,CM,BSE,STK,542131,INF769K01EG9,NIFTYETF,B,,,,,Mirae Asset Mutual Fund,255.82,256.04,255,255.25,256.04,255.87,,255.15,,,57038,14560116,161,F1,1,,,,,
10-09-2026,10-09-2026,CM,BSE,STK,542141,INE285K01026,TECHNOE,A,,,,,Techno Electric & Engineering,981.35,1013.4,975,979.75,979.75,983.2,,978.06,,,15499,15430198,1187,F1,1,,,,,
10-09-2026,10-09-2026,CM,BSE,STK,542145,INE02AP01013,RONI,M,,,,,Roni Households Limited,32.68,32.68,32,32.23,32,31.13,,32.23,,,5400,174024,3,F1,1800,,,,,
10-09-2026,10-09-2026,CM,BSE,STK,542146,INE951Z01013,SKIFL,M,,,,,Shree Krishna Infrastructure L,9.07,9.07,9.07,9.07,9.07,8.7,,9.07,,,1250,11337,1,F1,1250,,,,,
10-09-2026,10-09-2026,CM,BSE,STK,542176,INE016X01010,ARYAN,X,,,,,Aryan Share & Stock Brokers Lt,19.5,19.5,19.5,19.5,19.5,19.5,,19.5,,,16,312,5,F1,1,,,,,
10-09-2026,10-09-2026,CM,BSE,STK,542206,INE139E01028,NIVAKA,XT,,,,,NIVAKA FASHIONS LIMITED,0.78,0.78,0.78,0.78,0.78,0.82,,0.78,,,48735,38013,36,F1,1,,,,,
10-09-2026,10-09-2026,CM,BSE,STK,542216,INE00R701025,DALBHARAT,A,,,,,DALMIA BHARAT LIMITED,1721.05,1761,1712.3,1743.3,1744.65,1734.1,,1745.19,,,3085,5375003,369,F1,1,,,,,
10-09-2026,10-09-2026,CM,BSE,STK,542230,INF209KB16D7,ABSLNN50ET,B,,,,,Aditya Birla Sun Life Mutual F,76.72,76.8,75.91,76.19,75.91,77.26,,76.42,,,1538,117422,12,F1,1,,,,,
10-09-2026,10-09-2026,CM,BSE,STK,542231,INE00S901012,NILASPACES,B,,,,,Nila Spaces Ltd,12.26,12.39,12.08,12.15,12.15,12.15,,12.14,,,56056,683339,162,F1,1,,,,,
10-09-2026,10-09-2026,CM,BSE,STK,542232,INE01NE01012,SRD,B,,,,,Shankar Lal Rampal Dye-Chem Li,40,40,38.42,38.88,38.83,38.85,,38.58,,,9571,373520,80,F1,1,,,,,
10-09-2026,10-09-2026,CM,BSE,STK,542233,INE00CA01015,TREJHARA,B,,,,,Trejhara Solutions Limited,146.5,147.35,146,146,146,145.5,,145.33,,,111,16268,4,F1,1,,,,,
10-09-2026,10-09-2026,CM,BSE,STK,542248,INE452W01019,DECCAN,T,,,,,Deccan Health Care Limited,12.36,12.36,11.75,12.23,12.23,12.36,,12.23,,,9797,116025,43,F1,1,,,,,
10-09-2026,10-09-2026,CM,BSE,STK,542285,INE02EZ01022,AXITA,B,,,,,Axita Cotton Limited,8.04,8.05,8,8.01,8.01,8,,8,,,83885,672569,123,F1,1,,,,,
10-09-2026,10-09-2026,CM,BSE,STK,542323,INE542W01025,KPIGREEN,A,,,,,KPI Green Energy Limited,291.5,294.45,286.75,287.35,287.35,291.9,,287.49,,,70447,20362624,1827,F1,1,,,,,
10-09-2026,10-09-2026,CM,BSE,STK,542332,INE302R01024,HIKLASS,XT,,,,,Hi-Klass Trading and Investmen,95.97,95.97,91.55,92,92,91.4,,92,,,20530,1886364,10,F1,1,,,,,
10-09-2026,10-09-2026,CM,BSE,STK,542333,INE425Y01011,RPSGVENT,B,,,,,RPSG VENTURES LIMITED,864.95,865.95,835.85,842.8,835.85,863.45,,840.31,,,1032,879689,132,F1,1,,,,,
10-09-2026,10-09-2026,CM,BSE,STK,542337,INE020801028,SPENCERS,B,,,,,Spencer's Retail Limited,29.4,29.54,28.29,28.6,28.6,29.4,,28.64,,,1082,31138,29,F1,1,,,,,
10-09-2026,10-09-2026,CM,BSE,STK,542351,INE350Z01018,GLOSTERLTD,B,,,,,Gloster Ltd,604,611,596,598.1,598.1,604.85,,599.43,,,160,96991,13,F1,1,,,,,
10-09-2026,10-09-2026,CM,BSE,STK,542367,INE01P501012,XELPMOC,B,,,,,Xelpmoc Design and Tech Limite,77.5,77.8,75,76.97,77.8,77.31,,76.39,,,611,46913,93,F1,1,,,,,
10-09-2026,10-09-2026,CM,BSE,STK,542383,INE01EG01016,RITCO,B,,,,,Ritco Logistics Limited,315.15,316.1,304.2,305.55,305.5,315.1,,305.35,,,1797,561218,65,F1,1,,,,,
10-09-2026,10-09-2026,CM,BSE,STK,542399,INE427F01016,CHALET,A,,,,,Chalet Hotels Limited,895.25,895.25,863.35,877.5,869.8,889.5,,875.56,,,3087,2699277,245,F1,1,,,,,
10-09-2026,10-09-2026,CM,BSE,STK,542437,INE02AR01019,ANMOL,B,,,,,Anmol India Limited,13.62,15.58,12.68,15.45,15.45,13.53,,15.37,,,293779,4308197,962,F1,1,,,,,
10-09-2026,10-09-2026,CM,BSE,STK,542446,INE793Z01027,JONJUA,M,,,,,Jonjua Overseas Limited,3.34,3.34,3.34,3.34,3.34,3.51,,3.34,,,49816,166385,8,F1,6227,,,,,
10-09-2026,10-09-2026,CM,BSE,STK,542459,INE911T01010,KRANTI,B,,,,,Kranti Industries Limited,49,49.38,46.35,47.06,48.39,48.79,,47.06,,,3111,148282,38,F1,1,,,,,
10-09-2026,10-09-2026,CM,BSE,STK,542460,INE294Z01018,ANUP,B,,,,,The Anup Engineering Ltd,1747.95,1760,1711.45,1720.5,1724,1744.6,,1719.41,,,1275,2218958,178,F1,1,,,,,
10-09-2026,10-09-2026,CM,BSE,STK,542484,INE955V01021,ARVINDFASN,A,,,,,Arvind Fashions Limited,446.45,454.6,444.2,453.2,454,443.55,,453.4,,,3103,1397107,252,F1,1,,,,,
10-09-2026,10-09-2026,CM,BSE,STK,542513,INF789F1AUU3,SNXT50BETA,B,,,,,UTI BSE  Sensex Next 50 ETF,95.97,95.97,93.01,93.97,93.63,95.97,,93.26,,,292,27629,13,F1,1,,,,,
10-09-2026,10-09-2026,CM,BSE,STK,542543,INE05KD23015,ENERGYINF,IF,,,,,Energy Infrastructure Trust,73.7,73.71,72.7,72.84,72.7,73.61,,72.84,,,1375000,100588250,42,F1,25000,,,,,
10-09-2026,10-09-2026,CM,BSE,STK,542579,INE05FR01029,AGOL,B,,,,,Ashapuri Gold Ornament Limited,4.05,4.75,3.95,4.28,4.28,3.96,,4.28,,,2370496,10404371,1881,F1,1,,,,,
10-09-2026,10-09-2026,CM,BSE,STK,542580,INE01C001026,AARTECH,T,,,,,Aartech Solonics Limited,51.45,53.1,51.1,52.99,52.99,52.21,,52.2,,,3089,161767,24,F1,1,,,,,
10-09-2026,10-09-2026,CM,BSE,STK,542592,INE02PC01027,HBEL,M,,,,,Humming Bird Education Limited,28.7,28.7,28.5,28.6,28.6,27.35,,28.6,,,6250,178687,5,F1,1250,,,,,
10-09-2026,10-09-2026,CM,BSE,STK,542597,INE255X01014,MSTCLTD,B,,,,,MSTC Limited,758.05,767.15,733.65,737.8,735,760.1,,737.55,,,8711,6505654,442,F1,1,,,,,
10-09-2026,10-09-2026,CM,BSE,STK,542602,INE041025011,EMBASSY,IF,,,,,Embassy Office Parks REIT,440.5,440.5,436.81,439.06,439,439.44,,438.98,,,30629,13448486,863,F1,1,,,,,
10-09-2026,10-09-2026,CM,BSE,STK,542627,INE01GZ01011,CHANDNIMACH,XT,,,,,Chandni Machines Limited,96,97.99,91.47,96.73,97.9,96.18,,96.73,,,4683,446677,62,F1,1,,,,,
10-09-2026,10-09-2026,CM,BSE,STK,542628,INE01BL01012,NSL,B,,,,,Northern Spirits Limited,130.95,149.35,126.05,129.75,129.25,129,,129.75,,,5718,748001,130,F1,1,,,,,
10-09-2026,10-09-2026,CM,BSE,STK,542649,INE415G01027,RVNL,A,,,,,Rail Vikas Nigam Limited,208,211.2,205.15,205.35,205.35,207,,205.56,,,456268,94810167,6194,F1,1,,,,,
10-09-2026,10-09-2026,CM,BSE,STK,542650,INE112L01020,METROPOLIS,A,,,,,Metropolis Healthcare Limited,608.75,608.75,590.5,596.7,595.7,601.9,,595.71,,,12989,7760541,600,F1,1,,,,,
10-09-2026,10-09-2026,CM,BSE,STK,542651,INE04I401011,KPITTECH,A,,,,,KPIT Technologies Ltd,556.85,559.65,548.75,551,551,552.3,,550.95,,,760402,420009733,2724,F1,1,,,,,
10-09-2026,10-09-2026,CM,BSE,STK,542652,INE455K01017,POLYCAB,A,,,,,Polycab India Limited,8346,8390,8277.3,8364,8364,8338,,8358.01,,,9178,76552395,2446,F1,1,,,,,
10-09-2026,10-09-2026,CM,BSE,STK,542654,INE06LG01010,VRFILMS,B,,,,,V R FILMS & STUDIOS LIMITED,11.99,12.38,10.55,12.2,12.38,11.99,,12.2,,,1388,16579,16,F1,1,,,,,
10-09-2026,10-09-2026,CM,BSE,STK,542655,INE161L01027,VIKASLIFE,B,,,,,VIKAS LIFECARE LIMITED,1.26,1.26,1.22,1.23,1.22,1.25,,1.23,,,353088,440406,6286,F1,1,,,,,
10-09-2026,10-09-2026,CM,BSE,STK,542665,INE136S01016,NEOGEN,B,,,,,Neogen Chemicals Limited,2241.65,2400,2234.65,2386.55,2398,2245.85,,2388.84,,,24451,57163160,1859,F1,1,,,,,
10-09-2026,10-09-2026,CM,BSE,STK,542666,INE05QJ01015,GKP,B,,,,,G. K. P. Printing & Packaging,7.97,8.24,7.5,7.61,7.61,7.29,,7.61,,,59866,465882,154,F1,1,,,,,
10-09-2026,10-09-2026,CM,BSE,STK,542669,INE374E01021,BMW,X,,,,,BMW INDUSTRIES LIMITED,56.9,58.49,55,55.99,55.15,55.74,,55.99,,,225053,12749096,1809,F1,1,,,,,
10-09-2026,10-09-2026,CM,BSE,STK,542670,INE757T01025,AEPL,B,,,,,Artemis Electricals and Projec,17.3,18.2,17.2,17.96,18.2,17.05,,17.75,,,14068,251964,75,F1,1,,,,,
10-09-2026,10-09-2026,CM,BSE,STK,542677,INE01MO01013,MAHESH,X,,,,,Mahesh Developers Limited,16.97,16.97,16.97,16.97,16.97,16.97,,16.97,,,1,16,1,F1,1,,,,,
10-09-2026,10-09-2026,CM,BSE,STK,542678,INE05BN01027,CHCL,MT,,,,,Cian Healthcare Limited,14.75,14.75,14.75,14.75,14.75,14.05,,14.75,,,137,2020,1,F1,137,,,,,
10-09-2026,10-09-2026,CM,BSE,STK,542679,INE413F01016,DEL,X,,,,,Dhanashree Electronics Limited,117.05,129.8,117.05,120,120,129.85,,120,,,146,17403,9,F1,1,,,,,
10-09-2026,10-09-2026,CM,BSE,STK,542682,INE01K301012,HARISH,X,,,,,Harish Textile Engineers Limit,65,65,63.07,63.07,63.07,65.79,,63.07,,,1541,100085,4,F1,1,,,,,
10-09-2026,10-09-2026,CM,BSE,STK,542684,INE050001010,PPL,T,,,,,Prakash Pipes Limited,288,298,278.05,291.15,292.9,288.05,,290.91,,,4592,1326037,131,F1,1,,,,,
10-09-2026,10-09-2026,CM,BSE,STK,542685,INE03JI01017,DGCONTENT,B,,,,,Digicontent Limited,27.94,27.94,24.1,24.11,24.1,24.6,,24.09,,,334,8337,15,F1,1,,,,,
10-09-2026,10-09-2026,CM,BSE,STK,542721,INE02GA01012,ARL,T,,,,,Anand Rayons Limited,41.12,41.46,39,40,40,40.73,,40,,,11675,470580,108,F1,1,,,,,
10-09-2026,10-09-2026,CM,BSE,STK,542725,INE04AK01028,SBC,B,,,,,SBC EXPORTS LIMITED,48.89,49.39,47.98,48.06,48.05,48.76,,48.05,,,974606,47206714,1386,F1,1,,,,,
10-09-2026,10-09-2026,CM,BSE,STK,542726,INE933S01016,INDIAMART,A,,,,,IndiaMART InterMESH Limited,1672.95,1679.95,1625,1638.35,1639,1672.95,,1637.73,,,12465,20473721,1589,F1,1,,,,,
10-09-2026,10-09-2026,CM,BSE,STK,542727,INE056001014,CPML,M,,,,,CITY PULSE MULTIVENTURES LIMIT,98,108.3,98,98,98,103.15,,98,,,16250,1604125,62,F1,50,,,,,
10-09-2026,10-09-2026,CM,BSE,STK,542729,INE08KP01019,DCMNVL,B,,,,,DCM NOUVELLE LIMITED,176.85,178.35,176.35,176.4,176.4,177.6,,175.31,,,349,61598,73,F1,1,,,,,
10-09-2026,10-09-2026,CM,BSE,STK,542730,INF109KC15I8,BANKIETF,B,,,,,ICICI Prudential Mutual Fund,58.02,58.2,57.85,57.9,58.03,58.07,,57.87,,,3985,231191,130,F1,1,,,,,
10-09-2026,10-09-2026,CM,BSE,STK,542747,INF204KB15D0,SNXT50BEES,B,,,,,NIPPON INDIA ETF SENSEX NEXT 5,92.44,93.18,91.21,92.1,91.89,91.53,,92.1,,,34970,3224186,88,F1,1,,,,,
10-09-2026,10-09-2026,CM,BSE,STK,542752,INE00WC01027,AFFLE,A,,,,,AFFLE 3I LIMITED,1587.3,1615,1578.4,1592.9,1591.95,1586.4,,1593.98,,,8278,13190315,536,F1,1,,,,,
10-09-2026,10-09-2026,CM,BSE,STK,542758,INF109KC18U7,PVTBANIETF,B,,,,,ICICI Prudential Mutual Fund,27.82,27.82,27.51,27.56,27.51,27.55,,27.54,,,31532,869469,222,F1,1,,,,,
10-09-2026,10-09-2026,CM,BSE,STK,542759,INE572J01011,SPANDANA,B,,,,,Spandana Sphoorty Financial Li,233,235,231,232.55,233.7,232.8,,232.18,,,6548,1527856,392,F1,1,,,,,
10-09-2026,10-09-2026,CM,BSE,STK,542760,INE00M201021,SWSOLAR,B,,,,,STERLING AND WILSON RENEWABLE,181.65,192.3,181.25,182.65,181.85,182,,182.65,,,102067,18907443,2132,F1,1,,,,,
10-09-2026,10-09-2026,CM,BSE,STK,542770,INE08E401029,ALPHALOGIC,B,,,,,Alphalogic Techsys Limited,40.93,42.5,40,40.08,40.69,40.53,,40.08,,,2424,98710,38,F1,1,,,,,
10-09-2026,10-09-2026,CM,BSE,STK,542772,INE466L01038,360ONE,A,,,,,360 ONE WAM LIMITED,1087.7,1104,1080,1096,1096,1096.25,,1094.91,,,18638,20372100,1833,F1,1,,,,,
10-09-2026,10-09-2026,CM,BSE,STK,542773,INE489L01022,IIFLCAPS,A,,,,,IIFL CAPITAL SERVICES LIMITED,338,339.95,337.05,337.65,338.8,337.65,,337.3,,,2222,752502,137,F1,1,,,,,
10-09-2026,10-09-2026,CM,BSE,STK,542774,INE08KJ01020,MUFIN,B,,,,,MUFIN GREEN FINANCE LIMITED,135.2,135.95,133.8,134.9,134.9,134.65,,135.22,,,24649,3327510,125,F1,1,,,,,
10-09-2026,10-09-2026,CM,BSE,STK,542802,INE906Y01028,GALACTICO,B,,,,,Galactico Corporate Services L,2.13,2.64,2.13,2.23,2.22,2.2,,2.23,,,139348,309449,158,F1,1,,,,,
10-09-2026,10-09-2026,CM,BSE,STK,542803,INE560T01015,VEL,X,,,,,Vaxfab Enterprises Limited,65,66.5,64,64.02,66,65,,64.02,,,44312,2875456,70,F1,1,,,,,
10-09-2026,10-09-2026,CM,BSE,STK,542812,INE09N301011,FLUOROCHEM,A,,,,,Gujarat Fluorochemicals Limite,4722.4,4884,4722.4,4809,4869.1,4753.8,,4786.52,,,48988,235720634,767,F1,1,,,,,
10-09-2026,10-09-2026,CM,BSE,STK,542830,INE335Y01020,IRCTC,A,,,,,Indian Railway Catering and To,470.35,476.6,466.75,467.7,467.7,469.6,,467.75,,,106880,50235884,5464,F1,1,,,,,
10-09-2026,10-09-2026,CM,BSE,STK,542850,INE492Z01018,GOBLIN,M,,,,,GOBLIN INDIA LIMITED,12.94,13.14,12.94,13.14,13.14,12.52,,13.14,,,46000,598120,16,F1,2000,,,,,
10-09-2026,10-09-2026,CM,BSE,STK,542851,INE06H201014,GENSOL,Z,,,,,Gensol Engineering Limited,17.46,17.46,17.06,17.17,17.46,17.46,,17.33,,,26821,461204,129,F1,1,,,,,
10-09-2026,10-09-2026,CM,BSE,STK,542852,INE430N01022,VISHWARAJ,B,,,,,Vishwaraj Sugar Industries Lim,5.55,5.79,5.55,5.59,5.57,5.67,,5.62,,,37569,212957,114,F1,1,,,,,
10-09-2026,10-09-2026,CM,BSE,STK,542857,INE08ZM01014,GREENPANEL,B,,,,,Greenpanel Industries Limited,162,163,159.4,159.75,159.4,159.95,,159.99,,,16015,2586782,327,F1,1,,,,,
10-09-2026,10-09-2026,CM,BSE,STK,542862,INE052001026,SHAHLON,X,,,,,Shahlon Silk Industries Limite,24.45,24.45,23.1,23.87,23.87,23.76,,23.87,,,3471,80874,37,F1,1,,,,,
10-09-2026,10-09-2026,CM,BSE,STK,542863,INF209KB17D5,ABSLBANETF,B,,,,,Aditya Birla Sun Life Mutual F,57.88,58.13,57.73,57.77,57.8,58.03,,57.76,,,1818,105071,56,F1,1,,,,,
10-09-2026,10-09-2026,CM,BSE,STK,542865,INE490Z01012,ANUROOP,B,,,,,Anuroop Packaging Limited,10.97,11,10.55,10.9,10.9,10.88,,10.9,,,1681,18246,20,F1,1,,,,,
10-09-2026,10-09-2026,CM,BSE,STK,542867,INE679A01013,CSBBANK,A,,,,,CSB Bank Limited,314.05,315.45,306.7,307.65,308.9,310.65,,307.6,,,17475,5437557,358,F1,1,,,,,
10-09-2026,10-09-2026,CM,BSE,STK,542904,INE551W01018,UJJIVANSFB,A,,,,,Ujjivan Small Finance Bank Lim,64.81,66.69,64.05,66.49,66.49,64.12,,66.52,,,721173,47410458,3976,F1,1,,,,,
10-09-2026,10-09-2026,CM,BSE,STK,542905,INE05AN01011,HINDWAREAP,B,,,,,Hindware Home Innovation Limit,182,190,180.4,181.2,180.5,179.75,,181.65,,,20711,3806923,811,F1,1,,,,,
10-09-2026,10-09-2026,CM,BSE,STK,542906,INE771C01014,EASUN,XT,,,,,Easun Capital Markets Limited,50,50,50,50,50,48.25,,50,,,10,500,1,F1,1,,,,,
10-09-2026,10-09-2026,CM,BSE,STK,542907,INE689W01016,PRINCEPIPE,B,,,,,Prince Pipes and Fittings Limi,280.1,285,278.9,279.6,280,280.95,,279.88,,,11310,3185565,492,F1,1,,,,,
10-09-2026,10-09-2026,CM,BSE,STK,542909,INF754K01KO2,EBBETF0430,F,,,,,Edelweiss Mutual Fund,1613.08,1616.84,1610.17,1611.12,1611.12,1608.9,,1612.18,,,23,37124,12,F1,1,,,,,
10-09-2026,10-09-2026,CM,BSE,STK,542918,INE063601012,GIANLIFE,Z,,,,,Gian Life Care Limited,4.65,4.78,4.61,4.77,4.77,4.8,,4.77,,,4736,21927,33,F1,1,,,,,
10-09-2026,10-09-2026,CM,BSE,STK,542919,INE025R01021,ARTEMISMED,B,,,,,Artemis Medicare Services Limi,355.05,361.5,343.35,348.7,346,354.5,,348.56,,,45886,16235678,1329,F1,1,,,,,
10-09-2026,10-09-2026,CM,BSE,STK,542920,INE258G01013,SUMICHEM,A,,,,,SUMITOMO CHEMICAL INDIA LIMITE,478.9,485.95,473.5,481.35,480.45,481.5,,480.9,,,14994,7165309,575,F1,1,,,,,
10-09-2026,10-09-2026,CM,BSE,STK,542921,INF109KC11W8,MIDCAPIETF,B,,,,,ICICI Prudential Mutual Fund,23.9,23.9,23.7,23.71,23.78,23.82,,23.73,,,18230,434172,133,F1,1,,,,,
10-09-2026,10-09-2026,CM,BSE,STK,542922,INF769K01FN2,NEXT50,B,,,,,Mirae Asset Mutual Fund,752.8,752.89,748.61,749.04,749.46,752.28,,748.86,,,4378,3284308,586,F1,1,,,,,
10-09-2026,10-09-2026,CM,BSE,STK,542933,INE03V001013,UNIVPHOTO,T,,,,,UNIVERSUS PHOTO IMAGINGS LIMIT,580,583.95,546.5,546.8,546.5,565.5,,543.32,,,100,56439,12,F1,1,,,,,
10-09-2026,10-09-2026,CM,BSE,STK,542938,INE117S01016,OCTAVIUSPL,X,,,,,Octavius Plantations Limited,50.92,50.92,50.92,50.92,50.92,48.5,,50.92,,,1,50,1,F1,1,,,,,
10-09-2026,10-09-2026,CM,BSE,STK,543064,INE03QK01018,COHANCE,A,,,,,Cohance Lifesciences Limited,442.8,453.35,440.7,445.65,444.05,443,,445.31,,,65805,29421396,1704,F1,1,,,,,
10-09-2026,10-09-2026,CM,BSE,STK,543065,INE0C4I01011,SMAUTO,M,,,,,SM Auto Stamping Limited,31,31,30.9,30.95,30.9,31,,30.95,,,4000,123800,2,F1,2000,,,,,
10-09-2026,10-09-2026,CM,BSE,STK,543066,INE018E01016,SBICARD,A,,,,,SBI CARDS AND PAYMENT SERVICES,663.9,671,638,666,666,670,,666.3,,,40319,26845123,1304,F1,1,,,,,
10-09-2026,10-09-2026,CM,BSE,STK,543071,INF204KB10R1,07AGG,F,,,,,Nippon India Mutual Fund,15.5,15.53,12.71,15.53,15.53,14.12,,15.53,,,2002,25451,3,F1,1,,,,,
10-09-2026,10-09-2026,CM,BSE,STK,543079,INF204KB16R8,07GPG,F,,,,,Nippon India Mutual Fund,3.68,3.68,3.02,3.51,3.66,3.35,,3.51,,,42,147,5,F1,1,,,,,
10-09-2026,10-09-2026,CM,BSE,STK,543092,INF204KB19O9,09GPG,F,,,,,Nippon India Mutual Fund,6.39,6.39,6.39,6.39,6.39,5.87,,6.39,,,1,6,1,F1,1,,,,,
10-09-2026,10-09-2026,CM,BSE,STK,543099,INF789F1ARF0,UTCRFS2DGR,F,,,,,UTI Mutual Fund,25.63,25.63,23.36,23.36,23.36,23.3,,23.36,,,35,819,5,F1,1,,,,,
10-09-2026,10-09-2026,CM,BSE,STK,543110,INF789F1ARQ7,UTCRFS2RGR,F,,,,,UTI Mutual Fund,6.9,6.9,5.66,6.38,6.38,6.28,,6.38,,,8,51,6,F1,1,,,,,
10-09-2026,10-09-2026,CM,BSE,STK,543144,INF204KB11T5,08MPD,B,,,,,Nippon India Mutual Fund,5.47,5.47,4.5,5.04,5.19,4.98,,5.04,,,1054,5177,17,F1,1,,,,,
10-09-2026,10-09-2026,CM,BSE,STK,543150,INF204KB16S6,08GPG,B,,,,,Nippon India Mutual Fund,2.16,2.16,1.86,1.93,2.02,1.97,,1.93,,,5484,10632,48,F1,1,,,,,
10-09-2026,10-09-2026,CM,BSE,STK,543167,INF204KB19P6,10GPG,F,,,,,Nippon India Mutual Fund,2.13,2.13,1.76,1.87,2.07,1.94,,1.87,,,79,149,18,F1,1,,,,,
10-09-2026,10-09-2026,CM,BSE,STK,543171,INE0BDU01028,ROJL,B,,,,,RO Jewels Limited,1.4,1.4,1.21,1.4,1.4,1.4,,1.4,,,24816,34219,47,F1,1,,,,,
10-09-2026,10-09-2026,CM,BSE,STK,543172,INE0CQB01010,COSPOWER,MT,,,,,Cospower Engineering Limited,2350,2400,2340,2400,2400,2299.65,,2400,,,875,2058737,7,F1,125,,,,,
10-09-2026,10-09-2026,CM,BSE,STK,543173,INF204KB14U7,11DPR,B,,,,,Nippon India Mutual Fund,13.85,13.85,12.25,12.65,13.46,13.59,,12.65,,,293,3594,7,F1,1,,,,,
10-09-2026,10-09-2026,CM,BSE,STK,543174,INF204KB10U5,11GPG,B,,,,,Nippon India Mutual Fund,1.74,1.74,1.54,1.61,1.65,1.62,,1.61,,,4235,6940,40,F1,1,,,,,
10-09-2026,10-09-2026,CM,BSE,STK,543176,INF204KB16U2,11MPR,B,,,,,Nippon India Mutual Fund,71.94,71.94,61,61.02,61,66,,61.02,,,181,11091,11,F1,1,,,,,
10-09-2026,10-09-2026,CM,BSE,STK,543177,INF204KB11U3,11QPD,B,,,,,Nippon India Mutual Fund,6.99,6.99,6.31,6.35,6.35,6.42,,6.35,,,3251,20739,32,F1,1,,,,,
10-09-2026,10-09-2026,CM,BSE,STK,543178,INF204KB12U1,11QPR,B,,,,,Nippon India Mutual Fund,42.61,42.61,34.88,38.75,42.61,38.74,,38.75,,,4,162,4,F1,1,,,,,
10-09-2026,10-09-2026,CM,BSE,STK,543181,INF204KB13T1,11AGG,B,,,,,Nippon India Mutual Fund,27.31,27.31,24.52,27.15,27.15,27.18,,27.15,,,47,1260,6,F1,1,,,,,
10-09-2026,10-09-2026,CM,BSE,STK,543182,INF204KB18T0,11AMD,B,,,,,Nippon India Mutual Fund,23.6,28.39,23.6,27.8,27.79,25.83,,27.8,,,2297,63009,28,F1,1,,,,,
10-09-2026,10-09-2026,CM,BSE,STK,543184,INF204KB14T9,11AQD,B,,,,,Nippon India Mutual Fund,30.48,30.48,29.43,29.43,29.43,27.97,,29.43,,,100,2944,2,F1,1,,,,,
10-09-2026,10-09-2026,CM,BSE,STK,543186,INF204KB13U9,11DPD,B,,,,,Nippon India Mutual Fund,5.2,5.2,4.35,4.79,4.79,4.83,,4.79,,,5163,23580,21,F1,1,,,,,
10-09-2026,10-09-2026,CM,BSE,STK,543187,INE07Y701011,POWERINDIA,A,,,,,HITACHI ENERGY INDIA LIMITED,31422.1,31584.65,31065,31065,31065,31580,,31194.09,,,2709,84848942,845,F1,1,,,,,
10-09-2026,10-09-2026,CM,BSE,STK,543193,INE0B1K01014,DJML,B,,,,,DJ Mediaprint & Logistics Limi,83.73,85.12,80.64,82.81,83.18,81.86,,81.77,,,5615,465393,136,F1,1,,,,,
10-09-2026,10-09-2026,CM,BSE,STK,543207,INE06MM01016,NATURAL,X,,,,,Natural Biocon (India) Limited,3.47,3.67,3.47,3.54,3.52,3.59,,3.54,,,4861,17496,47,F1,1,,,,,
10-09-2026,10-09-2026,CM,BSE,STK,543208,INE745R01024,REGIS,X,,,,,REGIS INDUSTRIES LIMITED,2.14,2.14,2.06,2.1,2.1,2.12,,2.1,,,7159,15109,42,F1,1,,,,,
10-09-2026,10-09-2026,CM,BSE,STK,543210,INE09EO01013,AARTISURF,T,,,,,Aarti Surfactants Limited,507.7,520.95,494.95,503.25,512.5,520.95,,500.88,,,4017,2022080,140,F1,1,,,,,
10-09-2026,10-09-2026,CM,BSE,STK,543211,INE0B9A01018,BONLON,B,,,,,BONLON INDUSTRIES LIMITED,39.6,40.72,39.03,39.34,39.11,40.67,,39.47,,,4322,170973,293,F1,1,,,,,
10-09-2026,10-09-2026,CM,BSE,STK,543212,INE02PY01013,BOROLTD,B,,,,,Borosil Limited,257.3,274.9,257.3,263.8,263.75,255.4,,263.78,,,45909,12293106,1065,F1,1,,,,,
10-09-2026,10-09-2026,CM,BSE,STK,543213,INE02A801020,ROSSARI,B,,,,,ROSSARI BIOTECH LIMITED,452.65,458,447.55,450.85,451.5,452.65,,449.52,,,3133,1417283,184,F1,1,,,,,
10-09-2026,10-09-2026,CM,BSE,STK,543214,INE07OG01012,NDRAUTO,B,,,,,NDR Auto Components Limited,712.6,718.5,700,703.65,709.8,717.15,,702.29,,,2983,2114909,154,F1,1,,,,,
10-09-2026,10-09-2026,CM,BSE,STK,543216,INF754K01LE1,EBBETF0431,F,,,,,Edelweiss Mutual Fund,1434.94,1441.24,1430.78,1434.11,1434.11,1430.76,,1438.93,,,405,579702,8,F1,1,,,,,
10-09-2026,10-09-2026,CM,BSE,STK,543217,INE0CCU25019,MINDSPACE,IF,,,,,Mindspace Business Parks REIT,497.51,499.64,490.21,492.79,492,498.01,,492.43,,,6282,3115457,451,F1,1,,,,,
10-09-2026,10-09-2026,CM,BSE,STK,543218,INE05ST01028,SBGLP,B,,,,,SURATWWALA BUSINESS GROUP LIMI,23.88,24,19.2,22,22,24,,22.42,,,43614,883338,232,F1,1,,,,,
10-09-2026,10-09-2026,CM,BSE,STK,543219,INF109KC17V7,ALPL30IETF,B,,,,,ICICI Prudential Mutual Fund,27.37,27.54,27.24,27.43,27.54,27.64,,27.37,,,2963,81088,65,F1,1,,,,,
10-09-2026,10-09-2026,CM,BSE,STK,543220,INE027H01010,MAXHEALTH,A,,,,,Max Healthcare Institute Limit,1042.8,1042.8,1029.85,1039,1039,1036.5,,1038.6,,,39814,41178517,1356,F1,1,,,,,
10-09-2026,10-09-2026,CM,BSE,STK,543221,INF109KC16I6,ITIETF,B,,,,,ICICI Prudential Mutual Fund,32.06,32.39,32.02,32.12,32.08,32.18,,32.09,,,11173,359649,108,F1,1,,,,,
10-09-2026,10-09-2026,CM,BSE,STK,543223,INE0CG601016,MAXIND,B,,,,,Max India Limited,148.5,149.75,146.4,146.7,146.7,148.25,,147.41,,,1654,242934,70,F1,1,,,,,
10-09-2026,10-09-2026,CM,BSE,STK,543224,INF179KC1HY0,HDFCNIFBAN,B,,,,,HDFC Mutual Fund,58.26,58.31,57.87,57.92,57.87,58.16,,58.03,,,2149,124829,22,F1,1,,,,,
10-09-2026,10-09-2026,CM,BSE,STK,543226,INF789F1AUV1,BANKBETA,B,,,,,UTI Mutual Fund,58.32,58.65,58.3,58.3,58.3,58.5,,58.29,,,1837,107262,23,F1,1,,,,,
10-09-2026,10-09-2026,CM,BSE,STK,543227,INE419U01012,HAPPSTMNDS,A,,,,,Happiest Minds Technologies Li,339.1,341.05,331.35,332.5,332.5,339.35,,332.4,,,54705,18394722,1595,F1,1,,,,,
10-09-2026,10-09-2026,CM,BSE,STK,543228,INE450U01017,ROUTE,B,,,,,Route Mobile Limited,504.9,505.5,499.25,501.2,501.35,503.55,,500.78,,,5328,2674748,241,F1,1,,,,,
10-09-2026,10-09-2026,CM,BSE,STK,543230,INE0ALI01010,ADVAIT,B,,,,,ADVAIT ENERGY TRANSITIONS LIMI,2072.1,2108.8,2037.4,2053.3,2053.3,2093.05,,2056.97,,,8150,16861384,834,F1,1,,,,,
10-09-2026,10-09-2026,CM,BSE,STK,543231,INE0CHO01012,ADL,B,,,,,Archidply Decor Limited,84,84,72.01,72.01,72.01,72.01,,71.37,,,198,14633,11,F1,1,,,,,
10-09-2026,10-09-2026,CM,BSE,STK,543232,INE596I01020,CAMS,A,,,,,Computer Age Management Servic,717.4,721.85,681.75,713,713,715.75,,712.02,,,7677069,5241292864,78631,F1,1,,,,,
10-09-2026,10-09-2026,CM,BSE,STK,543233,INE03YM01018,CHEMCON,T,,,,,Chemcon Speciality Chemicals L,229.3,229.3,210,217.15,221.95,218.4,,214.39,,,13670,3025313,250,F1,1,,,,,
10-09-2026,10-09-2026,CM,BSE,STK,543234,INE0BTM01013,SECMARK,B,,,,,Secmark Consultancy Limited,147.9,157.45,147.9,148.15,148.05,142.45,,149.05,,,1229,185856,89,F1,1,,,,,
10-09-2026,10-09-2026,CM,BSE,STK,543235,INE732I01021,ANGELONE,A,,,,,ANGEL ONE LIMITED,298.35,301.3,295.45,299.75,299.75,299.4,,297.59,,,175612,52504078,2832,F1,1,,,,,
10-09-2026,10-09-2026,CM,BSE,STK,543236,INE09KD01013,ATAM,B,,,,,Atam Valves Limited,55.75,55.78,54.5,55.5,55.5,55.78,,53.71,,,224,12291,18,F1,1,,,,,
10-09-2026,10-09-2026,CM,BSE,STK,543237,INE249Z01020,MAZDOCK,A,,,,,Mazagon Dock Shipbuilders Limi,2410,2416.75,2374.3,2395,2395,2409,,2384.65,,,37785,90349633,4200,F1,1,,,,,
10-09-2026,10-09-2026,CM,BSE,STK,543238,INE094J01016,UTIAMC,A,,,,,UTI Asset Management Company L,895,922,891,920.65,920.3,900.35,,921.44,,,10396,9492403,478,F1,1,,,,,
10-09-2026,10-09-2026,CM,BSE,STK,543240,INE060901027,LIKHITHA,B,,,,,Likhitha Infrastructure Limite,226.4,228.1,213.6,213.85,213.6,219.95,,213.72,,,6602,1453229,168,F1,1,,,,,
10-09-2026,10-09-2026,CM,BSE,STK,543241,INE244W01010,VGIL,B,,,,,Veer Global Infraconstruction,142,142.35,140.5,142,142,141.55,,142,,,185,26136,32,F1,1,,,,,
10-09-2026,10-09-2026,CM,BSE,STK,543242,INE0AJG01018,HEMIPROP,B,,,,,Hemisphere Properties India Li,123.6,123.6,120.75,121,121,123.45,,120.95,,,35702,4354038,523,F1,1,,,,,
10-09-2026,10-09-2026,CM,BSE,STK,543243,INE063P01018,EQUITASBNK,A,,,,,Equitas Small Finance Bank Lim,73.56,73.56,72,72.61,72.63,72.61,,72.63,,,39746,2875930,788,F1,1,,,,,
10-09-2026,10-09-2026,CM,BSE,STK,543245,INE068V01023,GLAND,A,,,,,Gland Pharma Limited,3039.9,3039.9,2916.65,2948.25,2950,3024.9,,2946.99,,,16605,49288649,2086,F1,1,,,,,
10-09-2026,10-09-2026,CM,BSE,STK,543246,INF769K01GS9,ESG,B,,,,,Mirae Asset Mutual Fund,40.3,40.3,40.17,40.27,40.17,40.41,,40.18,,,400,16107,3,F1,1,,,,,
10-09-2026,10-09-2026,CM,BSE,STK,543248,INE07T201019,RBA,A,,,,,Restaurant Brands Asia Limited,100.97,101.01,96.49,96.96,97.5,100.53,,96.82,,,145303,14318530,1322,F1,1,,,,,
10-09-2026,10-09-2026,CM,BSE,STK,543249,INE0EK901012,TARC,B,,,,,TARC LIMITED,130,131.8,128,128.55,128.25,129.75,,128.56,,,8870,1150871,165,F1,1,,,,,
10-09-2026,10-09-2026,CM,BSE,STK,543250,INF247L01AK4,MOGSEC,F,,,,,Motilal Oswal Mutual Fund,65.69,65.69,65.1,65.1,65.1,65.14,,65.63,,,264,17262,248,F1,1,,,,,
10-09-2026,10-09-2026,CM,BSE,STK,543251,INE09E501017,RVHL,B,,,,,Ravinder Heights Limited,41.87,42.07,39.18,39.3,39.3,41.87,,39.43,,,723,28740,21,F1,1,,,,,
10-09-2026,10-09-2026,CM,BSE,STK,543252,INE0DNW01011,FAIRCHEMOR,T,,,,,Fairchem Organics Limited,620.4,631.5,620.4,631.5,631.5,630.9,,634.44,,,42,26467,7,F1,1,,,,,
10-09-2026,10-09-2026,CM,BSE,STK,543253,INE495P01020,BECTORFOOD,B,,,,,Mrs. Bectors Food Specialities,242,252,227.1,245.35,245.35,242.15,,245.43,,,139891,34070671,2663,F1,1,,,,,
10-09-2026,10-09-2026,CM,BSE,STK,543254,INE01BK01022,AWHCL,B,,,,,Antony Waste Handling Cell Lim,375.2,377.75,372,373.8,374.6,376.95,,373.17,,,3182,1192833,214,F1,1,,,,,
10-09-2026,10-09-2026,CM,BSE,STK,543255,INF732E01268,INFRABEES,B,,,,,Nippon India Mutual Fund,941.29,947.46,938.26,943.37,945.96,945,,944.88,,,814,765531,85,F1,1,,,,,
10-09-2026,10-09-2026,CM,BSE,STK,543256,INE018S01016,RFLL,X,,,,,RITA FINANCE AND LEASING LIMIT,12.7,12.72,12,12.68,12.68,12.12,,12.68,,,63424,804059,52,F1,1,,,,,
10-09-2026,10-09-2026,CM,BSE,STK,543257,INE053F01010,IRFC,A,,,,,Indian Railway Finance Corpora,81.64,82.65,80.85,81.35,81.35,81.37,,81.09,,,487092,39772674,3920,F1,1,,,,,
10-09-2026,10-09-2026,CM,BSE,STK,543258,INE09VQ01012,INDIGOPNTS,A,,,,,Indigo Paints Limited,1111,1114.6,1074.2,1079.25,1091.6,1108.2,,1077.85,,,3399,3701097,356,F1,1,,,,,
10-09-2026,10-09-2026,CM,BSE,STK,543259,INE481N01025,HOMEFIRST,A,,,,,Home First Finance Company Ind,1203,1214.7,1196,1209.9,1200,1202.8,,1209.41,,,9131,10992171,900,F1,1,,,,,
10-09-2026,10-09-2026,CM,BSE,STK,543260,INE00IN01015,STOVEKRAFT,B,,,,,STOVE KRAFT LIMITED,839.3,847.65,836.5,840.5,836.6,838.35,,840.07,,,2533,2129741,207,F1,1,,,,,
10-09-2026,10-09-2026,CM,BSE,STK,543261,INE0FDU25010,BIRET,IF,,,,,Brookfield India Real Estate T,341.4,342,335.71,337.1,337.1,341.15,,337.58,,,12909,4365542,574,F1,1,,,,,
10-09-2026,10-09-2026,CM,BSE,STK,543262,INE0D7801012,MRP,M,,,,,MRP Agro Limited,91,91,90,90,90,90,,90,,,2000,181000,2,F1,1000,,,,,
10-09-2026,10-09-2026,CM,BSE,STK,543263,INE103C01036,SMCGLOBAL,B,,,,,SMC Global Securities Limited,83.56,94.9,82.52,85.42,85.42,83.87,,85.63,,,1181062,105687957,5407,F1,1,,,,,
10-09-2026,10-09-2026,CM,BSE,STK,543264,INE0DSF01015,NURECA,T,,,,,Nureca Limited,348,349.05,338,340.5,340.5,332.45,,343.55,,,2212,765067,67,F1,1,,,,,
10-09-2026,10-09-2026,CM,BSE,STK,543265,INE0DD101019,RAILTEL,A,,,,,RailTel Corporation of India L,263.55,268.1,262.05,262.55,263,263.8,,262.69,,,64947,17225670,1855,F1,1,,,,,
10-09-2026,10-09-2026,CM,BSE,STK,543266,INE694N01015,HERANBA,B,,,,,Heranba Industries Limited,173.7,174.45,171.85,174.4,174.4,173.7,,172.3,,,238,41175,11,F1,1,,,,,
10-09-2026,10-09-2026,CM,BSE,STK,543267,INE179G01029,DAVANGERE,B,,,,,Davangere Sugar Company Limite,1.74,1.92,1.74,1.91,1.91,1.78,,1.91,,,2659758,4924513,988,F1,1,,,,,
10-09-2026,10-09-2026,CM,BSE,STK,543268,INE03RS01027,DRCSYSTEMS,B,,,,,DRC Systems India Limited,12.55,13.16,12.37,12.89,12.9,13,,12.87,,,5009,64061,51,F1,1,,,,,
10-09-2026,10-09-2026,CM,BSE,STK,543270,INE864I01014,MTARTECH,T,,,,,MTAR Technologies Limited,7420,7538,7151,7287.6,7220.1,7523.4,,7304.38,,,6449,46931071,1457,F1,1,,,,,
10-09-2026,10-09-2026,CM,BSE,STK,543271,INE0BY001018,JUBLINGREA,A,,,,,Jubilant Ingrevia Limited,676.85,680.3,666,667.25,666.25,672.5,,666.61,,,1679,1130423,171,F1,1,,,,,
10-09-2026,10-09-2026,CM,BSE,STK,543272,INE07O001026,EASEMYTRIP,B,,,,,Easy Trip Planners Limited,5.99,6,5.77,5.8,5.8,5.97,,5.79,,,1070895,6270606,1866,F1,1,,,,,
10-09-2026,10-09-2026,CM,BSE,STK,543273,INE0CJD01029,KMEW,B,,,,,Knowledge Marine & Engineering,2960.4,2991.05,2884.8,2916.55,2908,2961.3,,2915.64,,,3561,10452790,472,F1,1,,,,,
10-09-2026,10-09-2026,CM,BSE,STK,543275,INE930P01018,ANURAS,A,,,,,Anupam Rasayan India Limited,1235.2,1237.45,1229.4,1231.5,1232.35,1227.6,,1231.11,,,3298,4069201,155,F1,1,,,,,
10-09-2026,10-09-2026,CM,BSE,STK,543276,INE00LO01017,CRAFTSMAN,A,,,,,Craftsman Automation Limited,11775,11990,11250,11852.65,11800,11855.9,,11851.09,,,11916,140612840,1357,F1,1,,,,,
10-09-2026,10-09-2026,CM,BSE,STK,543277,INE576O01020,LXCHEM,B,,,,,Laxmi Organic Industries Limit,177.15,178.85,170,170.6,170.9,178.65,,170.63,,,71479,12366267,1126,F1,1,,,,,
10-09-2026,10-09-2026,CM,BSE,STK,543278,INE303R01014,KALYANKJIL,A,,,,,Kalyan Jewellers India Limited,608.9,620.1,603.55,615.6,615.6,608,,615.24,,,496680,304823454,7083,F1,1,,,,,
10-09-2026,10-09-2026,CM,BSE,STK,543279,INE428Q01011,SURYODAY,B,,,,,Suryoday Small Finance Bank Li,154,154,150.1,151.15,150.85,153.05,,151.06,,,14392,2177777,173,F1,1,,,,,
10-09-2026,10-09-2026,CM,BSE,STK,543280,INE418L01047,NAZARA,A,,,,,Nazara Technologies Limited,374.35,380,369.5,373.85,373.85,373.9,,374.64,,,19504,7304635,678,F1,1,,,,,
10-09-2026,10-09-2026,CM,BSE,STK,543281,INE018401013,SUVIDHAA,B,,,,,Suvidhaa Infoserve Limited,2.18,2.48,2.18,2.4,2.42,2.43,,2.41,,,49422,118941,108,F1,1,,,,,
10-09-2026,10-09-2026,CM,BSE,STK,543283,INE382M01027,UFBL,T,,,,,UNITED FOODBRANDS LIMITED,690.15,738,690.15,738,738,702.9,,712.85,,,1614,1160639,39,F1,1,,,,,
10-09-2026,10-09-2026,CM,BSE,STK,543284,INE0CPR01018,EKI,B,,,,,EKI Energy Services Limited,71.53,85,70.02,71.2,70.78,71.53,,70.95,,,8124,578267,307,F1,1,,,,,
10-09-2026,10-09-2026,CM,BSE,STK,543285,INE0CQ101015,RCAN,M,,,,,Rajeshwari Cans Limited,16.75,16.75,16.75,16.75,16.75,16.75,,16.75,,,1200,20100,2,F1,400,,,,,
10-09-2026,10-09-2026,CM,BSE,STK,543287,INE670K01029,LODHA,A,,,,,Lodha Developers Limited,1165.45,1172,1139.35,1172,1172,1165.45,,1163.46,,,30418,35205757,1441,F1,1,,,,,
10-09-2026,10-09-2026,CM,BSE,STK,543288,INE0FHS01024,DEEPINDS,B,,,,,Deep Industries Limited,795,805.4,780,783.05,785,793.3,,782.81,,,28547,22579780,1018,F1,1,,,,,
10-09-2026,10-09-2026,CM,BSE,STK,543290,INE0GGX23010,PGINVIT,IF,,,,,POWERGRID Infrastructure Inves,102.22,102.77,102,102.17,102.17,102.35,,102.05,,,87796,8987881,829,F1,1,,,,,
10-09-2026,10-09-2026,CM,BSE,STK,543291,INF769K01HF4,MAFANG,B,,,,,Mirae Asset Mutual Fund,221.93,243,215.61,226.02,227.88,227.63,,225.71,,,127748,29042905,3131,F1,1,,,,,
10-09-2026,10-09-2026,CM,BSE,STK,543292,INF109KC1Q72,HEALTHIETF,B,,,,,ICICI Prudential Mutual Fund,169.21,170.91,169.21,170.35,170.37,169.66,,169.47,,,3129,531709,67,F1,1,,,,,
10-09-2026,10-09-2026,CM,BSE,STK,543298,INE505Y01010,VINEETLAB,B,,,,,Vineet Laboratories Limited,37.89,37.89,35.82,36.82,36.89,37.09,,35.86,,,1441,52975,37,F1,1,,,,,
10-09-2026,10-09-2026,CM,BSE,STK,543299,INE810G01011,SHYAMMETL,A,,,,,Shyam Metalics and Energy Limi,1073.7,1088.3,1073.7,1086.3,1085.35,1073.35,,1086.1,,,5710,6189583,271,F1,1,,,,,
10-09-2026,10-09-2026,CM,BSE,STK,543300,INE073K01018,SONACOMS,A,,,,,Sona BLW Precision Forgings Li,794.9,812.75,792.45,803.1,803.1,800.45,,803.49,,,91793,73832564,3864,F1,1,,,,,
10-09-2026,10-09-2026,CM,BSE,STK,543306,INE021O01019,DODLA,A,,,,,Dodla Dairy Limited,1072.45,1101,1069.7,1091.65,1092.3,1098.6,,1090.14,,,231,252036,53,F1,1,,,,,
10-09-2026,10-09-2026,CM,BSE,STK,543308,INE967H01025,KIMS,A,,,,,Krishna Institute of Medical S,761.95,778.9,761.95,772.75,774,764.8,,772.8,,,15026,11626412,1063,F1,1,,,,,
10-09-2026,10-09-2026,CM,BSE,STK,543309,INE0H8J01015,ADESHWAR,M,,,,,Adeshwar Meditex Limited,15,15,15,15,15,16.3,,15,,,6000,90000,1,F1,6000,,,,,
10-09-2026,10-09-2026,CM,BSE,STK,543311,INE0D6701023,IPL,B,,,,,India Pesticides Limited,136.05,137.2,135.2,135.65,136.35,135.7,,135.74,,,1068,145325,77,F1,1,,,,,
10-09-2026,10-09-2026,CM,BSE,STK,543317,INE201P01022,GRINFRA,B,,,,,G R Infraprojects Limited,860.05,881,842.7,851.95,854,860.25,,850.59,,,1557,1343489,207,F1,1,,,,,
10-09-2026,10-09-2026,CM,BSE,STK,543318,INE227W01023,CLEAN,A,,,,,Clean Science and Technology L,825.1,862.25,825.1,848.15,845.65,826.05,,848.44,,,65164,55340511,3012,F1,1,,,,,
10-09-2026,10-09-2026,CM,BSE,STK,543320,INE758T01015,ETERNAL,A,,,,,Eternal Limited,321.25,322.85,317.7,320.5,320.5,320,,322,,,279701,89630209,2475,F1,1,,,,,
10-09-2026,10-09-2026,CM,BSE,STK,543321,INE0GK401011,TATVA,B,,,,,Tatva Chintan Pharma Chem Limi,1693.9,1751.45,1650.25,1665.15,1667,1686.45,,1659.33,,,5087,8709949,450,F1,1,,,,,
10-09-2026,10-09-2026,CM,BSE,STK,543322,INE03Q201024,ALIVUS,A,,,,,ALIVUS LIFE SCIENCES LIMITED,1404.5,1413,1380.4,1391.85,1394.85,1399.5,,1390.21,,,1561,2180946,199,F1,1,,,,,
10-09-2026,10-09-2026,CM,BSE,STK,543323,INF769K01HI8,BFSI,B,,,,,Mirae Asset Mutual Fund,26.49,26.59,26.18,26.45,26.59,26.49,,26.47,,,25012,660833,250,F1,1,,,,,
10-09-2026,10-09-2026,CM,BSE,STK,543324,INE199P01028,GCSL,B,,,,,Gretex Corporate Services Limi,606.4,616.6,605.55,614.8,611.55,602.25,,614.8,,,3292,2010785,149,F1,1,,,,,
10-09-2026,10-09-2026,CM,BSE,STK,543325,INE645S01024,ROLEXRINGS,B,,,,,Rolex Rings Limited,177.4,181,172.15,173,173,175.65,,173.14,,,158373,27955394,2541,F1,1,,,,,
10-09-2026,10-09-2026,CM,BSE,STK,543326,INF109KC19V3,FMCGIETF,B,,,,,ICICI Prudential Mutual Fund,48.89,48.97,48.61,48.69,48.69,48.91,,48.65,,,140356,6840966,756,F1,1,,,,,
10-09-2026,10-09-2026,CM,BSE,STK,543327,INE0GFE01026,EXXARO,B,,,,,Exxaro Tiles Limited,6.31,6.65,6.31,6.42,6.41,6.45,,6.37,,,25085,161483,72,F1,1,,,,,
10-09-2026,10-09-2026,CM,BSE,STK,543328,INE08LI01020,KRSNAA,B,,,,,Krsnaa Diagnostics Limited,565,565.95,557.15,562.95,562.8,560.4,,564.37,,,1440,808959,114,F1,1,,,,,
10-09-2026,10-09-2026,CM,BSE,STK,543329,INE0H5O01029,WINDLAS,B,,,,,Windlas Biotech Limited,1140,1157.35,1125.85,1127.55,1130,1144.65,,1129.33,,,4162,4749843,298,F1,1,,,,,
10-09-2026,10-09-2026,CM,BSE,STK,543330,INE872J01023,DEVYANI,A,,,,,Devyani International Limited,137.5,140,135.5,135.85,136,137.2,,135.92,,,92851,12773742,1732,F1,1,,,,,
10-09-2026,10-09-2026,CM,BSE,STK,543331,INE0CT101020,MOL,B,,,,,Meghmani Organics Limited,63.62,65.5,62.24,62.5,63,63.62,,62.55,,,32159,2041119,342,F1,1,,,,,
10-09-2026,10-09-2026,CM,BSE,STK,543332,INE071N01016,EPIGRAL,B,,,,,Epigral Limited,1169.2,1175.05,1139.65,1145.95,1146.85,1161.8,,1149.79,,,851,979831,147,F1,1,,,,,
10-09-2026,10-09-2026,CM,BSE,STK,543333,INE290S01011,CARTRADE,A,,,,,CarTrade Tech Limited,3014.15,3060,2995.8,3033.55,3035.7,3029.3,,3034.66,,,14937,45297562,1555,F1,1,,,,,
10-09-2026,10-09-2026,CM,BSE,STK,543334,INE118D01016,NUVOCO,A,,,,,Nuvoco Vistas Corporation Limi,335.4,338.55,328.55,331.2,330,335.15,,331.29,,,19187,6409205,835,F1,1,,,,,
10-09-2026,10-09-2026,CM,BSE,STK,543335,INE852O01025,APTUS,A,,,,,Aptus Value Housing Finance In,260.05,260.05,250.25,252.4,252.85,258.2,,252.21,,,353056,89038821,1685,F1,1,,,,,
10-09-2026,10-09-2026,CM,BSE,STK,543336,INE488A01050,CHEMPLASTS,B,,,,,Chemplast Sanmar Limited,176.75,183,175.1,176.2,175.55,177.1,,176.15,,,50227,9030102,638,F1,1,,,,,
10-09-2026,10-09-2026,CM,BSE,STK,543341,INE647W01014,SHARPLINE,X,,,,,SHARPLINE BROADCAST LIMITED,9.34,9.38,9.34,9.38,9.38,9.3,,9.38,,,675,6316,2,F1,1,,,,,
10-09-2026,10-09-2026,CM,BSE,STK,543346,INE0EAX01014,AASHKA,M,,,,,Aashka Hospitals Limited,84.99,84.99,84.99,84.99,84.99,86,,84.99,,,1000,84990,1,F1,1000,,,,,
10-09-2026,10-09-2026,CM,BSE,STK,543347,INF846K01Y96,ITAXIS,B,,,,,Axis Mutual Fund,329,329,316.12,318.8,318.8,323.48,,317.69,,,322,102856,9,F1,1,,,,,
10-09-2026,10-09-2026,CM,BSE,STK,543348,INF846K01Z12,HEALTHAXIS,B,,,,,Axis Mutual Fund,169.3,169.3,167.38,167.62,167.62,168.03,,168.13,,,126,21132,4,F1,1,,,,,
10-09-2026,10-09-2026,CM,BSE,STK,543349,INE00FF01025,ACUTAAS,A,,,,,ACUTAAS CHEMICALS LIMITED,3245.15,3464.05,3224.3,3451.25,3451.25,3233.35,,3451.4,,,38500,131169950,3282,F1,1,,,,,
10-09-2026,10-09-2026,CM,BSE,STK,543350,INE043W01024,VIJAYA,A,,,,,Vijaya Diagnostic Centre Limit,1502.8,1517.6,1495.9,1498.5,1496,1496.85,,1498.79,,,4229,6368628,276,F1,1,,,,,
10-09-2026,10-09-2026,CM,BSE,STK,543351,INE0GOA01018,NBL,TS,,,,,Naapbooks Limited,148.8,148.8,148.8,148.8,148.8,148.8,,148.8,,,7200,1071360,6,F1,1200,,,,,
10-09-2026,10-09-2026,CM,BSE,STK,543357,INF846K016C7,CONSUMAXIS,B,,,,,Axis Mutual Fund,118.76,120.83,118.76,120.83,120.83,119,,119.62,,,6,722,2,F1,1,,,,,
10-09-2026,10-09-2026,CM,BSE,STK,543358,INE953O01021,SANSERA,A,,,,,Sansera Engineering Limited,4138.45,4138.45,4050,4107.4,4113.75,4133.05,,4107.88,,,5993,24568455,876,F1,1,,,,,
10-09-2026,10-09-2026,CM,BSE,STK,543363,INE0GAO01018,PREVEST,M,,,,,Prevest Denpro Limited,386,395,375,390.85,385.2,386.75,,390.85,,,103400,39680460,93,F1,200,,,,,
10-09-2026,10-09-2026,CM,BSE,STK,543364,INE0FW001016,MARKOLINES,B,,,,,Markolines Pavement Technologi,173.7,173.7,170.55,171.8,171.1,173.35,,171.43,,,6044,1041059,92,F1,1,,,,,
10-09-2026,10-09-2026,CM,BSE,STK,543365,INF769K01HP3,MASPTOP50,B,,,,,Mirae Asset Mutual Fund,103.43,103.43,90,95.58,95.58,100.91,,95.58,,,166353,15944020,2867,F1,1,,,,,
10-09-2026,10-09-2026,CM,BSE,STK,543366,INE0DLM01024,SBLI,M,,,,,SBL Infratech Limited,54,54,48,48.9,48.9,53.78,,48.9,,,6000,304560,3,F1,1200,,,,,
10-09-2026,10-09-2026,CM,BSE,STK,543367,INE045601023,PARAS,A,,,,,Paras Defence and Space Techno,1470.45,1498.8,1442,1451.1,1451.1,1471.25,,1453.22,,,47750,69860152,2378,F1,1,,,,,
10-09-2026,10-09-2026,CM,BSE,STK,543372,INE0H1201020,GETALONG,MT,,,,,Getalong Enterprise Limited,5.2,5.2,5.2,5.2,5.2,5.23,,5.2,,,10000,52000,2,F1,5000,,,,,
10-09-2026,10-09-2026,CM,BSE,STK,543373,INE0HLJ01013,SVRL,T,,,,,Shri Venkatesh Refineries Limi,507,520,481.65,510.05,512,506.5,,510.05,,,13384,6853703,54,F1,1,,,,,
10-09-2026,10-09-2026,CM,BSE,STK,543374,INE404A01024,ABSLAMC,A,,,,,Aditya Birla Sun Life AMC Limi,1052,1097.85,1045.45,1088.75,1090,1065.45,,1088.5,,,15910,17154716,1067,F1,1,,,,,
10-09-2026,10-09-2026,CM,BSE,STK,543376,INE0GD201014,SAMOR,B,,,,,Samor Reality Limited,98.51,98.51,89.13,89.48,93,93.82,,89.48,,,558,50686,21,F1,1,,,,,
10-09-2026,10-09-2026,CM,BSE,STK,543377,INE0CWK01019,ADISHAKTI,M,,,,,Adishakti Loha and Ispat Limit,6.95,6.95,6.95,6.95,6.95,6.7,,6.95,,,10000,69500,1,F1,10000,,,,,
10-09-2026,10-09-2026,CM,BSE,STK,543378,INE0H8H01019,CWD,MS,,,,,CWD Limited,310,313.5,307.5,308.1,307.5,310.3,,308.1,,,14500,4488650,29,F1,500,,,,,
10-09-2026,10-09-2026,CM,BSE,STK,543383,INF109KC1V42,CONSUMIETF,B,,,,,ICICI Prudential Mutual Fund,119.53,120.16,119.4,120.16,120.16,119.91,,119.71,,,471,56523,8,F1,1,,,,,
10-09-2026,10-09-2026,CM,BSE,STK,543384,INE388Y01029,NYKAA,A,,,,,FSN E-Commerce Ventures Limite,341.2,351,339.05,342.25,342.25,343,,341.95,,,70089,24054424,1471,F1,1,,,,,
10-09-2026,10-09-2026,CM,BSE,STK,543386,INE02NC01014,FINOPB,B,,,,,Fino Payments Bank Limited,138.85,141.35,137.6,139.85,140,137.8,,139.95,,,19284,2690383,284,F1,1,,,,,
10-09-2026,10-09-2026,CM,BSE,STK,543387,INE284S01014,SJS,A,,,,,S.J.S. Enterprises Limited,2302,2356.55,2282.3,2343.2,2335,2296.2,,2342.61,,,3889,9022735,734,F1,1,,,,,
10-09-2026,10-09-2026,CM,BSE,STK,543388,INF740KA1QK2,EQUAL50ADD,B,,,,,DSP Nifty 50 Equal Weight ETF,334.29,336.94,334.29,336.79,336.94,335.89,,335.89,,,704,236499,15,F1,1,,,,,
10-09-2026,10-09-2026,CM,BSE,STK,543389,INE0D0K01022,SIGACHI,B,,,,,Sigachi Industries Limited,35.83,38.78,35.45,37.62,37.62,35.22,,37.56,,,628254,23665828,2562,F1,1,,,,,
10-09-2026,10-09-2026,CM,BSE,STK,543390,INE417T01026,POLICYBZR,A,,,,,PB Fintech Limited,1793.7,1807.8,1780.45,1803,1803,1799.3,,1800.01,,,11647,20907092,681,F1,1,,,,,
10-09-2026,10-09-2026,CM,BSE,STK,543391,INE07GA01011,SGFRL,M,,,,,Suyog Gurbaxani Funicular Rope,90.9,90.9,90.9,90.9,90.9,91,,90.9,,,750,68175,1,F1,750,,,,,
10-09-2026,10-09-2026,CM,BSE,STK,543396,INE982J01020,PAYTM,A,,,,,One 97 Communications Limited,1748.15,1756.1,1719.6,1739,1739,1752.25,,1739,,,102698,178665877,5033,F1,1,,,,,
10-09-2026,10-09-2026,CM,BSE,STK,543397,INE806T01020,SAPPHIRE,A,,,,,Sapphire Foods India Limited,227,230,223.35,224.15,224.65,228.25,,224.11,,,951789,214150683,595,F1,1,,,,,
10-09-2026,10-09-2026,CM,BSE,STK,543398,INE0I7C01011,LATENTVIEW,A,,,,,Latent View Analytics Limited,260.05,262,255,255.95,257.65,260.25,,255.81,,,58121,15017338,1094,F1,1,,,,,
10-09-2026,10-09-2026,CM,BSE,STK,543399,INE144Z01023,TARSONS,B,,,,,Tarsons Products Limited,315.95,333,312.85,318.8,315,323,,317.67,,,7916,2562892,240,F1,1,,,,,
10-09-2026,10-09-2026,CM,BSE,STK,543400,INE0JFE01012,OMNIPOTENT,M,,,,,Omnipotent Industries Limited,2.7,2.7,2.51,2.51,2.51,2.63,,2.51,,,4000,10420,2,F1,2000,,,,,
10-09-2026,10-09-2026,CM,BSE,STK,543401,INE0BJS01011,GOCOLORS,B,,,,,Go Fashion (India) Limited,323.35,325.1,317.35,318.45,319,325.7,,318.45,,,1817,583051,105,F1,1,,,,,
10-09-2026,10-09-2026,CM,BSE,STK,543411,INE106T01025,HITECH,B,,,,,HI-TECH PIPES LIMITED,77.23,79.6,76.6,77.51,77.3,76.68,,77.4,,,129186,10111354,986,F1,1,,,,,
10-09-2026,10-09-2026,CM,BSE,STK,543412,INE575P01011,STARHEALTH,A,,,,,Star Health and Allied Insuran,568.4,583.4,566.1,575.45,573.9,571.4,,576.22,,,40153,23078523,878,F1,1,,,,,
10-09-2026,10-09-2026,CM,BSE,STK,543413,INE011K01018,TEGA,A,,,,,Tega Industries Limited,1698.5,1779.35,1698.5,1721.3,1721.3,1680.15,,1721.59,,,42475,74241843,2593,F1,1,,,,,
10-09-2026,10-09-2026,CM,BSE,STK,543414,INF769K01HS7,MAHKTECH,B,,,,,Mirae Asset Mutual Fund,22.2,23.75,22.02,22.27,22.37,22.77,,22.24,,,40300,902778,489,F1,1,,,,,
10-09-2026,10-09-2026,CM,BSE,STK,543415,INE463V01026,ANANDRATHI,A,,,,,Anand Rathi Wealth Limited,2187.4,2208.05,2155.7,2204.65,2198,2180.5,,2202.57,,,11863,25881687,738,F1,1,,,,,
10-09-2026,10-09-2026,CM,BSE,STK,543416,INE761Y01019,ZODIAC,B,,,,,Zodiac Energy Limited,234.45,235,230,231.05,231.7,234.25,,230.89,,,1124,261779,135,F1,1,,,,,
10-09-2026,10-09-2026,CM,BSE,STK,543417,INE0CLI01024,RATEGAIN,A,,,,,RateGain Travel Technologies L,840.15,871.45,833.65,867.2,868.45,841.65,,866.46,,,23611,20298907,1081,F1,1,,,,,
10-09-2026,10-09-2026,CM,BSE,STK,543418,INF754K01OB1,BBETF0432,F,,,,,Edelweiss Mutual Fund,1342.46,1347.98,1342.46,1347.98,1347.98,1346.8,,1346.48,,,2,2690,2,F1,1,,,,,
10-09-2026,10-09-2026,CM,BSE,STK,543419,INE217L01019,SHRIRAMPPS,B,,,,,Shriram Properties Limited,72.5,73.47,72.47,72.79,72.5,72.59,,72.63,,,23119,1684676,297,F1,1,,,,,
10-09-2026,10-09-2026,CM,BSE,STK,543420,INE982V01025,JETFREIGHT,B,,,,,Jet Freight Logistics Limited,21,21,20.1,20.1,20.1,20.01,,20.2,,,341,6918,12,F1,1,,,,,
10-09-2026,10-09-2026,CM,BSE,STK,543425,INE0BV301023,MAPMYINDIA,A,,,,,C.E. Info Systems Limited,959.85,965.2,934.75,939.3,937,954.1,,939.88,,,5889,5610413,357,F1,1,,,,,
10-09-2026,10-09-2026,CM,BSE,STK,543426,INE317I01021,METROBRAND,A,,,,,Metro Brands Limited,956.15,957.7,938,953.35,947.4,958.3,,952.17,,,1879,1781819,455,F1,1,,,,,
10-09-2026,10-09-2026,CM,BSE,STK,543427,INE804L01022,MEDPLUS,A,,,,,Medplus Health Services Limite,666.1,668.95,655,658.55,662.7,670.65,,658.06,,,1444,954759,179,F1,1,,,,,
10-09-2026,10-09-2026,CM,BSE,STK,543428,INE0IX101010,DATAPATTNS,A,,,,,Data Patterns (India) Limited,4914.25,4929,4723.3,4774.1,4774.1,4881.25,,4777.12,,,35382,169778900,2854,F1,1,,,,,
10-09-2026,10-09-2026,CM,BSE,STK,543433,INE0GSL01024,HPAL,B,,,,,HP Adhesives Limited,36.49,36.6,34.99,36.58,36.6,35.06,,36.61,,,4926,177459,95,F1,1,,,,,
10-09-2026,10-09-2026,CM,BSE,STK,543434,INE07RO01027,SUPRIYA,B,,,,,Supriya Lifescience Limited,915,931.6,901.6,918.75,919.2,911.3,,917.51,,,27917,25531276,967,F1,1,,,,,
10-09-2026,10-09-2026,CM,BSE,STK,543435,INE0JJS01014,CLARA,M,,,,,CLARA INDUSTRIES LIMITED,30,30,30,30,30,32.5,,30,,,4150,124500,1,F1,4150,,,,,
10-09-2026,10-09-2026,CM,BSE,STK,543437,INF247L01AU3,MONQ50,B,,,,,Motilal Oswal Mutual Fund,208.58,226.92,181.85,201.12,199.25,213.93,,200,,,167137,33070100,3538,F1,1,,,,,
10-09-2026,10-09-2026,CM,BSE,STK,543438,INF740KA1ZF3,MIDQ50ADD,B,,,,,DSP Nifty Midcap 150 Quality 5,24.26,24.52,24.26,24.45,24.45,24.51,,24.39,,,144,3505,4,F1,1,,,,,
10-09-2026,10-09-2026,CM,BSE,STK,543440,INF740KA1CL0,NIFTYADD,B,,,,,DSP Nifty 50 ETF,248.29,248.29,246.54,248.03,248.03,248.06,,247.15,,,632,156686,24,F1,1,,,,,
10-09-2026,10-09-2026,CM,BSE,STK,543441,INE925R01014,CMSINFO,A,,,,,CMS Info Systems Limited,233.2,233.2,226.8,227.55,227.55,231.2,,227.69,,,29335,6740252,1116,F1,1,,,,,
10-09-2026,10-09-2026,CM,BSE,STK,543442,INE977Y01011,BCONCEPTS,B,,,,,Brand Concepts Limited,161,161,152,156.65,157,164.75,,154.51,,,5462,849813,169,F1,1,,,,,
10-09-2026,10-09-2026,CM,BSE,STK,543443,INE0E4I01027,ASCENSIVE,MS,,,,,Ascensive Educare Limited,15.32,17.88,15.31,16.17,17.88,18.39,,16.17,,,30000,485100,3,F1,10000,,,,,
10-09-2026,10-09-2026,CM,BSE,STK,543449,INE02WG01024,WEL,B,,,,,WONDER ELECTRICALS LIMITED,74.89,76.66,73.1,74.26,74.26,73.01,,74.2,,,199405,15088369,1120,F1,1,,,,,
10-09-2026,10-09-2026,CM,BSE,STK,543450,INF109KC10V2,AUTOIETF,B,,,,,ICICI Prudential Mutual Fund,28.71,28.71,28.4,28.58,28.63,28.76,,28.55,,,19260,549956,257,F1,1,,,,,
10-09-2026,10-09-2026,CM,BSE,STK,543451,INE583L01014,AGSTRA,Z,,,,,AGS TRANSACT TECHNOLOGIES LIMI,1.9,1.95,1.86,1.94,1.94,1.92,,1.91,,,63593,120658,99,F1,1,,,,,
10-09-2026,10-09-2026,CM,BSE,STK,543452,INF109KC1Y56,SILVERIETF,E,,,,,ICICI Prudential Mutual Fund,234.41,236.25,233.13,233.66,234.21,232.23,,233.48,,,67617,15892026,1809,F1,1,,,,,
10-09-2026,10-09-2026,CM,BSE,STK,543453,INE0KA601012,ALKOSIGN,M,,,,,ALKOSIGN LIMITED,56.27,59.85,56.27,58.93,58.01,64.15,,58.93,,,7875,455096,6,F1,1125,,,,,
10-09-2026,10-09-2026,CM,BSE,STK,543454,INF769K01IB1,MAKEINDIA,B,,,,,Mirae Asset Mutual Fund,164.49,164.67,163.43,163.76,163.87,165.24,,163.9,,,495,81371,12,F1,1,,,,,
10-09-2026,10-09-2026,CM,BSE,STK,543458,INE699H01024,AWL,A,,,,,AWL AGRI BUSINESS LIMITED,187.65,188.5,185.3,185.7,185.7,187.65,,185.7,,,90807,16954710,1946,F1,1,,,,,
10-09-2026,10-09-2026,CM,BSE,STK,543461,INE0JNA01014,SSTL,M,,,,,Safa Systems & Technologies Li,21.6,23.27,21,23.1,23.1,23.18,,23.1,,,40000,872350,7,F1,5000,,,,,
10-09-2026,10-09-2026,CM,BSE,STK,543462,INE060X01034,DEVIT,B,,,,,DEV INFORMATION TECHNOLOGY LIM,23.73,24.59,23.5,24.49,24.49,23.58,,24.03,,,3223,76447,21,F1,1,,,,,
10-09-2026,10-09-2026,CM,BSE,STK,543463,INE825V01034,MANYAVAR,A,,,,,Vedant Fashions Limited,581.9,585.8,532.65,576.55,576.55,581.8,,576.6,,,17798,10209267,616,F1,1,,,,,
10-09-2026,10-09-2026,CM,BSE,STK,543464,INE0JSJ01014,SPITZE,M,,,,,Maruti Interior Products Limit,39.85,40.25,39.8,40.25,40.25,38.34,,40.25,,,112000,4500810,67,F1,1000,,,,,
10-09-2026,10-09-2026,CM,BSE,STK,543465,INF247L01BK2,MOMOMENTUM,B,,,,,Motilal Oswal Mutual Fund,62.86,62.92,62.13,62.62,62.9,63.25,,62.34,,,3598,225078,87,F1,1,,,,,
10-09-2026,10-09-2026,CM,BSE,STK,543470,INE728Z01015,SOFTTECH,B,,,,,SoftTech Engineers Limited,422.1,422.8,422.1,422.75,422.75,421.5,,435,,,150,63342,3,F1,1,,,,,
10-09-2026,10-09-2026,CM,BSE,STK,543471,INF209KB19F6,SILVER,E,,,,,Aditya Birla Sun Life Mutual F,235.89,236.3,233.06,233.26,233.51,232.54,,233.46,,,86104,20203396,1629,F1,1,,,,,
10-09-2026,10-09-2026,CM,BSE,STK,543472,INF209KB11D8,TECH,B,,,,,Aditya Birla Sun Life Mutual F,32.64,32.64,31.2,31.6,31.6,32,,31.7,,,1883,59552,36,F1,1,,,,,
10-09-2026,10-09-2026,CM,BSE,STK,543473,INF209KB10C2,HEALTHY,B,,,,,Aditya Birla Sun Life Mutual F,16.85,17.25,16.85,16.96,17.02,17.12,,16.99,,,7479,127167,116,F1,1,,,,,
10-09-2026,10-09-2026,CM,BSE,STK,543474,INF209KB19D1,BSLNIFTY,B,,,,,Aditya Birla Sun Life Mutual F,28.29,28.29,27.47,27.5,27.52,27.6,,27.5,,,12374,340796,246,F1,1,,,,,
10-09-2026,10-09-2026,CM,BSE,STK,543475,INE0KCM01010,EKENNIS,M,,,,,Ekennis Software Service Limit,39.9,39.9,39.9,39.9,39.9,42,,39.9,,,2400,95760,3,F1,800,,,,,
10-09-2026,10-09-2026,CM,BSE,STK,543481,INF769K01IC9,MIDCAPETF,B,,,,,Mirae Asset Mutual Fund,23.57,23.57,23.4,23.42,23.42,23.52,,23.41,,,118295,2775651,507,F1,1,,,,,
10-09-2026,10-09-2026,CM,BSE,STK,543482,INE0KCE01017,EUREKAFORB,A,,,,,Eureka Forbes Limited,402.9,406.45,395.4,397.35,397,399.3,,397.35,,,3027,1209624,237,F1,1,,,,,
10-09-2026,10-09-2026,CM,BSE,STK,543489,INE079J01017,GATEWAY,B,,,,,Gateway Distriparks Limited,53.89,54,53.21,53.58,53.77,53.43,,53.65,,,16717,894625,146,F1,1,,,,,
10-09-2026,10-09-2026,CM,BSE,STK,543490,INE0CU601026,GMRP&UI,A,,,,,GMR Power and Urban Infra Limi,94.55,97,92.56,96.42,96.59,94.83,,96.5,,,151558,14382148,1272,F1,1,,,,,
10-09-2026,10-09-2026,CM,BSE,STK,543497,INE0KQ001017,BCCL,M,,,,,Bhatia Colour Chem Limited,30.4,30.84,29.7,29.93,29.95,30.36,,29.93,,,5600,168744,14,F1,400,,,,,
10-09-2026,10-09-2026,CM,BSE,STK,543498,INE0FS801015,MSUMI,A,,,,,Motherson Sumi Wiring India Li,37.34,37.34,36.29,36.32,36.33,36.71,,36.34,,,321056,11703819,1842,F1,1,,,,,
10-09-2026,10-09-2026,CM,BSE,STK,543499,INE0K1401020,ACHYUT,T,,,,,Achyut Healthcare Limited,6.94,7.05,6.7,6.99,6.91,6.94,,6.99,,,36540,251266,97,F1,1,,,,,
10-09-2026,10-09-2026,CM,BSE,STK,543500,INE0JVD01011,EVOQ,MT,,,,,Evoq Remedies Limited,1.59,1.59,1.51,1.54,1.54,1.58,,1.54,,,44000,67120,11,F1,4000,,,,,
10-09-2026,10-09-2026,CM,BSE,STK,543501,INF247L01BL0,MOLOWVOL,B,,,,,Motilal Oswal Mutual Fund,35.46,35.46,35.25,35.25,35.25,35.55,,35.39,,,19,670,2,F1,1,,,,,
10-09-2026,10-09-2026,CM,BSE,STK,543512,INE652Z01025,AVROIND,B,,,,,Avro India Limited,8.84,8.84,8.31,8.35,8.35,8.55,,8.34,,,20823,176509,88,F1,1,,,,,
10-09-2026,10-09-2026,CM,BSE,STK,543514,INE0IQ001011,VERANDA,B,,,,,Veranda Learning Solutions Lim,233.25,235.25,229.15,231.35,230.75,234.65,,230.53,,,3972,918796,96,F1,1,,,,,
10-09-2026,10-09-2026,CM,BSE,STK,543515,INE0KPY01017,SEML,MT,,,,,Sunrise Efficient Marketing Li,37.32,39.75,37.32,39.23,39.75,39.28,,39.23,,,18000,676597,22,F1,375,,,,,
10-09-2026,10-09-2026,CM,BSE,STK,543516,INE0K5F01014,DHYAANITR,MT,,,,,DHYAANI TRADEVENTTURES LIMITED,7.17,7.17,7.12,7.15,7.15,7.15,,7.15,,,44800,320236,9,F1,2800,,,,,
10-09-2026,10-09-2026,CM,BSE,STK,543517,INE00EV01017,HARIOMPIPE,B,,,,,Hariom Pipe Industries Limited,363.65,369.25,360.3,361.55,364.8,365.95,,361.79,,,2803,1020449,100,F1,1,,,,,
10-09-2026,10-09-2026,CM,BSE,STK,543518,INE0KSN01014,EIGHTY,M,,,,,Eighty Jewellers Limited,42.45,42.45,42,42,42,42.45,,42,,,9000,379350,2,F1,3000,,,,,
10-09-2026,10-09-2026,CM,BSE,STK,543519,INE0JMN01019,SFSL,M,,,,,Shashwat Furnishing Solutions,81,81,78.52,78.52,78.52,98,,78.52,,,4500,357060,3,F1,1500,,,,,
10-09-2026,10-09-2026,CM,BSE,STK,543520,INE0J2K01014,GLHRL,M,,,,,Global Longlife Hospital and R,14.65,14.75,13.8,14.08,14.05,14.05,,14.08,,,73000,1045400,38,F1,1000,,,,,
10-09-2026,10-09-2026,CM,BSE,STK,543522,INE0E5R01017,NVENTURES,M,,,,,Nanavati Ventures Limited,77.1,81.8,76.15,81.8,81.8,81.9,,81.8,,,2250,176287,3,F1,750,,,,,
10-09-2026,10-09-2026,CM,BSE,STK,543523,INE278Y01022,CAMPUS,A,,,,,Campus Activewear Limited,213.55,216.15,212.5,213.75,213.75,214.75,,213.68,,,23703,5093667,516,F1,1,,,,,
10-09-2026,10-09-2026,CM,BSE,STK,543524,INE961O01016,RAINBOW,A,,,,,Rainbow Children's Medicare Li,1460.5,1480.35,1458.2,1460.75,1459.05,1450.65,,1460.11,,,1702,2501012,223,F1,1,,,,,
10-09-2026,10-09-2026,CM,BSE,STK,543525,INE625X01026,SILVERTUC,B,,,,,Silver Touch Technologies Limi,157,161,144.35,152.55,158,160.35,,152.03,,,196036,29759107,1669,F1,1,,,,,
10-09-2026,10-09-2026,CM,BSE,STK,543526,INE0J1Y01017,LICI,A,,,,,LIFE INSURANCE CORPORATION OF,407.1,407.8,402.15,406,406,407.3,,405.6,,,153731,62201997,2203,F1,1,,,,,
10-09-2026,10-09-2026,CM,BSE,STK,543527,INE00F201020,PRUDENT,A,,,,,Prudent Corporate Advisory Ser,3283.95,3346.9,3283.95,3317.1,3302.3,3300.4,,3318.71,,,2797,9250749,149,F1,1,,,,,
10-09-2026,10-09-2026,CM,BSE,STK,543528,INE0JA001018,VENUSPIPES,B,,,,,Venus Pipes & Tubes Limited,1912.5,1994.45,1911.35,1950.9,1945,1929.7,,1949.17,,,11877,23098452,850,F1,1,,,,,
10-09-2026,10-09-2026,CM,BSE,STK,543529,INE148O01028,DELHIVERY,A,,,,,Delhivery Limited,450.9,451,444.3,451,451,450.6,,447.71,,,34322,15381458,689,F1,1,,,,,
10-09-2026,10-09-2026,CM,BSE,STK,543530,INE088F01024,PARADEEP,A,,,,,Paradeep Phosphates Limited,156.05,159.9,153.35,157.15,157.15,158.05,,157.11,,,157207,24694958,2044,F1,1,,,,,
10-09-2026,10-09-2026,CM,BSE,STK,543531,INE05CY01014,TIERRA,X,,,,,Tierra Agrotech Limited,54.78,57.3,50.61,54.6,54.6,55.9,,54.6,,,54034,2888542,249,F1,1,,,,,
10-09-2026,10-09-2026,CM,BSE,STK,543532,INE04TZ01018,ETHOSLTD,A,,,,,ETHOS LIMITED,2755.1,2765.15,2655.95,2684.65,2684.65,2752.4,,2687.33,,,2092,5658647,293,F1,1,,,,,
10-09-2026,10-09-2026,CM,BSE,STK,543533,INE01QM01018,EMUDHRA,B,,,,,eMudhra Limited,509.55,513.55,494.25,499.4,500.25,512.6,,497.94,,,11955,6032627,303,F1,1,,,,,
10-09-2026,10-09-2026,CM,BSE,STK,543534,INE0BWX01014,AETHER,A,,,,,Aether Industries Limited,1608.05,1661.15,1589.7,1642.7,1646.3,1612.65,,1640.41,,,22411,36626066,2047,F1,1,,,,,
10-09-2026,10-09-2026,CM,BSE,STK,543535,INE082W01014,WEWIN,B,,,,,We Win Limited,44.8,44.89,43.19,44.4,44.4,40.85,,42.99,,,460,20385,8,F1,1,,,,,
10-09-2026,10-09-2026,CM,BSE,STK,543538,INE0K6L01010,GOEL,M,,,,,Goel Food Products Limited,11.6,11.8,11.5,11.65,11.8,12,,11.65,,,20000,231620,7,F1,2000,,,,,
10-09-2026,10-09-2026,CM,BSE,STK,543539,INE0L0L01012,MODIS,B,,,,,MODI'S NAVNIRMAN LIMITED,372.85,372.85,369.8,369.8,369.8,371,,373.85,,,90,33422,7,F1,1,,,,,
10-09-2026,10-09-2026,CM,BSE,STK,543541,INE0KHQ01010,SAILANI,M,,,,,SAILANI TOURS N TRAVELS LIMITE,8.8,8.8,8.8,8.8,8.8,11,,8.8,,,1600,14080,1,F1,1600,,,,,
10-09-2026,10-09-2026,CM,BSE,STK,543542,INE0L1C01019,KESAR,M,,,,,KESAR INDIA LIMITED,1180,1200,1165,1170,1170,1176.5,,1170,,,12900,15072470,115,F1,100,,,,,
10-09-2026,10-09-2026,CM,BSE,STK,543544,INE0KR801019,JAYANT,MT,,,,,JAYANT INFRATECH LIMITED,71.5,71.5,71.5,71.5,71.5,75,,71.5,,,3750,268125,4,F1,750,,,,,
10-09-2026,10-09-2026,CM,BSE,STK,543545,INE0ID001024,VEERKRUPA,M,,,,,Veerkrupa Jewellers Limited,0.5,0.5,0.49,0.5,0.5,0.5,,0.5,,,133600,66633,6,F1,16700,,,,,
10-09-2026,10-09-2026,CM,BSE,STK,543546,INE0L3501015,HEALTHYLIFE,MT,,,,,HEALTHY LIFE AGRITEC LIMITED,6.62,7.24,6.62,6.86,6.98,6.9,,6.86,,,30000,208380,12,F1,2000,,,,,
10-09-2026,10-09-2026,CM,BSE,STK,543547,INE0HR601026,DDEVPLSTIK,B,,,,,DDEV PLASTIKS INDUSTRIES LIMIT,266.25,266.6,254.6,256.9,262,267,,256.02,,,16960,4412274,825,F1,1,,,,,
10-09-2026,10-09-2026,CM,BSE,STK,543563,INF247L01BB1,MOHEALTH,B,,,,,Motilal Oswal Mutual Fund,52.18,52.46,51.65,51.84,51.65,52.09,,51.83,,,4080,212777,41,F1,1,,,,,
10-09-2026,10-09-2026,CM,BSE,STK,543568,INF109KC17C7,MOM30IETF,B,,,,,ICICI Prudential Mutual Fund,31.73,31.73,31.35,31.39,31.47,31.4,,31.39,,,4451,140045,203,F1,1,,,,,
10-09-2026,10-09-2026,CM,BSE,STK,543569,INF179KC1HR4,HDFCNIF100,B,,,,,HDFC Mutual Fund,25.73,25.73,25.58,25.58,25.58,25.53,,25.47,,,46,1181,3,F1,1,,,,,
10-09-2026,10-09-2026,CM,BSE,STK,543570,INF179KC1HS2,HDFCNEXT50,B,,,,,HDFC Mutual Fund,74.8,74.8,74.11,74.19,74.18,74.76,,74.08,,,5665,420842,98,F1,1,,,,,
10-09-2026,10-09-2026,CM,BSE,STK,543571,INF109KC16E5,INFRAIETF,B,,,,,ICICI Prudential Mutual Fund,94.3,94.3,93.7,93.76,94.11,93.76,,93.54,,,3035,285088,47,F1,1,,,,,
10-09-2026,10-09-2026,CM,BSE,STK,543572,INF740KA1ZQ0,SILVERADD,E,,,,,DSP Silver ETF,22.69,22.83,22.54,22.55,22.56,22.41,,22.55,,,22757,516915,80,F1,1,,,,,
10-09-2026,10-09-2026,CM,BSE,STK,543573,INE0DYJ01015,SYRMA,A,,,,,Syrma SGS Technology Limited,1618,1639.5,1594.85,1598.85,1602.05,1622.1,,1598.8,,,41060,66189896,2029,F1,1,,,,,
10-09-2026,10-09-2026,CM,BSE,STK,543574,INF209KB15K4,NIFTYQLITY,B,,,,,Aditya Birla Sun Life Mutual F,20.53,21.02,20.53,20.79,20.92,20.95,,20.8,,,2619,54617,43,F1,1,,,,,
10-09-2026,10-09-2026,CM,BSE,STK,543575,INF209KB14K7,MOMENTUM,B,,,,,Aditya Birla Sun Life Mutual F,31.42,31.93,31.26,31.87,31.93,31.55,,31.75,,,14575,462666,11,F1,1,,,,,
10-09-2026,10-09-2026,CM,BSE,STK,543576,INF247L01BE5,MOVALUE,B,,,,,Motilal Oswal Mutual Fund,109.42,112.78,109.42,112.06,111.45,112.23,,111.82,,,5612,628594,473,F1,1,,,,,
10-09-2026,10-09-2026,CM,BSE,STK,543577,INF247L01BH8,MOQUALITY,B,,,,,Motilal Oswal Mutual Fund,196.6,196.6,196,196,196,197.77,,195.85,,,67,13149,5,F1,1,,,,,
10-09-2026,10-09-2026,CM,BSE,STK,543590,INE0KKN01029,RHETAN,B,,,,,Rhetan TMT Limited,25.3,25.3,25.3,25.3,25.3,26.63,,25.27,,,12432,314529,92,F1,1,,,,,
10-09-2026,10-09-2026,CM,BSE,STK,543591,INE0JS101016,DREAMFOLKS,B,,,,,DREAMFOLKS SERVICES LIMITED,68.26,68.75,66.93,67.01,67.01,68.75,,67.07,,,8054,543352,211,F1,1,,,,,
10-09-2026,10-09-2026,CM,BSE,STK,543592,INF179KC1DI2,HDFCSILVER,E,,,,,HDFC Mutual Fund,224.15,226.3,223.23,223.64,224,222.4,,223.54,,,66255,14897147,1495,F1,1,,,,,
10-09-2026,10-09-2026,CM,BSE,STK,543593,INE0I3401014,DBOL,B,,,,,Dhampur Bio Organics Limited,123.7,123.85,120,120.35,120,123.2,,120.38,,,12693,1551812,201,F1,1,,,,,
10-09-2026,10-09-2026,CM,BSE,STK,543594,INE0MC401013,DPL,M,,,,,DIPNA PHARMACHEM LIMITED,4.68,4.68,4.65,4.65,4.65,4.89,,4.65,,,87000,404670,23,F1,3000,,,,,
10-09-2026,10-09-2026,CM,BSE,STK,543595,INE0D2I01014,EPBIO,M,,,,,EP BIOCOMPOSITES LIMITED,105.85,105.85,105.85,105.85,105.85,99.95,,105.85,,,500,52925,1,F1,500,,,,,
10-09-2026,10-09-2026,CM,BSE,STK,543596,INE668A01016,TMB,A,,,,,Tamilnad Mercantile Bank Limit,923.05,928.8,919.3,922,923.7,922.55,,923.59,,,2399,2214126,250,F1,1,,,,,
10-09-2026,10-09-2026,CM,BSE,STK,543597,INE0I0T01010,VOEPL,B,,,,,Virtuoso Optoelectronics Limit,549.9,555.55,528.25,531.35,531.3,552.55,,531.79,,,11703,6319270,441,F1,1,,,,,
10-09-2026,10-09-2026,CM,BSE,STK,543599,INE0D6I01023,KSOLVES,B,,,,,Ksolves India Limited,279.95,279.95,257.55,259.05,259.75,268.9,,259.1,,,6572,1725358,642,F1,1,,,,,
10-09-2026,10-09-2026,CM,BSE,STK,543600,INE0JUS01029,HARSHA,B,,,,,Harsha Engineers International,449.4,454.7,444.7,447.35,447.5,452.85,,447.2,,,4950,2213045,161,F1,1,,,,,
10-09-2026,10-09-2026,CM,BSE,STK,543605,INF179KC1DL6,HDFCQUAL,B,,,,,HDFC Mutual Fund,57.42,57.42,57.42,57.42,57.42,57.71,,57.4,,,50,2871,2,F1,1,,,,,
10-09-2026,10-09-2026,CM,BSE,STK,543606,INE0M8901010,CONTAINE,M,,,,,CONTAINE TECHNOLOGIES LIMITED,16.95,17.5,16.61,17.12,17.12,16.67,,17.12,,,28000,484640,23,F1,1000,,,,,
10-09-2026,10-09-2026,CM,BSE,STK,543607,INF179KC1DJ0,HDFCGROWTH,B,,,,,HDFC Mutual Fund,115.17,116.05,115.17,115.6,115.6,115.79,,115.49,,,30,3465,6,F1,1,,,,,
10-09-2026,10-09-2026,CM,BSE,STK,543608,INF179KC1DK8,HDFCVALUE,B,,,,,HDFC Mutual Fund,122.81,123.63,122.32,122.66,123.1,123.57,,122.39,,,80,9808,17,F1,1,,,,,
10-09-2026,10-09-2026,CM,BSE,STK,543613,INE0KQQ01011,MAFIA,M,,,,,MAFIA TRENDS LIMITED,6.9,6.9,6,6.3,6.3,6.28,,6.3,,,128000,790960,17,F1,4000,,,,,
10-09-2026,10-09-2026,CM,BSE,STK,543614,INE0LQS01015,TIPSFILMS,B,,,,,Tips Films Limited,330.75,330.75,330.75,330.75,330.75,326.25,,327.4,,,1,330,1,F1,1,,,,,
10-09-2026,10-09-2026,CM,BSE,STK,543615,INE0MNV01014,SRSOLTD,M,,,,,SILICON RENTAL SOLUTIONS LIMIT,72.25,75,72.25,73,73,71.81,,73,,,5600,411600,7,F1,800,,,,,
10-09-2026,10-09-2026,CM,BSE,STK,543616,INE0MKA01014,TLL,M,,,,,Trident Lifeline Limited,294,299.9,291.05,297.35,297.35,294,,297.35,,,27600,8219220,39,F1,600,,,,,
10-09-2026,10-09-2026,CM,BSE,STK,543618,INE0M4L01013,CARGOTRANS,M,,,,,Cargotrans Maritime Limited,70,70,68,68.34,68.34,68.59,,68.34,,,3750,257835,5,F1,750,,,,,
10-09-2026,10-09-2026,CM,BSE,STK,543619,INE0N0J01014,CNCRD,M,,,,,Concord Control Systems Limite,2568.95,2625,2420,2453.55,2420,2494.5,,2453.55,,,15400,39443227,249,F1,50,,,,,
10-09-2026,10-09-2026,CM,BSE,STK,543620,INE0LGX01024,INA,B,,,,,INSOLATION ENERGY LIMITED,91,94.94,90.61,92.95,93.13,90.74,,92.99,,,109099,10146129,1026,F1,1,,,,,
10-09-2026,10-09-2026,CM,BSE,STK,543623,INE0NC801013,VEDANTASSET,MT,,,,,VEDANT ASSET LIMITED,67,67,66.73,66.73,66.73,67.4,,66.73,,,3000,200595,2,F1,1500,,,,,
10-09-2026,10-09-2026,CM,BSE,STK,543626,INE02YR01019,EMIL,B,,,,,Electronics Mart India Limited,182,196,180.6,192.05,192.05,182.55,,191.83,,,240964,45798452,4199,F1,1,,,,,
10-09-2026,10-09-2026,CM,BSE,STK,543627,INF179KC1HU8,HDFCLOWVOL,B,,,,,HDFC Mutual Fund,20.05,20.05,20.05,20.05,20.05,20.05,,19.98,,,1,20,1,F1,1,,,,,
10-09-2026,10-09-2026,CM,BSE,STK,543628,INF179KC1HV6,HDFCMOMENT,B,,,,,HDFC Mutual Fund,31.4,31.43,31.11,31.15,31.11,31.21,,31.12,,,3553,110724,25,F1,1,,,,,
10-09-2026,10-09-2026,CM,BSE,STK,543635,INE0DK501011,PPLPHARMA,A,,,,,PIRAMAL PHARMA LIMITED,217.75,218.7,211.85,212.5,212.5,218.1,,212.49,,,201262,43252282,3837,F1,1,,,,,
10-09-2026,10-09-2026,CM,BSE,STK,543636,INE0A1101019,DCI,B,,,,,Dc Infotech and Communication,272.95,282.4,272.35,274.5,274.5,271.1,,274.6,,,9136,2527285,332,F1,1,,,,,
10-09-2026,10-09-2026,CM,BSE,STK,543637,INE0N1L01018,PACE,M,,,,,PACE E-COMMERCE VENTURES LIMIT,16.05,16.66,16,16,16,16.28,,16,,,10800,173904,9,F1,1200,,,,,
10-09-2026,10-09-2026,CM,BSE,STK,543638,INE0HMF01019,TRACXN,B,,,,,Tracxn Technologies Limited,29.05,29.29,28.21,28.77,28.47,29.4,,28.61,,,7949,229879,269,F1,1,,,,,
10-09-2026,10-09-2026,CM,BSE,STK,543643,INE117Z01029,NARMADA,B,,,,,Narmada Agrobase Limited,14.31,14.69,14,14.17,14.17,14.51,,14.06,,,24786,353861,140,F1,1,,,,,
10-09-2026,10-09-2026,CM,BSE,STK,543644,INE344S01016,INFOBEAN,B,,,,,InfoBeans Technologies Limited,154.25,157.2,154.25,155.05,155.75,155.55,,155.19,,,7508,1168888,189,F1,1,,,,,
10-09-2026,10-09-2026,CM,BSE,STK,543650,INE0KL801015,DCXINDIA,B,,,,,DCX Systems Limited,171.35,173.05,166.6,167.85,167.85,171.2,,167.57,,,21180,3598693,610,F1,1,,,,,
10-09-2026,10-09-2026,CM,BSE,STK,543652,INE139R01012,FUSION,B,,,,,FUSION FINANCE LIMITED,195.8,196.5,190.1,190.6,190.95,194.6,,190.68,,,26597,5121876,641,F1,1,,,,,
10-09-2026,10-09-2026,CM,BSE,STK,543653,INE00E101023,BIKAJI,A,,,,,Bikaji Foods International Lim,571.05,573.45,565.4,567.2,567.2,571.9,,566.17,,,10263,5834519,636,F1,1,,,,,
10-09-2026,10-09-2026,CM,BSE,STK,543654,INE474Q01031,MEDANTA,A,,,,,Global Health Limited,1489.4,1489.4,1427.05,1459.55,1455.7,1479.75,,1459.6,,,8070,11782246,538,F1,1,,,,,
10-09-2026,10-09-2026,CM,BSE,STK,543657,INE128X01021,ACI,A,,,,,Archean Chemical Industries Li,483.05,485,478.5,480.65,478.85,481.45,,480.56,,,17149,8262555,648,F1,1,,,,,
10-09-2026,10-09-2026,CM,BSE,STK,543663,INE128S01021,FIVESTAR,A,,,,,Five-Star Business Finance Ltd,532.1,533.4,528,530.35,529.4,532.9,,530.61,,,12140,6438776,328,F1,1,,,,,
10-09-2026,10-09-2026,CM,BSE,STK,543664,INE918Z01012,KAYNES,A,,,,,KAYNES TECHNOLOGY INDIA LIMITE,3603.5,3634.65,3450.6,3519.9,3519.9,3606.2,,3499.14,,,41461,146912235,4525,F1,1,,,,,
10-09-2026,10-09-2026,CM,BSE,STK,543665,INF179KC1IA8,HDFCNIFIT,B,,,,,HDFC Mutual Fund,31.02,31.28,30.76,30.89,30.97,31.08,,30.85,,,3477,107472,28,F1,1,,,,,
10-09-2026,10-09-2026,CM,BSE,STK,543666,INF179KC1HZ7,HDFCPVTBAN,B,,,,,HDFC Mutual Fund,28.61,28.61,27.6,27.85,27.84,27.92,,27.74,,,2050,57037,46,F1,1,,,,,
10-09-2026,10-09-2026,CM,BSE,STK,543667,INE510W01014,INOXGREEN,A,,,,,INOX GREEN ENERGY SERVICES LIM,176.4,179.15,172.45,178.35,178.35,175.75,,178.12,,,41956,7405849,533,F1,1,,,,,
10-09-2026,10-09-2026,CM,BSE,STK,543669,INE263M01029,RUSTOMJEE,B,,,,,Keystone Realtors Limited,351.85,353.6,349.1,350.5,349.1,353.7,,350.5,,,1906,668431,64,F1,1,,,,,
10-09-2026,10-09-2026,CM,BSE,STK,543670,INE01KI01027,VINNY,B,,,,,VINNY OVERSEAS LIMITED,1,1.02,1,1.01,1.01,1.01,,1.01,,,47604,48331,30,F1,1,,,,,
10-09-2026,10-09-2026,CM,BSE,STK,543671,INE0D0U01013,AAATECH,B,,,,,AAA TECHNOLOGIES LIMITED,92.02,94.94,91.52,92.73,92.75,91.26,,92.77,,,1000,91915,43,F1,1,,,,,
10-09-2026,10-09-2026,CM,BSE,STK,543677,INF109KC17L8,FINIETF,B,,,,,ICICI Prudential Mutual Fund,32.21,32.72,32.11,32.34,32.72,32.38,,32.36,,,11934,384893,109,F1,1,,,,,
10-09-2026,10-09-2026,CM,BSE,STK,543678,INE0N6V01016,AMBOAGRI,M,,,,,AMBO AGRITEC LIMITED,10.26,10.26,10.01,10.03,10.04,9.78,,10.03,,,9000,91870,8,F1,1000,,,,,
10-09-2026,10-09-2026,CM,BSE,STK,543686,INE792Z01011,SIRCA,B,,,,,Sirca Paints India Limited,432.35,441.25,427,431.4,431,430.2,,431.54,,,7659,3318931,251,F1,1,,,,,
10-09-2026,10-09-2026,CM,BSE,STK,543687,INE00OQ01016,DHARMAJ,B,,,,,Dharmaj Crop Guard Limited,267.75,271.5,267.75,268.95,268.3,271,,269.81,,,1160,312211,43,F1,1,,,,,
10-09-2026,10-09-2026,CM,BSE,STK,543688,INE324X01026,SARVESHWAR,B,,,,,Sarveshwar Foods Limited,4.01,4.11,3.79,4,4,3.78,,3.99,,,1615585,6456812,3578,F1,1,,,,,
10-09-2026,10-09-2026,CM,BSE,STK,543689,INE244O01017,UNIPARTS,B,,,,,Uniparts India Limited,888.5,910,888.5,893.45,894.75,894,,893.84,,,4210,3792465,412,F1,1,,,,,
10-09-2026,10-09-2026,CM,BSE,STK,543699,INF754K01QX0,EBBETF0433,F,,,,,Edelweiss Mutual Fund,1313,1313,1313,1313,1313,1306.44,,1309.17,,,1,1313,1,F1,1,,,,,
10-09-2026,10-09-2026,CM,BSE,STK,543709,INE0NT601018,GARGI,M,,,,,PNGS GARGI FASHION JEWELLERY L,588,588,560,567.3,568,584.85,,567.3,,,9000,5111868,62,F1,125,,,,,
10-09-2026,10-09-2026,CM,BSE,STK,543710,INF109KC19O8,COMMOIETF,B,,,,,ICICI Prudential Mutual Fund,99.18,99.51,98.79,99.26,99.39,99.6,,98.57,,,1234,122361,39,F1,1,,,,,
10-09-2026,10-09-2026,CM,BSE,STK,543711,INE142Q01026,SULA,B,,,,,Sula Vineyards Limited,138.85,141.35,138.15,138.4,138.2,139.85,,138.29,,,31862,4436326,998,F1,1,,,,,
10-09-2026,10-09-2026,CM,BSE,STK,543712,INE00ZE01026,AFSL,B,,,,,ABANS FINANCIAL SERVICES LIMIT,202.2,202.2,201,201.3,201.3,201.2,,201.28,,,1686,339023,16,F1,1,,,,,
10-09-2026,10-09-2026,CM,BSE,STK,543713,INE0MQD01015,DRONACHRYA,M,,,,,Droneacharya Aerial Innovation,32.5,32.95,32.1,32.11,32.11,32.34,,32.11,,,31000,1005800,25,F1,1000,,,,,
10-09-2026,10-09-2026,CM,BSE,STK,543714,INE559R01029,LANDMARK,B,,,,,LANDMARK CARS LIMITED,492,492.7,481,483.8,484.35,491.25,,484.09,,,1266,616757,146,F1,1,,,,,
10-09-2026,10-09-2026,CM,BSE,STK,543720,INE138Y01010,KFINTECH,A,,,,,KFin Technologies Limited,908,911.65,897,897,897,909.85,,898.52,,,49057,44352652,2773,F1,1,,,,,
10-09-2026,10-09-2026,CM,BSE,STK,543725,INE050401020,ELIN,B,,,,,Elin Electronics Limited,95.25,96.4,92.55,92.7,92.7,96.25,,92.62,,,20103,1880854,322,F1,1,,,,,
10-09-2026,10-09-2026,CM,BSE,STK,543732,INE855R01021,RADIANTCMS,B,,,,,Radiant Cash Management Servic,38.16,38.16,36.45,37.49,37.65,40.21,,37.53,,,52080,1934950,389,F1,1,,,,,
10-09-2026,10-09-2026,CM,BSE,STK,543738,INF740KA1RX3,BANKADD,B,,,,,DSP Nifty Bank ETF,57.91,58,57.69,58,58,57.9,,57.68,,,37,2144,6,F1,1,,,,,
10-09-2026,10-09-2026,CM,BSE,STK,543743,INE035801013,AERONEU,B,,,,,Aeroflex Neu Limited,72.89,74.04,70,71.63,70,70.95,,70.03,,,1291,93872,80,F1,1,,,,,
10-09-2026,10-09-2026,CM,BSE,STK,543745,INE0MID01012,SVS,M,,,,,SVS VENTURES LIMITED,5.5,5.5,4.61,4.93,4.93,5.66,,4.93,,,162000,779820,20,F1,6000,,,,,
10-09-2026,10-09-2026,CM,BSE,STK,543746,INE0BSU01018,LOGICA,M,,,,,LOGICA INFOWAY LIMITED,150,150,150,150,150,152.75,,150,,,600,90000,1,F1,600,,,,,
10-09-2026,10-09-2026,CM,BSE,STK,543747,INE0BTI01037,KAMOPAINTS,B,,,,,Kamdhenu Ventures Limited,4.55,4.6,4.2,4.36,4.3,4.47,,4.29,,,28519,122874,251,F1,1,,,,,
10-09-2026,10-09-2026,CM,BSE,STK,543748,INE0LRU01027,AARTIPHARM,A,,,,,Aarti Pharmalabs Limited,836,838,814.85,825,829,829.75,,825.72,,,15109,12441375,746,F1,1,,,,,
10-09-2026,10-09-2026,CM,BSE,STK,543754,INE0MPU01011,TRANSVOY,MT,,,,,TRANSVOY LOGISTICS INDIA LIMIT,90,90,90,90,90,92.15,,90,,,7200,648000,2,F1,800,,,,,
10-09-2026,10-09-2026,CM,BSE,STK,543766,INE094B01013,ASHIKAG,T,,,,,Ashika Global Securities Limit,406,419.9,404.9,406.75,416,415.05,,409.66,,,3154,1290535,114,F1,1,,,,,
10-09-2026,10-09-2026,CM,BSE,STK,543767,INE0EEJ01023,BTML,B,,,,,BODHI TREE MULTIMEDIA LIMITED,7.95,8.16,7.7,7.88,7.85,7.96,,7.79,,,8607,67269,19,F1,1,,,,,
10-09-2026,10-09-2026,CM,BSE,STK,543768,INE0NNS01018,NSLNISP,A,,,,,NMDC Steel Limited,45.06,45.5,43.72,43.88,43.75,45.05,,43.86,,,423608,18775715,2336,F1,1,,,,,
10-09-2026,10-09-2026,CM,BSE,STK,543769,INE0KN201016,INDONG,MT,,,,,INDONG TEA COMPANY LIMITED,6.7,6.75,6.65,6.75,6.75,7,,6.75,,,100000,671200,12,F1,4000,,,,,
10-09-2026,10-09-2026,CM,BSE,STK,543774,INF179KC1EZ4,HDFCBSE500,B,,,,,HDFC Mutual Fund,37,37.06,36.8,36.8,36.8,37,,36.8,,,15317,565102,32,F1,1,,,,,
10-09-2026,10-09-2026,CM,BSE,STK,543775,INF179KC1FB2,HDFCSML250,B,,,,,HDFC Mutual Fund,185.79,186.53,185.34,186.03,186.13,185.79,,186.24,,,63598,11815361,1166,F1,1,,,,,
10-09-2026,10-09-2026,CM,BSE,STK,543776,INF179KC1HT0,HDFCMID150,B,,,,,HDFC Mutual Fund,23.31,23.35,23.19,23.27,23.34,23.28,,23.25,,,24924,580854,309,F1,1,,,,,
10-09-2026,10-09-2026,CM,BSE,STK,543781,INF769K01JP9,GOLDETF,E,,,,,Mirae Asset Mutual Fund,148.61,149.11,148.2,148.35,148.29,147.99,,148.46,,,17907,2662189,945,F1,1,,,,,
10-09-2026,10-09-2026,CM,BSE,STK,543782,INE0O4601016,SEALMATIC,M,,,,,Sealmatic India Limited,380.05,381,380,380,380,380,,380,,,4860,1847169,18,F1,180,,,,,
10-09-2026,10-09-2026,CM,BSE,STK,543787,INE0OLH01013,ROBU,M,,,,,Macfos Limited,1123,1123,1090,1095.6,1095,1093,,1095.6,,,7260,7964500,30,F1,165,,,,,
10-09-2026,10-09-2026,CM,BSE,STK,543805,INE0NYN01016,RESGEN,M,,,,,RESGEN LIMITED,48.05,48.05,43.21,45.8,45,47.95,,45.8,,,15000,688627,16,F1,750,,,,,
10-09-2026,10-09-2026,CM,BSE,STK,543806,INE0O6A01019,ITCONS,M,,,,,ITCONS E-Solutions Limited,294.2,294.2,280,286.25,285.9,292.25,,286.25,,,16600,4741810,45,F1,200,,,,,
10-09-2026,10-09-2026,CM,BSE,STK,543811,INE645W01026,AIRAN,B,,,,,AIRAN LIMITED,18,18,16.86,16.98,16.91,17.6,,17.03,,,16827,292663,138,F1,1,,,,,
10-09-2026,10-09-2026,CM,BSE,STK,543812,INE753U01022,DIVGIITTS,B,,,,,DIVGI TORQTRANSFER SYSTEMS LIM,1153.45,1195.05,1130,1168.9,1167.9,1149.8,,1171.14,,,13405,15555535,862,F1,1,,,,,
10-09-2026,10-09-2026,CM,BSE,STK,543813,INF209KB18T9,ABSLLIQUID,F,,,,,Aditya Birla Sun Life Mutual F,999.99,999.99,999.99,999.99,999.99,999.99,,1000,,,60,59999,2,F1,1,,,,,
10-09-2026,10-09-2026,CM,BSE,STK,543819,INF109KC10S8,PSUBNKIETF,B,,,,,ICICI Prudential Mutual Fund,82.87,85.95,82.87,84.72,84.7,85,,84.67,,,3633,310225,66,F1,1,,,,,
10-09-2026,10-09-2026,CM,BSE,STK,543828,INE00TV01023,SUDARSHAN,M,,,,,SUDARSHAN PHARMA INDUSTRIES LI,40,40,39.45,39.49,39.47,40.11,,39.49,,,24000,949520,6,F1,4000,,,,,
10-09-2026,10-09-2026,CM,BSE,STK,543829,INE0JSX01015,GSLSU,B,,,,,Global Surfaces Limited,27.5,28.34,26.75,27.22,27.3,27.97,,27.22,,,1423,38360,41,F1,1,,,,,
10-09-2026,10-09-2026,CM,BSE,STK,543830,INE0NLJ01011,LABELKRAFT,M,,,,,LABELKRAFT TECHNOLOGIES LIMITE,62,62,62,62,62,62,,62,,,2000,124000,1,F1,2000,,,,,
10-09-2026,10-09-2026,CM,BSE,STK,543831,INE0OMI01019,BRIGHT,M,,,,,Bright Outdoor Media Limited,357,388.5,355,355.9,355.9,352.05,,355.9,,,3000,1080731,8,F1,375,,,,,
10-09-2026,10-09-2026,CM,BSE,STK,543848,INE0NIJ01025,DEVLAB,M,,,,,Dev Labtech Venture Limited,18.01,20.5,18.01,19.13,19.13,18.8,,19.13,,,116000,2231440,14,F1,4000,,,,,
10-09-2026,10-09-2026,CM,BSE,STK,543853,INF846K010Q0,SENSEXAXIS,B,,,,,AXIS BSE SENSEX ETF,78.5,78.5,77.22,77.46,77.45,78.05,,77.24,,,170,13235,16,F1,1,,,,,
10-09-2026,10-09-2026,CM,BSE,STK,543860,INE825B01010,JAFINANCE,X,,,,,J.A. Finance Limited,129.65,132,129.65,132,132,136,,132,,,815,105700,6,F1,1,,,,,
10-09-2026,10-09-2026,CM,BSE,STK,543861,INE0N0Y01013,USK,B,,,,,Udayshivakumar infra limited,21,21,20.6,20.74,20.74,21,,20.56,,,1207,25077,16,F1,1,,,,,
10-09-2026,10-09-2026,CM,BSE,STK,543874,INE0O1T01010,MAIDEN,M,,,,,Maiden Forgings Limited,106.5,125,106.5,107.5,107,106.35,,107.5,,,26000,2836200,21,F1,1000,,,,,
10-09-2026,10-09-2026,CM,BSE,STK,543875,INF769K01KF8,GSEC10YEAR,F,,,,,Mirae Asset Mutual Fund,30.45,30.45,30.45,30.45,30.45,30.53,,30.61,,,50,1522,1,F1,1,,,,,
10-09-2026,10-09-2026,CM,BSE,STK,543895,INE0O8901016,EXHICON,M,,,,,Exhicon Events Media Solutions,477.95,489,477,481.2,485,480.15,,481.2,,,25000,12028275,65,F1,250,,,,,
10-09-2026,10-09-2026,CM,BSE,STK,543896,INE0LCL01028,AVALON,A,,,,,Avalon Technologies Limited,2301.65,2313.6,2220,2228.3,2239.05,2292.85,,2227.02,,,9296,21053061,885,F1,1,,,,,
10-09-2026,10-09-2026,CM,BSE,STK,543897,INE0P7001013,SANCODE,MT,,,,,Sancode Technologies Limited,664.2,664.2,664.2,664.2,664.2,651.2,,664.2,,,3000,1992600,3,F1,500,,,,,
10-09-2026,10-09-2026,CM,BSE,STK,543898,INE0N7W01012,BLAL,B,,,,,BEML Land Assets Limited,161.9,163.1,160.75,160.75,160.75,160.1,,161.23,,,191,30831,12,F1,1,,,,,
10-09-2026,10-09-2026,CM,BSE,STK,543899,INE0NR623014,CUBEINVIT,IF,,,,,Cube Highways Trust,157.6,160.52,156.51,156.88,156.99,156.91,,156.93,,,8365,1313318,173,F1,1,,,,,
10-09-2026,10-09-2026,CM,BSE,STK,543900,INF789F1AYK6,SILVERBETA,E,,,,,UTI Mutual Fund,226.12,228.45,225.38,225.64,226.16,224.63,,225.65,,,8646,1961830,362,F1,1,,,,,
10-09-2026,10-09-2026,CM,BSE,STK,543902,INE0NTC01019,RETINA,M,,,,,Retina Paints Limited,35.11,36.47,35.11,36,36,37.32,,36,,,50000,1791420,21,F1,2000,,,,,
10-09-2026,10-09-2026,CM,BSE,STK,543903,INF740KA1ZP2,GOLDADD,E,,,,,DSP GOLD ETF,14.92,14.92,14.82,14.88,14.88,14.8,,14.83,,,2575,38274,38,F1,1,,,,,
10-09-2026,10-09-2026,CM,BSE,STK,543904,INE634S01028,MANKIND,A,,,,,Mankind Pharma Limited,2256.2,2276.05,2238.95,2246,2246,2266,,2238.44,,,7011,15839373,1083,F1,1,,,,,
10-09-2026,10-09-2026,CM,BSE,STK,543905,INE0LDI01022,INNOKAIZ,MT,,,,,INNOKAIZ INDIA LIMITED,12.87,13.14,11.94,13.14,13.14,12.56,,13.14,,,4000,50088,5,F1,800,,,,,
10-09-2026,10-09-2026,CM,BSE,STK,543910,INE680Z01018,AVG,T,,,,,AVG Logistics Limited,171.95,182.35,171.95,182.35,182.35,173.7,,182.42,,,2582,467381,37,F1,1,,,,,
10-09-2026,10-09-2026,CM,BSE,STK,543911,INE0ALR01029,ATALREAL,B,,,,,Atal Realtech Limited,15.28,15.28,15.28,15.28,15.28,16.97,,15.27,,,288043,4401297,86,F1,1,,,,,
10-09-2026,10-09-2026,CM,BSE,STK,543912,INE557Z01018,PIGL,B,,,,,Power & Instrumentation (Gujar,109.9,109.9,103.4,104.15,105,105.2,,104.12,,,10372,1091645,149,F1,1,,,,,
10-09-2026,10-09-2026,CM,BSE,STK,543913,INE0NDH25011,NXST,IF,,,,,Nexus Select Trust,167.8,169.14,167.13,167.95,168,167.32,,167.97,,,6271,1054965,387,F1,1,,,,,
10-09-2026,10-09-2026,CM,BSE,STK,543914,INE210F01016,SWATIPRO,XT,,,,,Swati Projects Limited,41.09,41.09,39.16,39.16,39.16,41.22,,39.16,,,31311,1229135,253,F1,1,,,,,
10-09-2026,10-09-2026,CM,BSE,STK,543915,INE07S101038,PAVNAIND,B,,,,,Pavna Industries Limited,15.01,15.93,14.83,15.09,15.1,15.53,,15.08,,,8000,121220,118,F1,1,,,,,
10-09-2026,10-09-2026,CM,BSE,STK,543916,INE0GYI01028,HSIL,M,,,,,Hemant Surgical Industries Lim,465,478.7,452.05,461.45,464.9,467.6,,461.45,,,24400,11259320,52,F1,400,,,,,
10-09-2026,10-09-2026,CM,BSE,STK,543917,INE0A0S01028,SIGMA,B,,,,,SIGMA SOLVE LIMITED,45.06,47.14,44,45.07,44.5,45.96,,44.98,,,17435,776989,193,F1,1,,,,,
10-09-2026,10-09-2026,CM,BSE,STK,543918,INE0PA801013,GHCLTEXTIL,B,,,,,GHCL Textiles Limited,134.7,134.7,130.4,132.65,132,133.75,,132.54,,,17294,2286708,254,F1,1,,,,,
10-09-2026,10-09-2026,CM,BSE,STK,543919,INE964W01021,MKPL,B,,,,,M.K.Proteins Limited,4.09,4.09,3.99,4.01,4.01,4.02,,4.01,,,13129,52946,120,F1,1,,,,,
10-09-2026,10-09-2026,CM,BSE,STK,543920,INE0NJ001013,CFF,M,,,,,CFF FLUID CONTROL LIMITED,982,992.95,976.5,981.95,983.8,978.2,,981.95,,,15600,15319930,69,F1,200,,,,,
10-09-2026,10-09-2026,CM,BSE,STK,543922,INF769K01KG6,SILVERAG,E,,,,,Mirae Asset Mutual Fund,229.04,230.51,227.27,227.62,227.8,226.2,,227.93,,,6182,1418163,113,F1,1,,,,,
10-09-2026,10-09-2026,CM,BSE,STK,543923,INE0LOJ01019,IKIO,B,,,,,IKIO Technologies Limited,220.65,235,220.65,231.3,231.3,219.65,,231.71,,,112150,25725142,1969,F1,1,,,,,
10-09-2026,10-09-2026,CM,BSE,STK,543924,INE0N5O01013,SONALIS,M,,,,,Sonalis Consumer Products Limi,39.6,39.6,37.21,37.22,37.21,40.9,,37.22,,,22000,851660,11,F1,2000,,,,,
10-09-2026,10-09-2026,CM,BSE,STK,543926,INE0OJ401014,BIZOTIC,M,,,,,Bizotic Commercial Limited,97,100.64,91.06,100.64,100.64,95.85,,100.64,,,98400,9336528,74,F1,1200,,,,,
10-09-2026,10-09-2026,CM,BSE,STK,543927,INE04Z101016,ASIAN,X,,,,,Asian Warehousing Limited,34.58,34.9,33.34,34.18,34.6,34.58,,34.18,,,136,4660,16,F1,1,,,,,
10-09-2026,10-09-2026,CM,BSE,STK,543928,INE0ORA01015,COSMICCRF,M,,,,,Cosmic CRF Limited,1295.95,1334.4,1285,1334.4,1334.4,1270.9,,1334.4,,,16000,21248915,102,F1,100,,,,,
10-09-2026,10-09-2026,CM,BSE,STK,543929,INE0ECP01024,HMAAGRO,B,,,,,HMA Agro Industries Limited,20.16,20.4,19,20,20,20.06,,19.98,,,1650763,33006574,3126,F1,1,,,,,
10-09-2026,10-09-2026,CM,BSE,STK,543930,INE568Z01015,URAVIDEF,T,,,,,Uravi Defence and Technology L,117,117,115.8,115.8,115.8,115.8,,115.8,,,129,15091,4,F1,1,,,,,
10-09-2026,10-09-2026,CM,BSE,STK,543931,INE0Q0M01015,VEEFIN,M,,,,,VEEFIN SOLUTIONS LIMITED,237,237,227,229,228.95,234.85,,229,,,12200,2817410,40,F1,200,,,,,
10-09-2026,10-09-2026,CM,BSE,STK,543932,INE349Y01013,IDEAFORGE,B,,,,,IDEAFORGE TECHNOLOGY LIMITED,749.95,757,739.85,744.9,741,746.5,,743.49,,,15153,11342630,770,F1,1,,,,,
10-09-2026,10-09-2026,CM,BSE,STK,543933,INE055S01018,CYIENTDLM,B,,,,,Cyient DLM Limited,950,967.05,914,921.25,921.25,944.05,,923.21,,,32138,30353942,1286,F1,1,,,,,
10-09-2026,10-09-2026,CM,BSE,STK,543934,INE01BT01015,MACIND,X,,,,,Machhar Industries Limited,437,444.4,437,437.5,437.5,437,,437.5,,,33,14604,7,F1,1,,,,,
10-09-2026,10-09-2026,CM,BSE,STK,543935,INF740KA1SX1,ITADD,B,,,,,DSP NIFTY IT ETF,30.7,30.7,30.68,30.68,30.68,30.7,,30.61,,,1306,40068,3,F1,1,,,,,
10-09-2026,10-09-2026,CM,BSE,STK,543936,INE602W01027,SENCO,A,,,,,Senco Gold Limited,354.8,358.15,348.15,350.05,351,355.6,,349.9,,,23909,8448160,766,F1,1,,,,,
10-09-2026,10-09-2026,CM,BSE,STK,543938,INE0POP01017,ACCELERATE,M,,,,,ACCELERATEBS INDIA LIMITED,121.21,121.21,121.21,121.21,121.21,115.44,,121.21,,,640,77574,1,F1,640,,,,,
10-09-2026,10-09-2026,CM,BSE,STK,543939,INE0P3N01018,KAKA,M,,,,,Kaka Industries Limited,219,220,218,218,218,219,,218,,,3000,656000,6,F1,500,,,,,
10-09-2026,10-09-2026,CM,BSE,STK,543940,INE758E01017,JIOFIN,A,,,,,Jio Financial Services Limited,231,232.25,229.25,231.15,231.15,231,,230.31,,,910613,210383278,11249,F1,1,,,,,
10-09-2026,10-09-2026,CM,BSE,STK,543941,INE0NEV01011,AHASOLAR,M,,,,,AHASOLAR TECHNOLOGIES LIMITED,71.5,72.15,71.5,72.15,72.15,75,,72.15,,,1200,86300,3,F1,400,,,,,
10-09-2026,10-09-2026,CM,BSE,STK,543942,INE735W01017,UTKARSHBNK,B,,,,,UTKARSH SMALL FINANCE BANK LIM,15.84,15.9,14.02,14.81,14.81,15.91,,14.8,,,2268845,33785603,2800,F1,1,,,,,
10-09-2026,10-09-2026,CM,BSE,STK,543943,INE0DN001027,ASARFI,M,,,,,ASARFI HOSPITAL LIMITED,207,207.5,195.1,198.95,199.9,200.65,,198.95,,,57000,11526800,50,F1,1000,,,,,
10-09-2026,10-09-2026,CM,BSE,STK,543944,INF769K01KR3,BANKETF,B,,,,,Mirae Asset Mutual Fund,576.03,576.03,576.03,576.03,576.03,575.22,,575.23,,,1,576,1,F1,1,,,,,
10-09-2026,10-09-2026,CM,BSE,STK,543945,INE0NT901020,NETWEB,A,,,,,NETWEB TECHNOLOGIES INDIA LIMI,4906,5047,4903.55,5015.4,5015.4,4899.55,,5013.58,,,121427,606248019,11273,F1,1,,,,,
10-09-2026,10-09-2026,CM,BSE,STK,543946,INF769K01KS1,LIQUID,F,,,,,Mirae Asset Mutual Fund,1000,1000,1000,1000,1000,1000,,999.99,,,29829,29829000,36,F1,1,,,,,
10-09-2026,10-09-2026,CM,BSE,STK,543947,INF740KA1SZ6,SENSEXADD,B,,,,,DSP BSE Sensex ETF,77.33,77.37,77.32,77.35,77.35,77.56,,77.42,,,543,42010,4,F1,1,,,,,
10-09-2026,10-09-2026,CM,BSE,STK,543948,INF740KA1SY9,PSUBANKADD,B,,,,,DSP NIFTY PSU BANK ETF,85.25,85.77,84.51,84.51,84.51,85.1,,84.62,,,2477,210286,61,F1,1,,,,,
10-09-2026,10-09-2026,CM,BSE,STK,543949,INF740KA1TA7,PVTBANKADD,B,,,,,DSP NIFTY PRIVATE BANK ETF,27.83,27.83,27.73,27.82,27.82,27.74,,27.76,,,103,2860,3,F1,1,,,,,
10-09-2026,10-09-2026,CM,BSE,STK,543950,INE0JO301016,YATHARTH,A,,,,,YATHARTH HOSPITAL & TRAUMA CAR,998.7,1004.55,971,977.95,983.4,989.25,,977.27,,,19348,19161203,529,F1,1,,,,,
10-09-2026,10-09-2026,CM,BSE,STK,543952,INE342G01023,NIITMTS,B,,,,,NIIT Learning Systems Limited,221.3,226.25,220.85,224.3,224.8,221.8,,224.59,,,7426,1665197,244,F1,1,,,,,
10-09-2026,10-09-2026,CM,BSE,STK,543953,INE0OWC01011,KHAZANCHI,M,,,,,Khazanchi Jewellers Limited,766.95,767,760,761.4,760,765.85,,761.4,,,18250,13958575,46,F1,250,,,,,
10-09-2026,10-09-2026,CM,BSE,STK,543954,INE0NN701020,ATL,B,,,,,Allcargo Terminals Limited,24.51,25,24.5,24.5,24.5,24.9,,24.61,,,6782,167361,101,F1,1,,,,,
10-09-2026,10-09-2026,CM,BSE,STK,543955,INE0O3901029,TREL,B,,,,,Transindia Real Estate Limited,27,27.29,26.58,26.76,26.75,27.08,,26.93,,,9604,257523,188,F1,1,,,,,
10-09-2026,10-09-2026,CM,BSE,STK,543956,INF109KC18V5,QUAL30IETF,B,,,,,ICICI Prudential Mutual Fund,20.73,20.73,20.55,20.57,20.55,20.74,,20.56,,,1076,22172,19,F1,1,,,,,
10-09-2026,10-09-2026,CM,BSE,STK,543957,INE0LXT01019,REDTAPE,B,,,,,REDTAPE Limited,117,117.7,114.9,115.05,115.3,116.45,,115.06,,,23637,2741759,234,F1,1,,,,,
10-09-2026,10-09-2026,CM,BSE,STK,543958,INE03HW01020,VLEGOV,B,,,,,VL E-Governance & IT Solutions,10.21,10.82,9.81,9.83,9.9,10.32,,9.87,,,26082,261086,142,F1,1,,,,,
10-09-2026,10-09-2026,CM,BSE,STK,543959,INE423Y01016,SBFC,A,,,,,SBFC Finance Limited,99.33,99.78,97.49,98.32,98,99.59,,98.46,,,75272,7408875,833,F1,1,,,,,
10-09-2026,10-09-2026,CM,BSE,STK,543960,INE338H01029,CONCORDBIO,A,,,,,Concord Biotech Limited,1473.7,1473.7,1431.7,1452.6,1447.7,1464.8,,1452.79,,,6054,8771900,827,F1,1,,,,,
10-09-2026,10-09-2026,CM,BSE,STK,543962,INE864X01013,DPWIRES,T,,,,,D.P. WIRES LIMITED,158,158,155.9,157.45,157.45,152,,153.47,,,11,1726,3,F1,1,,,,,
10-09-2026,10-09-2026,CM,BSE,STK,543963,INE013V01011,SHELTER,M,,,,,SHELTER PHARMA LIMITED,30,31,29.5,30.62,31,31.26,,30.62,,,21000,637440,5,F1,3000,,,,,
10-09-2026,10-09-2026,CM,BSE,STK,543965,INE395N01027,TVSSCS,B,,,,,TVS Supply Chain Solutions Lim,123.55,130.55,122.25,128.95,128.95,124.75,,128.74,,,70701,8893723,836,F1,1,,,,,
10-09-2026,10-09-2026,CM,BSE,STK,543969,INE0MIS01010,PYRAMID,B,,,,,Pyramid Technoplast Limited,154,154.9,153,154.6,154.6,151.05,,154.59,,,332,51216,20,F1,1,,,,,
10-09-2026,10-09-2026,CM,BSE,STK,543971,INE0Q8P01029,BONDADA,M,,,,,Bondada Engineering Limited,293.8,297,286.7,289.35,289.45,288.6,,289.35,,,157000,45757560,510,F1,200,,,,,
10-09-2026,10-09-2026,CM,BSE,STK,543972,INE024001021,AEROFLEX,B,,,,,Aeroflex Industries Limited,561.8,567,547.65,563.55,567,560.85,,564.18,,,68674,38415825,1825,F1,1,,,,,
10-09-2026,10-09-2026,CM,BSE,STK,543973,INF179KC1JG3,HDFCLIQUID,F,,,,,HDFC Mutual Fund,1077.26,1077.26,1077.26,1077.26,1077.26,1076.87,,1077.25,,,6,6463,1,F1,1,,,,,
10-09-2026,10-09-2026,CM,BSE,STK,543974,INE0AE001013,VPRPL,B,,,,,VISHNU PRAKASH R PUNGLIA LIMIT,35.11,38.9,34.66,37.06,37.06,35.12,,37.12,,,236992,8820726,1660,F1,1,,,,,
10-09-2026,10-09-2026,CM,BSE,STK,543975,INF789F1AYX9,MIDCAPBETA,B,,,,,UTI Mutual Fund,231.73,231.73,231.73,231.73,231.73,231.73,,232.27,,,50,11586,1,F1,1,,,,,
10-09-2026,10-09-2026,CM,BSE,STK,543976,INE489B01031,SHRAAITECH,X,,,,,Shradha AI Technologies Limite,23.03,23.48,21.5,23.03,22.27,23.04,,23.03,,,73914,1655154,399,F1,1,,,,,
10-09-2026,10-09-2026,CM,BSE,STK,543977,INE0N2P01017,RISHABH,B,,,,,Rishabh Instruments Limited,810.15,829.95,795.5,811.3,819.85,816.25,,809.61,,,11231,9054508,547,F1,1,,,,,
10-09-2026,10-09-2026,CM,BSE,STK,543978,INE05CZ01011,RATNAVEER,B,,,,,Ratnaveer Precision Engineerin,301.65,359.7,298.4,310.75,310.75,299.8,,310.6,,,80175,24560623,912,F1,1,,,,,
10-09-2026,10-09-2026,CM,BSE,STK,543979,INE04T901017,KAHAN,MT,,,,,Kahan Packaging Limited,12.65,12.65,12.65,12.65,12.65,13.3,,12.65,,,6400,80960,1,F1,6400,,,,,
10-09-2026,10-09-2026,CM,BSE,STK,543980,INE682M01020,JLHL,A,,,,,Jupiter Life Line Hospitals Li,282.7,285.7,280,280.55,280.75,283.9,,280.95,,,3519,991801,166,F1,1,,,,,
10-09-2026,10-09-2026,CM,BSE,STK,543981,INE777K01022,RRKABEL,A,,,,,R R KABEL LIMITED,2420.05,2477.15,2419,2436.7,2432.3,2419.95,,2436.99,,,28641,70016087,2786,F1,1,,,,,
10-09-2026,10-09-2026,CM,BSE,STK,543982,INE0OYE01013,QUESTFLOW,M,,,,,QUEST FLOW CONTROLS LIMITED,167.65,167.65,155,161.45,165,167.65,,161.45,,,22800,3630480,78,F1,200,,,,,
10-09-2026,10-09-2026,CM,BSE,STK,543983,INE0OV601013,EMSLIMITED,B,,,,,EMS LIMITED,384,399,381.85,391.25,394.4,386.2,,391.38,,,15890,6171721,464,F1,1,,,,,
10-09-2026,10-09-2026,CM,BSE,STK,543984,INE08U801020,SAMHI,A,,,,,Samhi Hotels Limited,151.85,172.55,151.5,160.2,160.7,152.55,,160.2,,,1023838,164119823,6452,F1,1,,,,,
10-09-2026,10-09-2026,CM,BSE,STK,543985,INE07K301024,ZAGGLE,A,,,,,ZAGGLE PREPAID OCEAN SERVICES,177,185.75,177,184.2,184.2,177,,183.94,,,119391,21773553,1521,F1,1,,,,,
10-09-2026,10-09-2026,CM,BSE,STK,543986,INE980Y01015,SOUTHWEST,B,,,,,South West Pinnacle Exploratio,226.95,231,215.7,215.95,215.95,226.7,,216.18,,,983710,221304749,1559,F1,1,,,,,
10-09-2026,10-09-2026,CM,BSE,STK,543988,INE531F01023,NUVAMA,A,,,,,Nuvama Wealth Management Limit,1780.05,1789.1,1741.75,1753.5,1753.5,1784.2,,1757.61,,,16697,29341583,1202,F1,1,,,,,
10-09-2026,10-09-2026,CM,BSE,STK,543989,INE438K01021,KALAMANDIR,B,,,,,Sai Silks (Kalamandir) Limited,85,85.49,83.5,83.74,83.5,84.78,,83.64,,,18104,1528386,261,F1,1,,,,,
10-09-2026,10-09-2026,CM,BSE,STK,543990,INE903U01023,SIGNATURE,A,,,,,SIGNATUREGLOBAL (INDIA) LIMITE,786.85,787.8,771.2,772.75,773,785.75,,772.38,,,17538,13684048,512,F1,1,,,,,
10-09-2026,10-09-2026,CM,BSE,STK,543991,INE0P4P01011,TECHKGREEN,M,,,,,TECHKNOWGREEN SOLUTIONS LIMITE,136.45,142,135,142,142,130.55,,142,,,16800,2323100,37,F1,400,,,,,
10-09-2026,10-09-2026,CM,BSE,STK,543992,INE0JR601024,YATRA,B,,,,,YATRA ONLINE LIMITED,115.5,116.3,113.6,114.05,113.65,114.75,,113.98,,,111022,12738747,3330,F1,1,,,,,
10-09-2026,10-09-2026,CM,BSE,STK,543993,INE372M01010,ARCL,B,,,,,ARCL Organics Ltd,235,239.75,228,239.75,239.75,228.35,,239.75,,,575,137000,26,F1,1,,,,,
10-09-2026,10-09-2026,CM,BSE,STK,543994,INE880J01026,JSWINFRA,A,,,,,JSW Infrastructure Limited,340.45,345,339.45,342.55,342.55,341.45,,342.45,,,163358,56011107,4811,F1,1,,,,,
10-09-2026,10-09-2026,CM,BSE,STK,543995,INE0KNT01012,MVGJL,B,,,,,MANOJ VAIBHAV GEMS 'N' JEWELLE,215,221.85,208.1,208.8,208.25,214.05,,208.78,,,19052,4069125,396,F1,1,,,,,
10-09-2026,10-09-2026,CM,BSE,STK,543996,INE851I01011,UDS,B,,,,,Updater Services Limited,206.05,215,203.1,213.75,214.4,207.05,,214.06,,,28025,5885550,415,F1,1,,,,,
10-09-2026,10-09-2026,CM,BSE,STK,543997,INE0MIO01019,ORGANICREC,M,,,,,ORGANIC RECYCLING SYSTEMS LIMI,179.75,186,177,179.15,177,178.8,,179.15,,,79200,14355090,78,F1,900,,,,,
10-09-2026,10-09-2026,CM,BSE,STK,543998,INE0JWS01017,VALIANTLAB,T,,,,,Valiant Laboratories Limited,125.4,125.65,120,124.83,124.83,119.67,,124.8,,,26862,3346820,191,F1,1,,,,,
10-09-2026,10-09-2026,CM,BSE,STK,543999,INF769K01KT9,SENSEXETF,B,,,,,Mirae Asset Mutual Fund,77.22,77.42,77.13,77.2,77.2,77.39,,77.19,,,547,42259,21,F1,1,,,,,
10-09-2026,10-09-2026,CM,BSE,STK,544000,INE0M7501019,CCAL,MT,,,,,CITY CROPS AGRO LIMITED,41.55,41.55,41.55,41.55,41.55,40.74,,41.55,,,6000,249300,1,F1,6000,,,,,
10-09-2026,10-09-2026,CM,BSE,STK,544001,INE0Q1S01010,SUNITATOOL,MT,,,,,Sunita Tools Limited,983,1000,954.2,977.9,985.05,983,,977.9,,,7625,7421843,50,F1,125,,,,,
10-09-2026,10-09-2026,CM,BSE,STK,544002,INE0PA601017,VIVAA,MT,,,,,Vivaa Tradecom Limited,134,134,134,134,134,132,,134,,,2000,268000,1,F1,2000,,,,,
10-09-2026,10-09-2026,CM,BSE,STK,544003,INE0INJ01017,PLAZACABLE,B,,,,,Plaza Wires Limited,61.39,61.89,58.09,60.19,60.45,60.02,,60.5,,,27853,1652756,553,F1,1,,,,,
10-09-2026,10-09-2026,CM,BSE,STK,544004,INE07U701015,IRMENERGY,B,,,,,IRM ENERGY LIMITED,276.3,286.25,276.3,280.7,281,282.9,,281.23,,,8782,2490884,398,F1,1,,,,,
10-09-2026,10-09-2026,CM,BSE,STK,544006,INF769K01KV5,ITETF,B,,,,,Mirae Asset Mutual Fund,30.59,31.08,30.5,30.57,30.63,30.65,,30.56,,,11743,359364,257,F1,1,,,,,
10-09-2026,10-09-2026,CM,BSE,STK,544007,INF769K01KU7,ALPHAETF,B,,,,,Mirae Asset Mutual Fund,26.79,26.83,26.57,26.65,26.63,26.86,,26.57,,,11592,309549,262,F1,1,,,,,
10-09-2026,10-09-2026,CM,BSE,STK,544008,INE03EI01018,MAXESTATES,B,,,,,Max Estates Limited,550,563,536.8,557.2,559,547.2,,559.72,,,3286,1818152,251,F1,1,,,,,
10-09-2026,10-09-2026,CM,BSE,STK,544009,INE0KBH01020,BLUEJET,A,,,,,Blue Jet Healthcare Limited,577,577.65,567.95,574.6,575,575.65,,575.29,,,7239,4153299,309,F1,1,,,,,
10-09-2026,10-09-2026,CM,BSE,STK,544012,INE0LMW01024,CELLO,A,,,,,Cello World Limited,339.75,341.3,337.2,339.05,338.25,337.2,,338.91,,,9882,3353944,323,F1,1,,,,,
10-09-2026,10-09-2026,CM,BSE,STK,544014,INE0J5401028,HONASA,A,,,,,Honasa Consumer Limited,474,483.5,471.05,475.1,475,470.9,,475.58,,,31989,15247817,1330,F1,1,,,,,
10-09-2026,10-09-2026,CM,BSE,STK,544015,INE0QI101019,MISHDESIGN,M,,,,,Mish Designs Limited,36,36,36,36,36,36.5,,36,,,500,18000,1,F1,500,,,,,
10-09-2026,10-09-2026,CM,BSE,STK,544020,INE818W01011,ESAFSFB,T,,,,,ESAF Small Finance Bank Ltd,41.11,41.62,39.86,40.07,40,41.95,,40.26,,,54788,2209322,261,F1,1,,,,,
10-09-2026,10-09-2026,CM,BSE,STK,544021,INE004A01022,PROTEAN,A,,,,,Protean eGov Technologies Limi,492.8,500,484.5,489.95,500,492.9,,492.66,,,13860,6833622,587,F1,1,,,,,
10-09-2026,10-09-2026,CM,BSE,STK,544022,INE491J01022,ASKAUTOLTD,B,,,,,ASK Automotive Limited,625.3,631.1,619.1,621.5,625,627.4,,622.36,,,5251,3271167,341,F1,1,,,,,
10-09-2026,10-09-2026,CM,BSE,STK,544023,INE0N6U01018,KALYANI,M,,,,,Kalyani Cast-Tech Limited,964,995,932.05,969.35,988,945.05,,969.35,,,10000,9621900,39,F1,250,,,,,
10-09-2026,10-09-2026,CM,BSE,STK,544026,INE202E01016,IREDA,A,,,,,Indian Renewable Energy Develo,112.45,114.8,111.95,113.3,113.3,111.9,,113.32,,,231812,26313036,2108,F1,1,,,,,
10-09-2026,10-09-2026,CM,BSE,STK,544027,INE007N01010,FEDFINA,B,,,,,Fedbank Financial Services Lim,157.5,160.1,157,158.7,159,156.95,,158.87,,,21832,3464967,502,F1,1,,,,,
10-09-2026,10-09-2026,CM,BSE,STK,544028,INE142M01025,TATATECH,A,,,,,Tata Technologies Limited,788.35,802,764.3,778.2,778.2,787.85,,778.95,,,92611,72923938,3752,F1,1,,,,,
10-09-2026,10-09-2026,CM,BSE,STK,544029,INE717W01049,GANDHAR,B,,,,,Gandhar Oil Refinery (India) L,267.05,278.15,267.05,271.6,271.6,265.8,,271.32,,,78759,21615660,1808,F1,1,,,,,
10-09-2026,10-09-2026,CM,BSE,STK,544030,INE00Y201027,FLAIR,B,,,,,Flair Writing Industries Limit,238.5,243.35,237,238.7,237,238.5,,238.55,,,10600,2547248,125,F1,1,,,,,
10-09-2026,10-09-2026,CM,BSE,STK,544035,INE0RDR01012,SPL,M,,,,,Swashthik Plascon Limited,23.45,24,23,23,23,22.75,,23,,,48000,1124768,19,F1,1600,,,,,
10-09-2026,10-09-2026,CM,BSE,STK,544036,INE0RDM01013,DEEPAKCHEM,M,,,,,DEEPAK CHEMTEX LIMITED,87,89.2,87,87,87,87,,87,,,4800,424080,6,F1,800,,,,,
10-09-2026,10-09-2026,CM,BSE,STK,544037,INE0P9J01013,AMIC,M,,,,,Amic Forging Limited,2260,2321.95,2260,2285.55,2290,2256.75,,2285.55,,,55400,126834615,321,F1,100,,,,,
10-09-2026,10-09-2026,CM,BSE,STK,544042,INE0KQN01018,BAJEL,B,,,,,Bajel Projects Limited,183,184.05,176.9,177.3,178.7,183.5,,177.42,,,9277,1664690,247,F1,1,,,,,
10-09-2026,10-09-2026,CM,BSE,STK,544044,INE922K01024,INDIASHLTR,A,,,,,India Shelter Finance Corporat,669.15,676.65,668,674.2,671.5,667.55,,672.16,,,647,434506,58,F1,1,,,,,
10-09-2026,10-09-2026,CM,BSE,STK,544045,INE321T01012,DOMS,A,,,,,DOMS Industries Limited,2188,2195.55,2167,2168.55,2170,2188.55,,2165.64,,,1470,3208219,123,F1,1,,,,,
10-09-2026,10-09-2026,CM,BSE,STK,544046,INE616N01034,INOXINDIA,A,,,,,INOX India Limited,2195.4,2338.95,2195.4,2295.95,2290,2184.8,,2295.81,,,55159,125967393,3101,F1,1,,,,,
10-09-2026,10-09-2026,CM,BSE,STK,544047,INE0QSK01017,SIYARAM,M,,,,,Siyaram Recycling Industries L,34.11,36.14,33.86,35,34.66,35.1,,35,,,42000,1455840,26,F1,1500,,,,,
10-09-2026,10-09-2026,CM,BSE,STK,544052,INE0Q2Z01013,BENCHMARK,M,,,,,Benchmark Computer Solutions L,46.85,47,46.85,46.92,47,44.3,,46.92,,,6000,281500,3,F1,2000,,,,,
10-09-2026,10-09-2026,CM,BSE,STK,544053,INE0FRK01020,MOTISONS,B,,,,,Motisons Jewellers Limited,16.21,17.49,15.85,16.04,16.04,16.29,,16.01,,,729871,11811437,971,F1,1,,,,,
10-09-2026,10-09-2026,CM,BSE,STK,544054,INE843S01025,SURAJEST,B,,,,,Suraj Estate Developers Limite,180.1,180.15,172.1,178.35,176.8,172,,177.03,,,12729,2244407,267,F1,1,,,,,
10-09-2026,10-09-2026,CM,BSE,STK,544055,INE046W01019,MUTHOOTMF,B,,,,,Muthoot Microfin Limited,198.8,198.8,195.85,196.35,196.35,197,,196.13,,,9860,1938162,183,F1,1,,,,,
10-09-2026,10-09-2026,CM,BSE,STK,544057,INE330T01021,HAPPYFORGE,B,,,,,Happy Forgings Limited,2259.95,2296.2,2220.45,2236.25,2247.7,2255.45,,2233.45,,,1444,3261696,204,F1,1,,,,,
10-09-2026,10-09-2026,CM,BSE,STK,544058,INE220Q01020,MUFTI,B,,,,,Credo Brands Marketing Limited,75.73,77.21,73.13,73.32,73.13,74.23,,74.08,,,9771,728427,126,F1,1,,,,,
10-09-2026,10-09-2026,CM,BSE,STK,544059,INE0QZQ01019,SHANTIDENM,M,,,,,SHANTI SPINTEX LIMITED,33,34,32.5,33.1,33.1,34,,33.1,,,14000,463400,7,F1,2000,,,,,
10-09-2026,10-09-2026,CM,BSE,STK,544060,INE0PEQ01016,RBZJEWEL,T,,,,,RBZ Jewellers Limited,171.1,182,170.05,177.2,178.2,174.4,,178.38,,,12628,2247461,182,F1,1,,,,,
10-09-2026,10-09-2026,CM,BSE,STK,544061,INE02IJ01035,AZAD,A,,,,,Azad Engineering Limited,2813.25,2813.25,2758.8,2773.25,2774.65,2804.7,,2773.49,,,9721,27007901,760,F1,1,,,,,
10-09-2026,10-09-2026,CM,BSE,STK,544066,INE0Q3R01026,SUNCLAY,B,,,,,SUNDARAM-CLAYTON LIMITED,1285,1310.9,1285,1294.05,1290,1285.55,,1295.1,,,29096,37508111,40,F1,1,,,,,
10-09-2026,10-09-2026,CM,BSE,STK,544067,INE0DUT01020,INNOVACAP,B,,,,,INNOVA CAPTAB LIMITED,1187.55,1192.75,1165,1167.45,1170.65,1192.35,,1167.4,,,3705,4356477,369,F1,1,,,,,
10-09-2026,10-09-2026,CM,BSE,STK,544072,INE0QFT01015,AIKPIPES,M,,,,,AIK Pipes and Polymers Limited,31.54,31.54,31.54,31.54,31.54,33.2,,31.54,,,1600,50464,2,F1,800,,,,,
10-09-2026,10-09-2026,CM,BSE,STK,544073,INE0A6N01026,MCPL,M,,,,,Manoj Ceramic Limited,85.3,87.69,85,85,85,81.55,,85,,,6000,517990,6,F1,1000,,,,,
10-09-2026,10-09-2026,CM,BSE,STK,544074,INE0RNZ01014,SBVCL,MT,,,,,Shri Balaji Valve Components L,134,135.1,134,134.6,134.6,134.05,,134.6,,,3000,403980,4,F1,600,,,,,
10-09-2026,10-09-2026,CM,BSE,STK,544080,INE0MGS01014,SHILINDORE,X,,,,,Sayaji Hotels (Indore) Limited,1330,1330,1284,1284,1284,1330,,1284,,,1050,1355100,7,F1,1,,,,,
10-09-2026,10-09-2026,CM,BSE,STK,544081,INE980O01024,JYOTICNC,A,,,,,Jyoti CNC Automation Limited,999.85,1016.15,998,1004.05,1004.9,1008.7,,1003.9,,,19518,19589412,733,F1,1,,,,,
10-09-2026,10-09-2026,CM,BSE,STK,544082,INE0GEN01012,SWANAGRO,M,,,,,New Swan Multitech Limited,41.94,41.94,41,41,41,40,,41,,,8000,329880,4,F1,2000,,,,,
10-09-2026,10-09-2026,CM,BSE,STK,544083,INE0QIS01011,SHREE,M,,,,,Shree Marutinandan Tubes Limit,48.4,52,48.4,52,52,52.1,,52,,,2000,98650,4,F1,500,,,,,
10-09-2026,10-09-2026,CM,BSE,STK,544088,INE456Z01021,MEDIASSIST,A,,,,,Medi Assist Healthcare Service,328,330.75,320,323.6,321.9,328,,323.08,,,4004,1301855,237,F1,1,,,,,
10-09-2026,10-09-2026,CM,BSE,STK,544089,INF0R8F01034,LIQUIDCASE,F,,,,,Zerodha Mutual Fund,115.84,117.02,114.68,115.86,115.86,115.84,,115.84,,,638333,73947749,502,F1,1,,,,,
10-09-2026,10-09-2026,CM,BSE,STK,544091,INE0Q1R01012,QLL,M,,,,,Qualitek Labs Limited,506.5,535,498.95,522.65,530,500.05,,522.65,,,42400,21940700,93,F1,400,,,,,
10-09-2026,10-09-2026,CM,BSE,STK,544092,INF0QA701722,NIFTYBETF,B,,,,,Bajaj Finserv Mutual Fund,242.03,242.72,241.26,242.72,242.72,242.99,,241.37,,,39,9455,9,F1,1,,,,,
10-09-2026,10-09-2026,CM,BSE,STK,544093,INF0QA701714,BANKBETF,B,,,,,Bajaj Finserv Mutual Fund,57.49,58.52,57.15,57.25,58.52,57.86,,57.29,,,464,26666,23,F1,1,,,,,
10-09-2026,10-09-2026,CM,BSE,STK,544095,INE0G5901015,EPACK,B,,,,,EPACK Durable Limited,187.75,189.6,186.65,188.25,188.5,188.3,,188.14,,,16296,3068142,537,F1,1,,,,,
10-09-2026,10-09-2026,CM,BSE,STK,544100,INE02H701025,NOVAAGRI,T,,,,,Nova Agritech Limited,23.15,23.56,23,23.07,23.06,23.1,,23.08,,,4392,101396,18,F1,1,,,,,
10-09-2026,10-09-2026,CM,BSE,STK,544102,INF789F1AZD8,ITBETA,B,,,,,UTI Mutual Fund,306.34,306.34,304.94,304.94,304.94,306.34,,309.14,,,18,5511,5,F1,1,,,,,
10-09-2026,10-09-2026,CM,BSE,STK,544106,INE0R5Z01015,MCFL,MT,,,,,Mayank Cattle Food Limited,107.5,107.5,107.35,107.35,107.35,111.8,,107.35,,,4800,515460,3,F1,1200,,,,,
10-09-2026,10-09-2026,CM,BSE,STK,544107,INE0NLT01010,BLSE,B,,,,,BLS E-Services Limited,321,321.3,312,316.55,315.1,320.8,,316.6,,,18592,5879820,354,F1,1,,,,,
10-09-2026,10-09-2026,CM,BSE,STK,544108,INE0QZF01012,GPSL,M,,,,,Gabriel Pet Straps Limited,55.7,59,54.25,55.69,54.41,56.77,,55.69,,,10200,576312,17,F1,600,,,,,
10-09-2026,10-09-2026,CM,BSE,STK,544109,INF740KA1ZG1,HEALTHADD,B,,,,,DSP NIFTY Healthcare ETF,16.74,16.74,16.61,16.68,16.68,16.8,,16.66,,,8685,144750,12,F1,1,,,,,
10-09-2026,10-09-2026,CM,BSE,STK,544110,INF179KC1HW4,HDFCPSUBK,B,,,,,HDFC Mutual Fund,85.22,85.76,84.44,84.44,84.44,84.55,,84.7,,,3157,269669,129,F1,1,,,,,
10-09-2026,10-09-2026,CM,BSE,STK,544111,INE988S01028,PARKHOTELS,B,,,,,Apeejay Surrendra Park Hotels,111.85,111.85,110.6,111.75,111.7,111.55,,111.63,,,2355,261814,63,F1,1,,,,,
10-09-2026,10-09-2026,CM,BSE,STK,544112,INE0QXV01014,JGTL,X,,,,,JASCH GAUGING TECHNOLOGIES LIM,554.95,554.95,535.05,535.05,535.05,537.05,,535.05,,,61,32962,9,F1,1,,,,,
10-09-2026,10-09-2026,CM,BSE,STK,544117,INE0KGZ01021,SIGNPOST,B,,,,,Signpost India Limited,268.05,279.5,267.5,267.8,267.55,271.05,,267.8,,,3391,922126,201,F1,1,,,,,
10-09-2026,10-09-2026,CM,BSE,STK,544118,INE953L01027,JSFB,A,,,,,JANA SMALL FINANCE BANK LIMITE,530.75,533.35,508.9,515.9,517.8,534.7,,514.77,,,9764,5097796,581,F1,1,,,,,
10-09-2026,10-09-2026,CM,BSE,STK,544119,INE0J1F01024,RPTECH,B,,,,,Rashi Peripherals Limited,798,813.9,765.55,805,805.65,795.65,,806.41,,,47469,37460980,4722,F1,1,,,,,
10-09-2026,10-09-2026,CM,BSE,STK,544120,INE646H01017,CAPITALSFB,B,,,,,Capital Small Finance Bank Ltd,280.55,281.6,270.3,272.65,276,279.7,,272.18,,,771,211353,108,F1,1,,,,,
10-09-2026,10-09-2026,CM,BSE,STK,544121,INE0OYK01010,RUDRAGAS,M,,,,,Rudra Gas Enterprise Limited,73.5,75,73.5,74,74,71,,74,,,9000,668500,6,F1,1000,,,,,
10-09-2026,10-09-2026,CM,BSE,STK,544122,INE010601016,ENTERO,B,,,,,Entero Healthcare Solutions Li,1837.25,1837.25,1780,1796.3,1830,1821.7,,1792.94,,,3464,6241306,310,F1,1,,,,,
10-09-2026,10-09-2026,CM,BSE,STK,544123,INF767K01RN1,LICNMID100,B,,,,,LIC Mutual Fund,63,63,62.45,62.57,62.57,62.77,,62.54,,,731,45728,17,F1,1,,,,,
10-09-2026,10-09-2026,CM,BSE,STK,544124,INE0QTF01015,VSTL,B,,,,,VIBHOR STEEL TUBES LIMITED,124.9,124.9,118,120.7,120,124.9,,120.22,,,402,48724,38,F1,1,,,,,
10-09-2026,10-09-2026,CM,BSE,STK,544129,INE696F01016,JUNIPER,B,,,,,Juniper Hotels Limited,209.75,233.1,209.75,227.55,226.35,213.8,,227.39,,,50141,11245950,1245,F1,1,,,,,
10-09-2026,10-09-2026,CM,BSE,STK,544130,INF769K01LC3,SMALLCAP,B,,,,,Mirae Asset Mutual Fund,49.49,49.55,49.25,49.4,49.42,49.31,,49.44,,,82693,4081872,257,F1,1,,,,,
10-09-2026,10-09-2026,CM,BSE,STK,544131,INE486R01017,GPTHEALTH,B,,,,,GPT Healthcare Limited,161,165.1,160.2,161.05,160.7,162.75,,161.28,,,21739,3536484,1823,F1,1,,,,,
10-09-2026,10-09-2026,CM,BSE,STK,544132,INF0R8F01042,GOLDCASE,E,,,,,Zerodha Mutual Fund,24.08,24.54,24.02,24.08,24.54,23.95,,24.04,,,171134,4122917,785,F1,1,,,,,
10-09-2026,10-09-2026,CM,BSE,STK,544133,INE777F01014,EXICOM,B,,,,,EXICOM TELE-SYSTEMS LIMITED,180.65,183.5,175.3,176.75,176.2,180.6,,176.73,,,88487,15796851,1066,F1,1,,,,,
10-09-2026,10-09-2026,CM,BSE,STK,544134,INE0PT501018,PLATIND,B,,,,,Platinum Industries Limited,226.55,226.85,218.4,222,222,226.45,,221.05,,,1190,266704,83,F1,1,,,,,
10-09-2026,10-09-2026,CM,BSE,STK,544135,INE0CG401037,MUKKA,B,,,,,Mukka Proteins Limited,30.34,31.09,29.95,30.4,30.4,29.92,,30.56,,,85152,2595271,449,F1,1,,,,,
10-09-2026,10-09-2026,CM,BSE,STK,544136,INE0NQ801033,RKSWAMY,B,,,,,R K Swamy Limited,92.52,93.16,89.83,91.35,89.83,92.51,,91.44,,,6138,561794,94,F1,1,,,,,
10-09-2026,10-09-2026,CM,BSE,STK,544137,INE0NHL23019,INDUSINVIT,IF,,,,,Indus Infra Trust,132.9,133.56,132.47,132.98,133.2,132.58,,132.81,,,6259,832607,268,F1,1,,,,,
10-09-2026,10-09-2026,CM,BSE,STK,544138,INE0MB501011,JGCHEM,B,,,,,J.G.Chemicals Limited,624.95,627.65,585.05,595.3,595.05,619.85,,595,,,29944,18119650,1136,F1,1,,,,,
10-09-2026,10-09-2026,CM,BSE,STK,544139,INE0M8R01011,KOURA,MT,,,,,KOURA FINE DIAMOND JEWELRY LIM,48.15,49.2,48.15,49.2,49.2,47,,49.2,,,6000,292700,3,F1,2000,,,,,
10-09-2026,10-09-2026,CM,BSE,STK,544140,INE0L9R01028,GOPAL,B,,,,,Gopal Snacks Limited,267.45,267.45,259.05,260,261.7,261.55,,260.47,,,8729,2277537,242,F1,1,,,,,
10-09-2026,10-09-2026,CM,BSE,STK,544141,INE510U01018,PESB,M,,,,,Pune E - Stock Broking Limited,268,268,260.25,260.5,260.5,263.95,,260.5,,,12000,3163720,15,F1,800,,,,,
10-09-2026,10-09-2026,CM,BSE,STK,544142,INE0PB301013,SCILAL,B,,,,,Shipping Corporation of India,38.61,38.94,38.2,38.34,38.64,38.41,,38.45,,,16904,651253,111,F1,1,,,,,
10-09-2026,10-09-2026,CM,BSE,STK,544143,INE0QQG01019,ROYAL,M,,,,,Royal Sense Limited,95,95,95,95,95,96.05,,95,,,1000,95000,2,F1,500,,,,,
10-09-2026,10-09-2026,CM,BSE,STK,544144,INE772T01024,PVSL,B,,,,,Popular Vehicles and Services,97.2,102.05,97.2,101.4,101.4,102,,100.53,,,792,79537,34,F1,1,,,,,
10-09-2026,10-09-2026,CM,BSE,STK,544149,INE0QN801017,KRYSTAL,B,,,,,KRYSTAL INTEGRATED SERVICES LI,634.55,634.55,622,623.65,622.5,634.15,,624.43,,,333,208195,47,F1,1,,,,,
10-09-2026,10-09-2026,CM,BSE,STK,544150,INE0QVH01025,KPGEL,M,,,,,KP GREEN ENGINEERING LIMITED,272,273.25,268.15,268.55,268.2,275.1,,268.55,,,92500,24945200,183,F1,250,,,,,
10-09-2026,10-09-2026,CM,BSE,STK,544151,INE0AH901011,CHATHA,MT,,,,,CHATHA FOODS LIMITED,103.3,109,103.1,108,109,107.85,,108,,,13000,1368100,13,F1,1000,,,,,
10-09-2026,10-09-2026,CM,BSE,STK,544158,INE0R6Z01013,SRM,B,,,,,SRM CONTRACTORS LIMITED,453.05,456.35,446.05,448.1,450.9,452.55,,447.72,,,3645,1648704,128,F1,1,,,,,
10-09-2026,10-09-2026,CM,BSE,STK,544159,INF740KA1UM0,LIQUIDADD,F,,,,,DSP BSE LIQUID RATE ETF,1144.06,1144.06,1144.03,1144.05,1144.05,1143.9,,1144.03,,,57759,66079142,18,F1,1,,,,,
10-09-2026,10-09-2026,CM,BSE,STK,544160,INE0MSS01019,JAYKAILASH,MT,,,,,Jay Kailash Namkeen Limited,67.3,69.99,66.94,66.95,66.94,70.46,,66.95,,,12800,863472,8,F1,1600,,,,,
10-09-2026,10-09-2026,CM,BSE,STK,544161,INE266Y01019,DPABHUSHAN,B,,,,,D P ABHUSHAN LIMITED,1394.8,1397.7,1360,1372.2,1374,1399.75,,1369.46,,,586,808910,72,F1,1,,,,,
10-09-2026,10-09-2026,CM,BSE,STK,544162,INE343G01021,BHARTIHEXA,A,,,,,Bharti Hexacom Limited,1540,1566.75,1534,1539.25,1540,1545.55,,1539.2,,,3854,5938848,625,F1,1,,,,,
10-09-2026,10-09-2026,CM,BSE,STK,544163,INE0S0701019,GVL,M,,,,,Greenhitech Ventures Limited,34,34,34,34,34,33.94,,34,,,1000,34000,1,F1,1000,,,,,
10-09-2026,10-09-2026,CM,BSE,STK,544164,INE0Q9W01015,FAALCON,MT,,,,,Faalcon Concepts Limited,43.03,43.05,41,41,41,41.01,,41,,,8000,340220,4,F1,2000,,,,,
10-09-2026,10-09-2026,CM,BSE,STK,544165,INE0SGR01013,SHIVAM,M,,,,,SHIVAM CHEMICALS LIMITED,115.05,122,115,119.35,119.5,120.45,,119.35,,,28500,3376800,15,F1,1500,,,,,
10-09-2026,10-09-2026,CM,BSE,STK,544166,INE0SDC01012,EMMFORCE,MT,,,,,EMMFORCE AUTOTECH LIMITED,180.4,180.4,180.35,180.35,180.35,182.65,,180.35,,,2400,432900,2,F1,1200,,,,,
10-09-2026,10-09-2026,CM,BSE,STK,544167,INE0OAF01028,JNKINDIA,B,,,,,JNK India Limited,430.15,435.1,421.5,428.4,429.3,431.9,,428.84,,,7043,3017447,242,F1,1,,,,,
10-09-2026,10-09-2026,CM,BSE,STK,544168,INE0R6801013,VARYAA,M,,,,,VARYAA CREATIONS LIMITED,28.6,28.6,28.6,28.6,28.6,28.6,,28.6,,,2000,57200,1,F1,1000,,,,,
10-09-2026,10-09-2026,CM,BSE,STK,544169,INE0QSB01016,AMKAY,M,,,,,Amkay Products Limited,51.6,51.6,51.6,51.6,51.6,50.5,,51.6,,,2000,103200,1,F1,2000,,,,,
10-09-2026,10-09-2026,CM,BSE,STK,544171,INE0RGM01016,STAL,MT,,,,,Storage Technologies and Autom,32.55,32.55,31.17,31.17,31.17,32.55,,31.17,,,6400,202856,7,F1,800,,,,,
10-09-2026,10-09-2026,CM,BSE,STK,544172,INE065X01017,INDGN,A,,,,,Indegene Limited,583.85,589.25,575.25,577,577,586.5,,577.1,,,101697,58770195,1823,F1,1,,,,,
10-09-2026,10-09-2026,CM,BSE,STK,544173,INE0QOQ01013,FTL,M,,,,,Finelistings Technologies Limi,14.03,14.03,14.01,14.01,14.01,13.37,,14.01,,,2000,28040,2,F1,1000,,,,,
10-09-2026,10-09-2026,CM,BSE,STK,544174,INE673O01025,TBOTEK,A,,,,,TBO TEK LIMITED,1714.95,1714.95,1667.2,1672.75,1678.3,1720.55,,1671.63,,,4904,8251668,392,F1,1,,,,,
10-09-2026,10-09-2026,CM,BSE,STK,544175,INE0SMU01015,TGIF,M,,,,,TGIF AGRIBUSINESS LIMITED,92.5,109,92.5,109,109,107,,109,,,3600,370800,3,F1,1200,,,,,
10-09-2026,10-09-2026,CM,BSE,STK,544176,INE883F01010,AADHARHFC,A,,,,,Aadhar Housing Finance Limited,476.6,476.6,460.5,462.05,461.7,471.7,,462.7,,,409320,189941549,482,F1,1,,,,,
10-09-2026,10-09-2026,CM,BSE,STK,544177,INE0SCB01016,AZTEC,M,,,,,Aztec Fluids & Machinery Limit,94.5,96.1,93,94,94,95.15,,94,,,81000,7694010,30,F1,1000,,,,,
10-09-2026,10-09-2026,CM,BSE,STK,544179,INE03JT01014,GODIGIT,A,,,,,Go Digit General Insurance Lim,253,254.15,250,250.55,250,253.5,,250.74,,,8746,2202276,348,F1,1,,,,,
10-09-2026,10-09-2026,CM,BSE,STK,544180,INF769K01LJ8,MIDSMALL,B,,,,,Mirae Asset Mutual Fund,51.1,51.78,51.1,51.51,51.5,51.7,,51.55,,,9425,485887,143,F1,1,,,,,
10-09-2026,10-09-2026,CM,BSE,STK,544181,INE108V01019,AWFIS,A,,,,,Awfis Space Solutions Limited,253.35,255.75,247.15,249.9,249.9,253.65,,249.61,,,20670,5154973,592,F1,1,,,,,
10-09-2026,10-09-2026,CM,BSE,STK,544182,INF0QA701854,LIQUIDBETF,F,,,,,Bajaj Finserv Mutual Fund,1098.15,1098.15,1098.13,1098.13,1098.13,1098.01,,1098.14,,,4,4392,4,F1,1,,,,,
10-09-2026,10-09-2026,CM,BSE,STK,544184,INE02L001032,BOROSCI,B,,,,,Borosil Scientific Limited,127.2,127.75,124.7,125.4,125.2,127.2,,125.29,,,5953,748171,171,F1,1,,,,,
10-09-2026,10-09-2026,CM,BSE,STK,544185,INE257C01014,ADTECH,X,,,,,ADTECH SYSTEMS LIMITED,49.74,49.74,45.02,46.87,48.5,48.28,,46.87,,,8602,402284,145,F1,1,,,,,
10-09-2026,10-09-2026,CM,BSE,STK,544186,INE0TT901016,TOTEM,X,,,,,Forbes Precision Tools and Mac,169,173.95,159,165.15,165.15,166.1,,165.15,,,69752,11563710,801,F1,1,,,,,
10-09-2026,10-09-2026,CM,BSE,STK,544187,INE0ATZ01017,KRONOX,T,,,,,KRONOX LAB SCIENCES LIMITED,171.7,175,168.1,172.9,173.9,172.8,,172.05,,,8002,1375145,137,F1,1,,,,,
10-09-2026,10-09-2026,CM,BSE,STK,544188,INE0QZ901011,MAGENTA,M,,,,,Magenta Lifecare Limited,8,8,8,8,8,8.18,,8,,,32000,256000,2,F1,4000,,,,,
10-09-2026,10-09-2026,CM,BSE,STK,544189,INE0QUV01010,SATTRIX,M,,,,,SATTRIX INFORMATION SECURITY L,327.75,327.75,311.4,316,316,327.75,,316,,,8000,2522100,16,F1,500,,,,,
10-09-2026,10-09-2026,CM,BSE,STK,544190,INE0R7D01018,3CIT,M,,,,,3C IT Solutions and Telecoms (,20.36,20.36,17,17,17,17.27,,17,,,4000,74720,2,F1,2000,,,,,
10-09-2026,10-09-2026,CM,BSE,STK,544191,INE0CYK01015,PURPLEFIN,X,,,,,Purple Finance Limited,72.11,73.8,72,73,73,73.51,,73,,,24044,1759722,70,F1,1,,,,,
10-09-2026,10-09-2026,CM,BSE,STK,544192,INE0HV901016,IXIGO,A,,,,,Le Travenues Technology Limite,166.45,168.3,159.3,161.65,161.65,167.5,,161.91,,,65813,10723410,2184,F1,1,,,,,
10-09-2026,10-09-2026,CM,BSE,STK,544193,INF0R8F01059,MID150CASE,B,,,,,Zerodha Mutual Fund,11.52,11.65,11.5,11.53,11.53,11.62,,11.51,,,103165,1190117,519,F1,1,,,,,
10-09-2026,10-09-2026,CM,BSE,STK,544194,INF0R8F01067,TOP100CASE,B,,,,,Zerodha Mutual Fund,10.38,10.39,10.28,10.32,10.35,10.38,,10.31,,,79330,821076,270,F1,1,,,,,
10-09-2026,10-09-2026,CM,BSE,STK,544195,INE0S0I01011,COTFAB,M,,,,,United Cotfab Limited,14.5,14.5,14.5,14.5,14.5,14.22,,14.5,,,2000,29000,1,F1,2000,,,,,
10-09-2026,10-09-2026,CM,BSE,STK,544196,INF251K01TL6,BBNPNBETF,B,,,,,BARODA BNP PARIBAS MUTUAL FUND,56.73,57.34,56.68,56.93,56.94,56.88,,56.9,,,4658,265199,63,F1,1,,,,,
10-09-2026,10-09-2026,CM,BSE,STK,544197,INE03DD01011,RETAIL,B,,,,,JHS SVENDGAARD RETAIL VENTURES,16.5,17.99,16.37,16.37,16.37,16.71,,16.6,,,543,8936,12,F1,1,,,,,
10-09-2026,10-09-2026,CM,BSE,STK,544198,INE841L01016,DEEDEV,B,,,,,DEE DEVELOPMENT ENGINEERS LIMI,674,679.3,644,654.35,654.35,676.6,,653.45,,,20220,13261743,850,F1,1,,,,,
10-09-2026,10-09-2026,CM,BSE,STK,544199,INE0RUJ01013,GEMENVIRO,M,,,,,GEM Enviro Management Limited,35,35.5,32.01,33.4,33.4,34.49,,33.4,,,32000,1081544,34,F1,800,,,,,
10-09-2026,10-09-2026,CM,BSE,STK,544200,INE916Y01027,AFIL,B,,,,,Akme Fintrade (India) Limited,8.92,9.37,8.9,8.94,9.02,9.1,,8.94,,,60171,542292,101,F1,1,,,,,
10-09-2026,10-09-2026,CM,BSE,STK,544201,INE0S6R01027,DFPL,M,,,,,DINDIGUL FARM PRODUCT LIMITED,15.9,16.91,15.9,16.86,16.86,15.38,,16.86,,,118000,1966680,39,F1,2000,,,,,
10-09-2026,10-09-2026,CM,BSE,STK,544202,INE01A001028,STANLEY,B,,,,,STANLEY LIFESTYLES LIMITED,138.55,139.95,137.05,137.35,137.1,138.25,,137.43,,,8482,1169128,674,F1,1,,,,,
10-09-2026,10-09-2026,CM,BSE,STK,544203,INE552Z01027,ABDL,A,,,,,Allied Blenders and Distillers,616.25,616.25,599.55,611.4,612.2,603.15,,611.45,,,12173,7393604,766,F1,1,,,,,
10-09-2026,10-09-2026,CM,BSE,STK,544204,INE0S2V01010,VRAJ,B,,,,,VRAJ IRON AND STEEL LIMITED,124.8,129.15,124.8,126.35,126.3,124.8,,126.32,,,4443,567266,224,F1,1,,,,,
10-09-2026,10-09-2026,CM,BSE,STK,544205,INE0PO601011,NPL,XT,,,,,National Peroxide Limited,638,638,607,621.7,622,637.45,,621.7,,,1544,955532,58,F1,1,,,,,
10-09-2026,10-09-2026,CM,BSE,STK,544206,INF200KB1217,SBISILVER,E,,,,,SBI Mutual Fund,229.67,231.98,228.66,229.16,229.54,227.76,,229.15,,,62126,14340546,1158,F1,1,,,,,
10-09-2026,10-09-2026,CM,BSE,STK,544207,INE375Y01018,RELIABLE,B,,,,,Reliable Data Services Limited,138.2,138.85,135,135.95,135,135.6,,135.95,,,1708,234807,88,F1,1,,,,,
10-09-2026,10-09-2026,CM,BSE,STK,544209,INE0B9K01025,BANSALWIRE,B,,,,,Bansal Wire Industries Limited,309.45,313.6,306.25,310.9,310.9,304.45,,311.37,,,2705,837582,136,F1,1,,,,,
10-09-2026,10-09-2026,CM,BSE,STK,544210,INE168P01015,EMCURE,A,,,,,Emcure Pharmaceuticals Limited,1899.1,1987.5,1899.1,1961.8,1967.4,1915.2,,1962.76,,,13438,26437559,1811,F1,1,,,,,
10-09-2026,10-09-2026,CM,BSE,STK,544212,INF769K01LQ3,EVINDIA,B,,,,,Mirae Asset Mutual Fund,32.52,32.52,32.09,32.11,32.1,32.21,,32.13,,,20304,653006,269,F1,1,,,,,
10-09-2026,10-09-2026,CM,BSE,STK,544213,INE0T3401029,ACLD,M,,,,,AELEA COMMODITIES LIMITED,151.05,153.1,146,148.8,150,151.05,,148.8,,,19800,2960700,32,F1,600,,,,,
10-09-2026,10-09-2026,CM,BSE,STK,544214,INE0UK501010,THREEMPAPE,M,,,,,THREE M PAPER BOARDS LIMITED,23.04,24.99,23.04,24.99,24.99,24.2,,24.99,,,4000,96060,2,F1,2000,,,,,
10-09-2026,10-09-2026,CM,BSE,STK,544215,INF200KB1282,SBINEQWETF,B,,,,,SBI Mutual Fund,32.75,32.77,32.55,32.57,32.57,32.84,,32.7,,,281,9176,19,F1,1,,,,,
10-09-2026,10-09-2026,CM,BSE,STK,544216,INF109KC18W3,OILIETF,B,,,,,ICICI Prudential Mutual Fund,11.26,11.55,11.14,11.17,11.21,11.27,,11.17,,,81144,911558,770,F1,1,,,,,
10-09-2026,10-09-2026,CM,BSE,STK,544217,INE08NE01025,SANSTAR,B,,,,,SANSTAR LIMITED,109.6,109.9,107,107.5,107,109.15,,107.38,,,4513,489183,135,F1,1,,,,,
10-09-2026,10-09-2026,CM,BSE,STK,544218,INF209KB19Z4,ABSLPSE,B,,,,,Aditya Birla Sun Life Mutual F,10.11,10.26,10.05,10.16,10.16,10.22,,10.14,,,4732,48042,50,F1,1,,,,,
10-09-2026,10-09-2026,CM,BSE,STK,544219,INE0MNP01016,VVIPIL,M,,,,,VVIP Infratech Limited,136.6,140,136.6,139.5,139.5,136.55,,139.5,,,13800,1922550,16,F1,600,,,,,
10-09-2026,10-09-2026,CM,BSE,STK,544221,INE0RMR01013,KIZI,MT,,,,,Kizi Apparels Limited,17.9,17.9,17.9,17.9,17.9,17.6,,17.9,,,3000,53700,1,F1,3000,,,,,
10-09-2026,10-09-2026,CM,BSE,STK,544222,INE09XN01023,AKUMS,B,,,,,Akums Drugs and Pharmaceutical,746.1,755,741.45,750.1,753.6,741.75,,749.67,,,18783,14096722,3381,F1,1,,,,,
10-09-2026,10-09-2026,CM,BSE,STK,544223,INE0AG901020,CEIGALL,B,,,,,Ceigall India Limited,376.15,389,369.35,378.9,378.7,376.5,,379.09,,,584188,218987469,3417,F1,1,,,,,
10-09-2026,10-09-2026,CM,BSE,STK,544224,INE0OXY01013,AFCOM,M,,,,,Afcom Holdings Limited,1615.05,1622,1565.55,1579.7,1597.9,1635.5,,1579.7,,,55680,88665324,363,F1,120,,,,,
10-09-2026,10-09-2026,CM,BSE,STK,544225,INE0LXG01040,OLAELEC,A,,,,,Ola Electric Mobility Limited,37.41,40.5,37.33,39.16,39.16,37.31,,39.15,,,10189263,400740854,15743,F1,1,,,,,
10-09-2026,10-09-2026,CM,BSE,STK,544226,INE02RE01045,FIRSTCRY,A,,,,,Brainbees Solutions Limited,172.2,174.45,161.6,171.3,171.9,172.65,,171.38,,,111053,19120358,1480,F1,1,,,,,
10-09-2026,10-09-2026,CM,BSE,STK,544227,INE00U401027,UNIECOM,B,,,,,UNICOMMERCE ESOLUTIONS LIMITED,86.58,86.58,84.5,84.91,84.91,85.24,,84.79,,,7139,606346,139,F1,1,,,,,
10-09-2026,10-09-2026,CM,BSE,STK,544229,INF109KC19W1,METALIETF,B,,,,,ICICI Prudential Mutual Fund,13.59,13.59,13.29,13.34,13.38,13.45,,13.34,,,254311,3409818,834,F1,1,,,,,
10-09-2026,10-09-2026,CM,BSE,STK,544230,INE0PQ101010,SSDL,B,,,,,SARASWATI SAREE DEPOT LIMITED,58.8,67.2,58.8,67.2,67.2,56,,67.84,,,16921,1092399,311,F1,1,,,,,
10-09-2026,10-09-2026,CM,BSE,STK,544232,INE00M901018,INTERARCH,B,,,,,Interarch Building Solutions L,1763.8,1766.7,1719.75,1727.6,1727.6,1763.75,,1729.29,,,1608,2788435,219,F1,1,,,,,
10-09-2026,10-09-2026,CM,BSE,STK,544233,INE0US801024,MFML,B,,,,,Mahalaxmi Fabric Mills Limited,18.85,19.4,18.71,18.71,18.71,18.57,,18.94,,,10,190,3,F1,1,,,,,
10-09-2026,10-09-2026,CM,BSE,STK,544235,INE0PPK01015,ORIENTTECH,B,,,,,Orient Technologies Limited,231.75,243.8,230.8,234.75,234.3,229.45,,235.36,,,8195,1938947,200,F1,1,,,,,
10-09-2026,10-09-2026,CM,BSE,STK,544236,INE0SK201011,RAL,M,,,,,Resourceful Automobile Limited,40.35,40.35,40.35,40.35,40.35,38.43,,40.35,,,6000,242100,2,F1,1200,,,,,
10-09-2026,10-09-2026,CM,BSE,STK,544238,INE0BS701011,PREMIERENE,A,,,,,Premier Energies Limited,976,981.45,963.3,970,970,978,,968.16,,,40929,39680498,1983,F1,1,,,,,
10-09-2026,10-09-2026,CM,BSE,STK,544239,INE06HJ01020,ECOSMOBLTY,B,,,,,ECOS (India) Mobility & Hospit,111,112.6,109.85,112.15,112.15,111.7,,111.74,,,1637,183074,80,F1,1,,,,,
10-09-2026,10-09-2026,CM,BSE,STK,544240,INE02ID01020,RAYMONDLSL,A,,,,,Raymond Lifestyle Limited,673,720,670.45,687.95,687.95,670.35,,687.66,,,29120,20242946,895,F1,1,,,,,
10-09-2026,10-09-2026,CM,BSE,STK,544241,INF769K01LX9,MULTICAP,B,,,,,Mirae Asset Mutual Fund,16.61,16.61,16.52,16.55,16.52,16.6,,16.53,,,13917,230612,292,F1,1,,,,,
10-09-2026,10-09-2026,CM,BSE,STK,544243,INE01FR01028,STYLEBAAZA,B,,,,,Baazar Style Retail Limited,398.05,400.55,387.35,388.9,389.4,397.05,,388.95,,,15155,5978373,591,F1,1,,,,,
10-09-2026,10-09-2026,CM,BSE,STK,544244,INE0RE001014,GALAPREC,B,,,,,Gala Precision Engineering Lim,1050,1050,1016.95,1043.3,1037.1,1047.25,,1038.07,,,971,1002899,84,F1,1,,,,,
10-09-2026,10-09-2026,CM,BSE,STK,544246,INE0DAB01012,RVTH,B,,,,,Revathi Equipment India Limite,775,775,765,765.05,765,775,,762.57,,,7,5395,3,F1,1,,,,,
10-09-2026,10-09-2026,CM,BSE,STK,544247,INF740KA1UR9,TOP10ADD,B,,,,,DSP Nifty Top 10 Equal Weight,85.38,85.43,84.86,84.98,84.86,85.38,,84.89,,,4120,350613,136,F1,1,,,,,
10-09-2026,10-09-2026,CM,BSE,STK,544248,INE0UYT01018,MACHLTD,M,,,,,MACH TRAVEL SOLUTIONS LIMITED,169,169,163,167,169,165,,167,,,15600,2606880,26,F1,600,,,,,
10-09-2026,10-09-2026,CM,BSE,STK,544249,INE0S2G01011,BALAJEE,B,,,,,SHREE TIRUPATI BALAJEE AGRO TR,25.88,26.25,24.91,25.64,26.25,25.66,,25.55,,,2851,72802,49,F1,1,,,,,
10-09-2026,10-09-2026,CM,BSE,STK,544250,INE0UOS01011,SANOFICONR,B,,,,,Sanofi Consumer Healthcare Ind,4063.35,4133.7,4028.05,4109.4,4115,4049.85,,4097.17,,,6192,25099335,72,F1,1,,,,,
10-09-2026,10-09-2026,CM,BSE,STK,544251,INE0LY301010,SSL,MT,,,,,Share Samadhan Limited,47.7,48.4,47,48.4,48.4,48,,48.4,,,8000,382400,5,F1,1600,,,,,
10-09-2026,10-09-2026,CM,BSE,STK,544252,INE377Y01014,BAJAJHFL,A,,,,,Bajaj Housing Finance Limited,82.73,84.6,82.4,84.34,84.34,82.93,,84.24,,,598322,49907996,5213,F1,1,,,,,
10-09-2026,10-09-2026,CM,BSE,STK,544253,INE0O6601022,KROSS,B,,,,,Kross Limited,220.95,240.85,219.85,231.9,231.9,219.6,,231.55,,,369467,85787057,5490,F1,1,,,,,
10-09-2026,10-09-2026,CM,BSE,STK,544254,INE0RWQ01014,TOLINS,B,,,,,Tolins Tyres Limited,91.5,91.8,91,91.05,91.05,91.03,,90.97,,,1649,150403,69,F1,1,,,,,
10-09-2026,10-09-2026,CM,BSE,STK,544256,INE953R01016,PNGJL,B,,,,,P N GADGIL JEWELLERS LIMITED,610.05,615.1,603.9,613.45,608.85,610.05,,611.29,,,15798,9633279,2946,F1,1,,,,,
10-09-2026,10-09-2026,CM,BSE,STK,544257,INE0Q3401017,SAFE,M,,,,,Sodhani Academy of Fintech Ena,125,131,113.3,125,125,128.25,,125,,,11500,1456325,19,F1,500,,,,,
10-09-2026,10-09-2026,CM,BSE,STK,544258,INE0CJF01024,WCIL,B,,,,,Western Carriers (India) Limit,84.14,86.58,83.72,84.21,83.77,84.01,,84.42,,,1835,155769,115,F1,1,,,,,
10-09-2026,10-09-2026,CM,BSE,STK,544259,INE0PZB01013,PFL,M,,,,,POPULAR FOUNDATIONS LIMITED,27.85,27.85,27.85,27.85,27.85,27.95,,27.85,,,3000,83550,1,F1,3000,,,,,
10-09-2026,10-09-2026,CM,BSE,STK,544260,INE850M01015,NORTHARC,A,,,,,Northern Arc Capital Ltd.,306.8,315,306.8,308.95,308.05,308.5,,309.14,,,58405,18185687,1221,F1,1,,,,,
10-09-2026,10-09-2026,CM,BSE,STK,544261,INE0QRL01017,ARKADE,B,,,,,ARKADE DEVELOPERS LIMITED,122.3,123.55,121.8,122.25,122.25,122.7,,122.94,,,8855,1085006,120,F1,1,,,,,
10-09-2026,10-09-2026,CM,BSE,STK,544262,INE939X01013,MANBA,B,,,,,Manba Finance Limited,130,155.4,130,131.3,132.8,129.5,,131.48,,,6472,852944,81,F1,1,,,,,
10-09-2026,10-09-2026,CM,BSE,STK,544263,INE0Q3J01015,KRN,A,,,,,KRN HEAT EXCHANGER AND REFRIGE,1608.95,1621,1579.75,1584.85,1584.85,1600.4,,1584.61,,,6970,11138546,606,F1,1,,,,,
10-09-2026,10-09-2026,CM,BSE,STK,544264,INE184O01015,DIFFNKG,B,,,,,Diffusion Engineers Limited,445.2,460,435.45,452.95,460,440.8,,449.76,,,19625,8756655,528,F1,1,,,,,
10-09-2026,10-09-2026,CM,BSE,STK,544266,INF769K01LZ4,BANKPSU,B,,,,,Mirae Asset Mutual Fund,85.35,85.35,84.68,84.69,84.69,84.54,,84.3,,,306,26113,3,F1,1,,,,,
10-09-2026,10-09-2026,CM,BSE,STK,544267,INE0U6201010,SUBAM,M,,,,,SUBAM PAPERS LIMITED,202.15,203.35,202.15,203.35,203.35,210,,203.35,,,1600,324400,2,F1,800,,,,,
10-09-2026,10-09-2026,CM,BSE,STK,544268,INF769K01LY7,METAL,B,,,,,Mirae Asset Mutual Fund,13.52,13.54,13.38,13.42,13.42,13.51,,13.4,,,136812,1839150,778,F1,1,,,,,
10-09-2026,10-09-2026,CM,BSE,STK,544269,INE471R01019,NPFL,M,,,,,NEOPOLITAN PIZZA AND FOODS LIM,6.9,6.9,6.4,6.75,6.72,7.99,,6.75,,,72000,478920,12,F1,6000,,,,,
10-09-2026,10-09-2026,CM,BSE,STK,544270,INE0S9501014,KGVL,M,,,,,Khyati Global Ventures Limited,43.87,43.87,43,43,43,43.01,,43,,,8400,362244,5,F1,1200,,,,,
10-09-2026,10-09-2026,CM,BSE,STK,544271,INE0JVO01026,GARUDA,B,,,,,Garuda Construction and Engine,180,182.4,177.45,179.5,179.7,182.35,,179.3,,,62236,11158286,611,F1,1,,,,,
10-09-2026,10-09-2026,CM,BSE,STK,544272,INE0YRO01015,SHIVTEXCHEM,M,,,,,SHIV TEXCHEM LIMITED,121,123.8,120,120.85,120.6,121,,120.85,,,9200,1113080,19,F1,400,,,,,
10-09-2026,10-09-2026,CM,BSE,STK,544273,INE0APB01032,MGEL,B,,,,,MANGALAM GLOBAL ENTERPRISE LIM,16.69,16.69,15.42,16.01,16,15.78,,16.03,,,56439,912852,189,F1,1,,,,,
10-09-2026,10-09-2026,CM,BSE,STK,544274,INE0V6F01027,HYUNDAI,A,,,,,HYUNDAI MOTOR INDIA LIMITED,2180,2226,2169.75,2214.5,2214.5,2188,,2206.08,,,100807,222944416,3144,F1,1,,,,,
10-09-2026,10-09-2026,CM,BSE,STK,544275,INF109KC16X5,VAL30IETF,B,,,,,ICICI Prudential Mutual Fund,15,15.14,15,15.05,15.04,15.16,,15.06,,,10071,151769,38,F1,1,,,,,
10-09-2026,10-09-2026,CM,BSE,STK,544276,INE0OPA01027,DBEIL,B,,,,,Deepak Builders and Engineers,7.3,7.3,6.96,7.12,7.12,7.17,,7.11,,,66892,474799,137,F1,1,,,,,
10-09-2026,10-09-2026,CM,BSE,STK,544277,INE377N01017,WAAREEENER,A,,,,,Waaree Energies Limited,2567.5,2591.65,2531,2545,2545,2567.5,,2547.89,,,36103,92217088,2609,F1,1,,,,,
10-09-2026,10-09-2026,CM,BSE,STK,544278,INE0PK601023,OCCLLTD,T,,,,,OCCL Limited,165.15,165.15,162.1,163.45,164.5,165.15,,163.81,,,2746,450448,43,F1,1,,,,,
10-09-2026,10-09-2026,CM,BSE,STK,544279,INE497S01012,GODAVARIB,B,,,,,Godavari Biorefineries Limited,239.85,240.3,234,234.7,237.55,238.95,,235.67,,,8883,2095237,377,F1,1,,,,,
10-09-2026,10-09-2026,CM,BSE,STK,544280,INE101I01011,AFCONS,A,,,,,Afcons Infrastructure Limited,272.05,275.4,259.7,260.9,260.9,274.3,,260.85,,,81019,21479224,2785,F1,1,,,,,
10-09-2026,10-09-2026,CM,BSE,STK,544281,INE00YB01025,ABINFRA,T,,,,,A B INFRABUILD LIMITED,11.27,11.58,11.2,11.4,11.28,11.65,,11.35,,,7968,89959,51,F1,1,,,,,
10-09-2026,10-09-2026,CM,BSE,STK,544282,INE0W2G01015,SAGILITY,A,,,,,Sagility Limited,45.16,45.16,44.31,44.57,44.57,45.05,,44.42,,,605941,27037928,2374,F1,1,,,,,
10-09-2026,10-09-2026,CM,BSE,STK,544283,INE622W01025,ACMESOLAR,A,,,,,ACME Solar Holdings Limited,398,401.6,392.7,396.95,396.95,402.3,,397.23,,,91186,36151722,2767,F1,1,,,,,
10-09-2026,10-09-2026,CM,BSE,STK,544284,INF769K01MY5,LIQUIDPLUS,F,,,,,Mirae Asset Mutual Fund,1102.52,1102.53,1102.52,1102.53,1102.53,1102.39,,1102.52,,,3810,4200637,5,F1,1,,,,,
10-09-2026,10-09-2026,CM,BSE,STK,544285,INE00H001014,SWIGGY,A,,,,,SWIGGY LIMITED,284.85,284.85,278.75,279,279,283.25,,279,,,2438131,686254948,4219,F1,1,,,,,
10-09-2026,10-09-2026,CM,BSE,STK,544286,INE995S01015,NIVABUPA,A,,,,,NIVA BUPA HEALTH INSURANCE COM,79.1,79.79,79,79.44,79.35,79.57,,79.42,,,10248,813204,518,F1,1,,,,,
10-09-2026,10-09-2026,CM,BSE,STK,544287,INE0RU901015,MANGALCOMP,M,,,,,Mangal Compusolution Limited,41.5,41.5,41.5,41.5,41.5,43.5,,41.5,,,3000,124500,1,F1,3000,,,,,
10-09-2026,10-09-2026,CM,BSE,STK,544288,INE0UIZ01018,BLACKBUCK,A,,,,,BlackBuck Limited,579.95,590,576.5,585.4,584.8,581.2,,585.86,,,25311,14806405,1811,F1,1,,,,,
10-09-2026,10-09-2026,CM,BSE,STK,544289,INE0ONG01011,NTPCGREEN,A,,,,,NTPC GREEN ENERGY LIMITED,88.05,88.11,87.54,87.74,87.9,88.02,,87.72,,,116481,10232264,1381,F1,1,,,,,
10-09-2026,10-09-2026,CM,BSE,STK,544290,INE0LLY01014,EIEL,B,,,,,ENVIRO INFRA ENGINEERS LIMITED,211.3,216.2,209,211.75,211.4,205.9,,211.65,,,378919,80562414,4944,F1,1,,,,,
10-09-2026,10-09-2026,CM,BSE,STK,544291,INE0VN801010,RAJESH,M,,,,,RAJESH POWER SERVICES LIMITED,796.1,819.95,796.05,802.7,802,809.5,,802.7,,,19600,15870175,107,F1,100,,,,,
10-09-2026,10-09-2026,CM,BSE,STK,544292,INE013P01021,ONESOURCE,A,,,,,Onesource Specialty Pharma Lim,1523,1568.6,1523,1545.45,1547.6,1530.05,,1542,,,7639,11841928,635,F1,1,,,,,
10-09-2026,10-09-2026,CM,BSE,STK,544293,INE877V01027,SURAKSHA,B,,,,,SURAKSHA DIAGNOSTIC LIMITED,332.85,337.1,326,327.85,327.5,336.55,,327.85,,,3970,1321286,276,F1,1,,,,,
10-09-2026,10-09-2026,CM,BSE,STK,544294,INE0OJW01016,ROSSTECH,B,,,,,Rossell Techsys Limited,1192,1215.6,1176.05,1206.8,1206.8,1195.25,,1206.61,,,6513,7797593,484,F1,1,,,,,
10-09-2026,10-09-2026,CM,BSE,STK,544295,INE19RO25013,PSPLATINA,IF,,,,,Property Share Investment Trus,1098000,1098000,1098000,1098000,1098000,1085000,,1098000,,,1,1098000,1,F1,1,,,,,
10-09-2026,10-09-2026,CM,BSE,STK,544296,INE0DQN01013,NISUS,M,,,,,NISUS FINANCE SERVICES CO LIMI,156.35,158,155.65,157.15,157,157.95,,157.15,,,16000,2509420,37,F1,400,,,,,
10-09-2026,10-09-2026,CM,BSE,STK,544301,INE054301028,ODIGMA,B,,,,,Odigma Consultancy Solutions L,22.65,23,22.21,22.75,22.79,22.36,,22.33,,,1831,41354,129,F1,1,,,,,
10-09-2026,10-09-2026,CM,BSE,STK,544302,INE403Y01018,INNOVANA,B,,,,,Innovana Thinklabs Limited,305,314.65,300.1,308.45,308.45,302.75,,309.28,,,11868,3675729,129,F1,1,,,,,
10-09-2026,10-09-2026,CM,BSE,STK,544303,INE0XAY01012,TTC,M,,,,,TOSS THE COIN LIMITED,185.3,185.3,185.3,185.3,185.3,193.9,,185.3,,,300,55590,1,F1,300,,,,,
10-09-2026,10-09-2026,CM,BSE,STK,544304,INE0WCH01015,JUNGLECAMP,M,,,,,JUNGLE CAMPS INDIA LIMITED,38.05,42.79,38.05,40.75,41,42.79,,40.75,,,9600,386864,6,F1,1600,,,,,
10-09-2026,10-09-2026,CM,BSE,STK,544305,INE0HLU01028,MOBIKWIK,B,,,,,One Mobikwik Systems Limited,193.8,198.1,193,194.2,193.9,195.3,,194.67,,,35746,6979653,514,F1,1,,,,,
10-09-2026,10-09-2026,CM,BSE,STK,544306,INE570L01029,SAILIFE,A,,,,,Sai Life Sciences Limited,1679.85,1679.85,1587,1592.45,1595.6,1675.15,,1591.14,,,32793,53071871,2029,F1,1,,,,,
10-09-2026,10-09-2026,CM,BSE,STK,544307,INE01EA01019,VMM,A,,,,,Vishal Mega Mart Limited,103,103.3,102.5,103.3,103.3,103.45,,103.39,,,370875,38149544,3060,F1,1,,,,,
10-09-2026,10-09-2026,CM,BSE,STK,544308,INE168C01013,HILLTONE,X,,,,,Hilltone Software and Gases Lt,40.93,40.93,37.84,39.02,39.08,39.44,,39.02,,,1620,63941,23,F1,1,,,,,
10-09-2026,10-09-2026,CM,BSE,STK,544309,INE115Q01022,IKS,A,,,,,INVENTURUS KNOWLEDGE SOLUTIONS,1785.05,1800,1771.55,1780.75,1780,1791.25,,1783.66,,,2502,4477621,205,F1,1,,,,,
10-09-2026,10-09-2026,CM,BSE,STK,544310,INE00GK01023,YASHHV,M,,,,,Yash Highvoltage Limited,951.35,957,944,954.95,956.8,951.35,,954.95,,,32750,31161162,118,F1,250,,,,,
10-09-2026,10-09-2026,CM,BSE,STK,544311,INE0Q9301021,IGIL,A,,,,,International Gemological Inst,317,319.9,310.5,311.9,319.9,311.35,,311.21,,,9974,3133961,433,F1,1,,,,,
10-09-2026,10-09-2026,CM,BSE,STK,544313,INE0LB101011,NACDAC,M,,,,,NACDAC Infrastructure Limited,22.12,22.5,21.5,21.7,21.7,23.87,,21.7,,,76000,1661320,17,F1,4000,,,,,
10-09-2026,10-09-2026,CM,BSE,STK,544314,INE0JPD01013,SANATHAN,B,,,,,Sanathan Textiles Limited,473.55,490,473.55,480.75,480.15,480.75,,483.08,,,11206,5448192,451,F1,1,,,,,
10-09-2026,10-09-2026,CM,BSE,STK,544315,INE037Z01029,CEWATER,B,,,,,Concord Enviro Systems Limited,287.4,290,275.45,280,280,280.2,,279.94,,,110718,31031643,2142,F1,1,,,,,
10-09-2026,10-09-2026,CM,BSE,STK,544316,INE284H01025,DAMCAPITAL,B,,,,,DAM Capital Advisors Limited,144.8,145.55,142.45,142.65,142.65,144.8,,142.78,,,9904,1420210,169,F1,1,,,,,
10-09-2026,10-09-2026,CM,BSE,STK,544317,INE454P01035,TRANSRAILL,A,,,,,Transrail Lighting Limited,424.05,424.95,417.65,419.05,422.6,424.05,,419.19,,,39730,16705805,913,F1,1,,,,,
10-09-2026,10-09-2026,CM,BSE,STK,544318,INE0TO701015,MAMATA,B,,,,,MAMATA MACHINERY LIMITED,418,419.2,408.6,410,408.7,419.8,,409.5,,,8162,3371220,276,F1,1,,,,,
10-09-2026,10-09-2026,CM,BSE,STK,544319,INE0RB801010,SENORES,A,,,,,SENORES PHARMACEUTICALS LIMITE,1482.1,1489,1460,1462.6,1462.6,1488.85,,1463.09,,,6931,10245609,507,F1,1,,,,,
10-09-2026,10-09-2026,CM,BSE,STK,544320,INE0V7W01012,CARRARO,B,,,,,CARRARO INDIA LIMITED,538.1,562.8,530.2,553.1,552.35,539.5,,552.03,,,8021,4394830,427,F1,1,,,,,
10-09-2026,10-09-2026,CM,BSE,STK,544321,INE781S01027,VENTIVE,B,,,,,Ventive Hospitality Limited,570.55,573.15,553.85,569.7,570.6,570.6,,569.8,,,2653,1492453,144,F1,1,,,,,
10-09-2026,10-09-2026,CM,BSE,STK,544322,INE0U3I01011,UNIMECH,B,,,,,Unimech Aerospace and Manufact,1601.85,1601.85,1558,1570.2,1562,1585.9,,1568.17,,,10259,16138835,729,F1,1,,,,,
10-09-2026,10-09-2026,CM,BSE,STK,544323,INF769K01NS5,CONSUMER,B,,,,,Mirae Asset Mutual Fund,12.11,12.11,11.86,11.89,11.89,11.89,,11.88,,,8952,106429,29,F1,1,,,,,
10-09-2026,10-09-2026,CM,BSE,STK,544325,INE379A01028,ITCHOTELS,A,,,,,ITC Hotels Limited,156.25,156.65,153.95,154.1,154,155.25,,154.13,,,58701,9088755,1558,F1,1,,,,,
10-09-2026,10-09-2026,CM,BSE,STK,544326,INF754K01TX4,ECAPINSURE,B,,,,,Edelweiss Mutual Fund,23.44,23.49,23.31,23.45,23.45,23.44,,23.28,,,793,18545,16,F1,1,,,,,
10-09-2026,10-09-2026,CM,BSE,STK,544327,INE0ZHT01012,TECHNICHEM,M,,,,,TECHNICHEM ORGANICS LIMITED,52.1,52.17,52.1,52.17,52.17,49.69,,52.17,,,22000,1147600,11,F1,2000,,,,,
10-09-2026,10-09-2026,CM,BSE,STK,544328,INE622H01018,INDOFARM,B,,,,,INDO FARM EQUIPMENT LIMITED,142.45,143.8,139.65,140.1,139.65,144.15,,140.31,,,6349,897872,115,F1,1,,,,,
10-09-2026,10-09-2026,CM,BSE,STK,544329,INE0RH001011,VANDU,M,,,,,LEO DRYFRUITS & SPICES TRADING,62.26,62.55,62.25,62.25,62.25,63.9,,62.25,,,144000,8965700,44,F1,2000,,,,,
10-09-2026,10-09-2026,CM,BSE,STK,544330,INE0QQJ01021,PARMESHWAR,M,,,,,PARMESHWAR METAL LIMITED,334,342.85,331,342.85,342.85,311.7,,342.85,,,179000,60831250,152,F1,1000,,,,,
10-09-2026,10-09-2026,CM,BSE,STK,544331,INE0Q2L01013,DAVIN,M,,,,,Davin Sons Retail Limited,20.49,20.49,20.44,20.44,20.44,21,,20.44,,,8000,163620,3,F1,2000,,,,,
10-09-2026,10-09-2026,CM,BSE,STK,544332,INE0HSD01011,FABCLEAN,M,,,,,Fabtech Cleanrooms Limited,480,493.95,472.25,483,482.5,470,,483,,,44800,21774800,94,F1,400,,,,,
10-09-2026,10-09-2026,CM,BSE,STK,544333,INE0M4D01010,SETL,B,,,,,STANDARD ENGINEERING TECHNOLOG,445,445.85,438.1,445.85,445.85,424.65,,445.9,,,19352,8601865,146,F1,1,,,,,
10-09-2026,10-09-2026,CM,BSE,STK,544334,INE0FK501019,INDOBELL,MT,,,,,Indobell Insulations Limited,71.6,74,71.6,73.15,72.3,75.26,,73.15,,,10500,755947,14,F1,750,,,,,
10-09-2026,10-09-2026,CM,BSE,STK,544335,INE00ST01011,BRGIL,MT,,,,,B.R.GOYAL INFRASTRUCTURE LIMIT,183,192.5,180,185.05,186.05,183.35,,185.05,,,109000,20383600,82,F1,1000,,,,,
10-09-2026,10-09-2026,CM,BSE,STK,544336,INE0LRY01011,QUADFUTURE,B,,,,,Quadrant Future Tek Limited,436.05,446.4,429.5,435.75,436.45,440.75,,435.8,,,33400,14539984,788,F1,1,,,,,
10-09-2026,10-09-2026,CM,BSE,STK,544337,INE0NQ401024,AVAX,MT,,,,,Avax Apparels and Ornaments Li,33.51,33.51,33.3,33.3,33.3,35.05,,33.3,,,8000,267040,7,F1,1000,,,,,
10-09-2026,10-09-2026,CM,BSE,STK,544338,INE0Z8Z23013,CAPINVIT,IF,,,,,Capital Infra Trust,76.59,76.95,75.75,76.04,76.95,75.85,,76.66,,,13575,1032638,271,F1,1,,,,,
10-09-2026,10-09-2026,CM,BSE,STK,544339,INE0WO601020,LAXMIDENTL,B,,,,,Laxmi Dental Limited,201.55,204.5,200.85,202.65,203.05,200.4,,202.56,,,3987,809609,132,F1,1,,,,,
10-09-2026,10-09-2026,CM,BSE,STK,544340,INE0CFH01028,RIKHAV,M,,,,,Rikhav Securities Limited,44.5,46.75,44.5,46.75,46.75,44.7,,46.75,,,49600,2289136,25,F1,1600,,,,,
10-09-2026,10-09-2026,CM,BSE,STK,544341,INE12QA01010,LGLL,M,,,,,LANDMARK GLOBAL LEARNING LIMIT,11.04,11.05,10.1,10.1,10.1,10.53,,10.1,,,11200,121008,7,F1,1600,,,,,
10-09-2026,10-09-2026,CM,BSE,STK,544342,INE0RYC01010,STALLION,T,,,,,Stallion India Fluorochemicals,234.45,234.45,226,234.3,234.3,223.3,,234.26,,,98217,22859175,848,F1,1,,,,,
10-09-2026,10-09-2026,CM,BSE,STK,544343,INE0WXM01011,CNINFOTECH,M,,,,,CAPITALNUMBERS INFOTECH  LIMIT,81.7,81.89,80,80,80,80,,80,,,12400,997904,22,F1,400,,,,,
10-09-2026,10-09-2026,CM,BSE,STK,544344,INE526E01018,SHRIPISTON,A,,,,,SPR Auto Technologies Limited,4470,4514.25,4435,4442.85,4436,4501.95,,4447.25,,,1588,7103613,300,F1,1,,,,,
10-09-2026,10-09-2026,CM,BSE,STK,544345,INE0R4L01018,DENTA,B,,,,,Denta Water and Infra Solution,284.05,293.65,284.05,287.2,287.05,283.55,,287.43,,,11090,3196447,448,F1,1,,,,,
10-09-2026,10-09-2026,CM,BSE,STK,544346,INE0AK901016,RRECL,B,,,,,RDB Real Estate Constructions,132.9,132.9,125,126.35,125,132.9,,126.26,,,188,23830,6,F1,1,,,,,
10-09-2026,10-09-2026,CM,BSE,STK,544347,INE0WDX01010,CLN,MT,,,,,CLN ENERGY LIMITED,489.15,489.15,471,478.65,479,489,,478.65,,,1200,580610,6,F1,200,,,,,
10-09-2026,10-09-2026,CM,BSE,STK,544348,INE0RWU01016,GBLOGISTIC,M,,,,,GB Logistics Commerce Limited,24.21,24.79,23.9,23.9,23.9,25.09,,23.9,,,8400,202920,7,F1,1200,,,,,
10-09-2026,10-09-2026,CM,BSE,STK,544349,INE0DZD01015,HMEML,M,,,,,H.M. ELECTRO MECH LIMITED,49.21,50.75,49.2,49.25,49.2,50.5,,49.25,,,8000,396256,5,F1,1600,,,,,
10-09-2026,10-09-2026,CM,BSE,STK,544350,INE943P01029,AGARWALEYE,A,,,,,Dr. Agarwal's Health Care Limi,514.6,515.45,499.5,505.05,505.05,514.2,,508.23,,,11235,5726674,419,F1,1,,,,,
10-09-2026,10-09-2026,CM,BSE,STK,544351,INE0YON01014,MALPANI,M,,,,,MALPANI PIPES AND FITTINGS LIM,58,64.9,58,62.5,62.5,63,,62.5,,,4800,296640,3,F1,1600,,,,,
10-09-2026,10-09-2026,CM,BSE,STK,544352,INF740KA1VE5,NEXT30ADD,B,,,,,DSP BSE Sensex Next 30 ETF,42.64,43.01,42.17,42.8,43.01,42.7,,42.64,,,5,213,3,F1,1,,,,,
10-09-2026,10-09-2026,CM,BSE,STK,544353,INE0U2L01017,AMWILL,M,,,,,Amwill Health Care Limited,41.5,43.15,41.5,43,43,42.9,,43,,,6000,256380,4,F1,1200,,,,,
10-09-2026,10-09-2026,CM,BSE,STK,544354,INE0W0H01017,SOLARIUM,M,,,,,SOLARIUM GREEN ENERGY LIMITED,145.1,149.9,145,146.3,146.3,145,,146.3,,,7200,1059045,24,F1,300,,,,,
10-09-2026,10-09-2026,CM,BSE,STK,544355,INE03CC01015,JUBLCPL,B,,,,,Jubilant Agri and Consumer Pro,2185.75,2185.75,2093.95,2095.15,2105,2185.75,,2100.65,,,1081,2296230,99,F1,1,,,,,
10-09-2026,10-09-2026,CM,BSE,STK,544356,INE274Y01021,AJAXENGG,B,,,,,AJAX Engineering Limited,577.35,595,575.6,591.05,581,578.25,,589.66,,,7678,4495005,364,F1,1,,,,,
10-09-2026,10-09-2026,CM,BSE,STK,544361,INE0R8101016,COVANCE,XT,,,,,COVANCE SOFTSOL LIMITED,163.3,163.3,148,148,148,155.75,,148,,,2809,419714,110,F1,1,,,,,
10-09-2026,10-09-2026,CM,BSE,STK,544362,INE093A01041,HEXT,A,,,,,Hexaware Technologies Limited,510.8,514.35,501.5,503.35,502,510.8,,502.96,,,18015,9138571,867,F1,1,,,,,
10-09-2026,10-09-2026,CM,BSE,STK,544363,INF582M01KS4,UNIONGOLD,E,,,,,UNION MUTUAL FUND,151.73,151.73,149.56,150.4,150.4,148.75,,149.35,,,110,16482,6,F1,1,,,,,
10-09-2026,10-09-2026,CM,BSE,STK,544364,INE0O9T01021,BAJAJINDEF,B,,,,,Indef Manufacturing Limited,221.55,221.6,220,220.8,220.85,221.05,,221.02,,,267,59015,22,F1,1,,,,,
10-09-2026,10-09-2026,CM,BSE,STK,544365,INE0TD301017,SHANMUGA,M,,,,,SHANMUGA HOSPITAL LIMITED,45.99,50,45.99,49.55,49.3,45.99,,49.55,,,62000,3040240,29,F1,2000,,,,,
10-09-2026,10-09-2026,CM,BSE,STK,544367,INE0SII01026,QPOWER,B,,,,,QUALITY POWER ELECTRICAL EQUIP,1524.75,1524.75,1445,1460.1,1458.2,1517.25,,1458.28,,,15949,23671697,1080,F1,1,,,,,
10-09-2026,10-09-2026,CM,BSE,STK,544369,INE13VU01016,BEEZAASAN,MT,,,,,Beezaasan Explotech Limited,549.85,549.85,548,549.85,549.85,539.1,,549.85,,,11200,6152400,11,F1,800,,,,,
10-09-2026,10-09-2026,CM,BSE,STK,544371,INE0NR501012,VIKRAMAR,X,,,,,VIKRAM AROMA LIMITED,94,94,91.2,93,93,93.19,,93,,,4470,415362,57,F1,1,,,,,
10-09-2026,10-09-2026,CM,BSE,STK,544373,INE0VNH01014,NAPSGLOBAL,M,,,,,NAPS Global India Limited,58.5,58.5,55.21,56,56,62,,56,,,9600,538752,6,F1,1600,,,,,
10-09-2026,10-09-2026,CM,BSE,STK,544374,INE0JEI23010,ROADSTAR,IF,,,,,ROADSTAR INFRA INVESTMENT TRUS,62.5,62.5,62.5,62.5,62.5,63,,62.5,,,25000,1562500,1,F1,25000,,,,,
10-09-2026,10-09-2026,CM,BSE,STK,544375,INF579M01BB5,GOLD360,E,,,,,360 ONE Mutual Fund,148.01,149.89,148.01,148.15,148.5,148.79,,148.96,,,2824,421286,68,F1,1,,,,,
10-09-2026,10-09-2026,CM,BSE,STK,544376,INF769K01ON4,SELECTIPO,B,,,,,Mirae Asset Mutual Fund,48.52,48.6,48.49,48.5,48.49,48.52,,48.48,,,956,46440,8,F1,1,,,,,
10-09-2026,10-09-2026,CM,BSE,STK,544377,INF769K01OA1,EQUAL200,B,,,,,Mirae Asset Mutual Fund,13.67,13.68,13.63,13.64,13.63,13.71,,13.64,,,693,9465,14,F1,1,,,,,
10-09-2026,10-09-2026,CM,BSE,STK,544379,INE0I0M01023,PRABHA,B,,,,,Prabha Energy Limited,249.95,253.25,242.85,247.55,247.55,247.25,,247.57,,,18688,4628875,649,F1,1,,,,,
10-09-2026,10-09-2026,CM,BSE,STK,544381,INE16IQ01014,SUPERIRON,M,,,,,Super Iron Foundry Limited,37.7,37.7,37.7,37.7,37.7,37.7,,37.7,,,1200,45240,1,F1,1200,,,,,
10-09-2026,10-09-2026,CM,BSE,STK,544382,INF846KA1119,VALUEAXIS,B,,,,,Axis Mutual Fund,32.71,33.56,32.27,32.87,32.87,32.63,,32.54,,,12787,414226,12,F1,1,,,,,
10-09-2026,10-09-2026,CM,BSE,STK,544383,INE0SMW01011,PPARIVAH,MT,,,,,PARADEEP PARIVAHAN LIMITED,302.5,303,293.15,299.9,299.9,298.95,,299.9,,,9600,2881860,8,F1,1200,,,,,
10-09-2026,10-09-2026,CM,BSE,STK,544384,INF0R8F01091,SILVERCASE,E,,,,,Zerodha Mutual Fund,23.81,24,23.68,23.73,23.73,23.58,,23.72,,,193618,4622732,335,F1,1,,,,,
10-09-2026,10-09-2026,CM,BSE,STK,544385,INF200KB1712,SBIBPB,B,,,,,SBI Mutual Fund,48.95,49.37,48.58,48.85,48.99,48.77,,48.7,,,1171,57208,51,F1,1,,,,,
10-09-2026,10-09-2026,CM,BSE,STK,544386,INE01EO01010,SPECTRUM,T,,,,,Spectrum Electrical Industries,2867,2868.3,2867,2868.3,2868.3,2731.75,,2878.6,,,115051,305011244,10,F1,1,,,,,
10-09-2026,10-09-2026,CM,BSE,STK,544387,INE0TGG01014,DESCO,M,,,,,Desco Infratech Limited,153.9,161.25,151.5,161.25,161.25,153.6,,161.25,,,28500,4509175,50,F1,500,,,,,
10-09-2026,10-09-2026,CM,BSE,STK,544389,INF579M01BC3,SILVER360,E,,,,,360 ONE Mutual Fund,231.59,232.98,229.15,229.15,229.15,229.1,,230.29,,,4004,927737,56,F1,1,,,,,
10-09-2026,10-09-2026,CM,BSE,STK,544390,INE1NPP01017,ENRIN,A,,,,,Siemens Energy India Limited,3233.95,3233.95,3167.1,3180.5,3184,3179.8,,3179.15,,,7721,24608399,732,F1,1,,,,,
10-09-2026,10-09-2026,CM,BSE,STK,544391,INE0KWJ01014,RETAGGIO,M,,,,,Retaggio Industries Limited,50.1,52,50.1,52,52,50.5,,52,,,12000,607500,3,F1,3000,,,,,
10-09-2026,10-09-2026,CM,BSE,STK,544394,INF109K1A153,EVIETF,B,,,,,ICICI Prudential Mutual Fund,32.32,32.49,32.03,32.47,32.49,32.22,,32.14,,,3923,126295,40,F1,1,,,,,
10-09-2026,10-09-2026,CM,BSE,STK,544395,INE1VXE01018,STLNETWORK,B,,,,,STL Networks Limited,34.52,34.8,33.59,34.8,34.8,33.15,,34.86,,,508706,17531295,1605,F1,1,,,,,
10-09-2026,10-09-2026,CM,BSE,STK,544396,INE0FFK01017,NPST,B,,,,,Network People Services Techno,1681.3,1739,1681.3,1711.25,1718,1682.6,,1717.75,,,1097,1878806,108,F1,1,,,,,
10-09-2026,10-09-2026,CM,BSE,STK,544397,INE0LEZ01016,ATHERENERG,A,,,,,Ather Energy Limited,1600.05,1661.8,1600.05,1658.5,1658.5,1583,,1658.33,,,784452,1282858870,19548,F1,1,,,,,
10-09-2026,10-09-2026,CM,BSE,STK,544398,INE0AOG01018,KENRIK,M,,,,,Kenrik Industries Limited,13.07,13.07,12.07,13.07,13.07,12.45,,13.07,,,414000,5404860,38,F1,6000,,,,,
10-09-2026,10-09-2026,CM,BSE,STK,544399,INE0RJ901010,SRIGEE,M,,,,,SRIGEE DLM LIMITED,80,83,80,83,83,81.2,,83,,,8400,680484,5,F1,1200,,,,,
10-09-2026,10-09-2026,CM,BSE,STK,544400,INE0MV001018,MANOJJEWEL,M,,,,,Manoj Jewellers Limited,30.5,30.5,29,30.45,30.45,28.54,,30.45,,,30000,910560,13,F1,2000,,,,,
10-09-2026,10-09-2026,CM,BSE,STK,544401,INF769K01OO2,EQUAL50,B,,,,,Mirae Asset Mutual Fund,325,325,325,325,325,326.15,,324.87,,,41,13325,2,F1,1,,,,,
10-09-2026,10-09-2026,CM,BSE,STK,544402,INE039O01029,JASH,B,,,,,JASH ENGINEERING LIMITED,523.35,527.5,512.85,521.05,521.8,518.15,,521.42,,,14198,7412341,323,F1,1,,,,,
10-09-2026,10-09-2026,CM,BSE,STK,544403,INE14LE01019,ABLBL,A,,,,,Aditya Birla Lifestyle Brands,84.01,84.98,83.5,83.94,84.22,84.28,,84,,,47789,4025505,525,F1,1,,,,,
10-09-2026,10-09-2026,CM,BSE,STK,544404,INE16SF01016,BORANA,B,,,,,BORANA WEAVES LIMITED,318.55,322.4,316.95,317.1,316.95,315.05,,317.62,,,1193,379501,226,F1,1,,,,,
10-09-2026,10-09-2026,CM,BSE,STK,544405,INE894V01022,BELRISE,A,,,,,BELRISE INDUSTRIES LIMITED,228.95,230.1,227.1,228.45,228,228.4,,228.4,,,86114,19688380,1359,F1,1,,,,,
10-09-2026,10-09-2026,CM,BSE,STK,544406,INE1ABX01018,UNIFIED,M,,,,,UNIFIED DATA TECH SOLUTIONS LI,381.8,382,376.1,377.35,377.1,378.35,,377.35,,,31600,11946060,54,F1,400,,,,,
10-09-2026,10-09-2026,CM,BSE,STK,544407,INE0INX01018,AEGISVOPAK,A,,,,,AEGIS VOPAK TERMINALS LIMITED,299.95,300.85,289,291.15,292.45,297.45,,291.84,,,128061,38016528,708,F1,1,,,,,
10-09-2026,10-09-2026,CM,BSE,STK,544408,INE0AQ201015,THELEELA,A,,,,,Leela Palaces Hotels & Resorts,530,557.3,530,553.65,553.65,531.7,,554.13,,,25965,14208929,1226,F1,1,,,,,
10-09-2026,10-09-2026,CM,BSE,STK,544410,INE0BX301013,PROSTARM,B,,,,,PROSTARM INFO SYSTEMS LIMITED,136.6,138.35,133,134.6,134.6,135.35,,134.78,,,11398,1545198,421,F1,1,,,,,
10-09-2026,10-09-2026,CM,BSE,STK,544411,INE090501011,SCODATUBES,B,,,,,Scoda Tubes Limited,132.85,132.85,129,129.05,129,131.05,,129.21,,,4241,553797,100,F1,1,,,,,
10-09-2026,10-09-2026,CM,BSE,STK,544412,INE0TE101010,3BFILMS,M,,,,,3B FILMS LIMITED,14.16,14.16,14.16,14.16,14.16,13.49,,14.16,,,18000,254880,5,F1,3000,,,,,
10-09-2026,10-09-2026,CM,BSE,STK,544413,INE0U4701011,DIGITIDE,B,,,,,Digitide Solutions Limited,92.36,93.15,88,88.43,88.43,92.79,,88.28,,,22039,1991195,241,F1,1,,,,,
10-09-2026,10-09-2026,CM,BSE,STK,544414,INE0U4101014,BLUSPRING,B,,,,,Bluspring Enterprises Limited,130.6,139.9,129,138.05,139.9,130.5,,137.47,,,35706,4792604,426,F1,1,,,,,
10-09-2026,10-09-2026,CM,BSE,STK,544415,INF204KC1EZ3,SNXT30BEES,B,,,,,Nippon India Mutual Fund,42,42.71,41.95,42.52,42.52,42.5,,42.47,,,248,10578,8,F1,1,,,,,
10-09-2026,10-09-2026,CM,BSE,STK,544416,INE0GGO01015,KRISHIVAL,B,,,,,KRISHIVAL FOODS LIMITED,418.05,419,415.55,418.9,418.9,418.35,,418.15,,,906,378056,48,F1,1,,,,,
10-09-2026,10-09-2026,CM,BSE,STK,544418,INE0BYP01024,OSWALPUMPS,B,,,,,Oswal Pumps Limited,290,294,281.4,284.45,283.2,282.4,,283.63,,,43107,12381342,1132,F1,1,,,,,
10-09-2026,10-09-2026,CM,BSE,STK,544419,INE0H9P01028,ARIS,B,,,,,ArisInfra Solutions Limited,130,131.6,125.2,127,127.2,127.6,,126.98,,,94529,12176516,831,F1,1,,,,,
10-09-2026,10-09-2026,CM,BSE,STK,544420,INE1SY401010,RAYMONDREL,B,,,,,Raymond Realty Limited,573.15,580.15,567.45,571.45,568,580.9,,572.03,,,15956,9181426,746,F1,1,,,,,
10-09-2026,10-09-2026,CM,BSE,STK,544421,INE236E01022,ELLEN,B,,,,,ELLENBARRIE INDUSTRIAL GASES L,365,378.8,345.95,374.1,374.1,356.75,,373.54,,,223651,81454451,4142,F1,1,,,,,
10-09-2026,10-09-2026,CM,BSE,STK,544422,INE0ZDY01011,ABRFL,M,,,,,Abram Food Limited,38.85,38.85,38.85,38.85,38.85,38.48,,38.85,,,1200,46620,1,F1,1200,,,,,
10-09-2026,10-09-2026,CM,BSE,STK,544423,INE227J01012,KALPATARU,B,,,,,Kalpataru Limited,269.95,269.95,265.6,266.6,265.9,268.15,,267.39,,,2003,535050,93,F1,1,,,,,
10-09-2026,10-09-2026,CM,BSE,STK,544424,INE0V3U01015,GLOBECIVIL,B,,,,,GLOBE CIVIL PROJECTS LIMITED,45,45.64,44.5,45.18,45.18,45.7,,44.55,,,857,38602,30,F1,1,,,,,
10-09-2026,10-09-2026,CM,BSE,STK,544425,INE0XRR01010,AJCJEWEL,MT,,,,,AJC Jewel Manufacturers Limite,247.5,257.4,247.5,257.4,257.4,245.15,,257.4,,,10800,2744280,8,F1,1200,,,,,
10-09-2026,10-09-2026,CM,BSE,STK,544426,INE0Y0E01012,ICON,M,,,,,Icon Facilitators Limited,72.3,75.8,70.01,71.01,71.01,73.1,,71.01,,,6000,433944,5,F1,1200,,,,,
10-09-2026,10-09-2026,CM,BSE,STK,544427,INF109K1A344,TOP15IETF,B,,,,,ICICI Prudential Mutual Fund,9.58,10.05,9.52,9.69,9.54,9.63,,9.56,,,6104,58510,33,F1,1,,,,,
10-09-2026,10-09-2026,CM,BSE,STK,544428,INE0SC101013,SEVL,M,,,,,SUPERTECH EV LIMITED,35.49,35.49,35.48,35.49,35.49,35.49,,35.49,,,3600,127752,3,F1,1200,,,,,
10-09-2026,10-09-2026,CM,BSE,STK,544429,INE756I01012,HDBFS,A,,,,,HDB FINANCIAL SERVICES LIMITED,671.8,681.05,668.1,676.5,679.55,674.9,,677.68,,,72661,48763553,743,F1,1,,,,,
10-09-2026,10-09-2026,CM,BSE,STK,544430,INE12NJ01018,SAMBHV,B,,,,,SAMBHV STEEL TUBES LIMITED,130,135.65,130,132.7,132.7,130,,132.52,,,98556,13117347,773,F1,1,,,,,
10-09-2026,10-09-2026,CM,BSE,STK,544431,INE0S9X01011,ACEALPHA,M,,,,,Ace Alpha Tech Limited,132.5,134.5,132.5,134.5,134.5,132.3,,134.5,,,3000,399500,2,F1,1000,,,,,
10-09-2026,10-09-2026,CM,BSE,STK,544432,INE05J901018,IGCL,B,,,,,Indogulf Cropsciences Limited,72.84,73.02,72.1,72.1,72.68,72.7,,72.39,,,1695,123079,29,F1,1,,,,,
10-09-2026,10-09-2026,CM,BSE,STK,544433,INE130701019,VALINDIA,M,,,,,Valencia India Limited,18.95,18.95,18.95,18.95,18.95,19,,18.95,,,1200,22740,1,F1,1200,,,,,
10-09-2026,10-09-2026,CM,BSE,STK,544434,INE0UZO01024,NEETUYOSHI,MT,,,,,Neetu Yoshi Limited,200.55,207.5,198,206.65,204.45,197.65,,206.65,,,147200,30005760,166,F1,800,,,,,
10-09-2026,10-09-2026,CM,BSE,STK,544435,INE0W1601012,ADCOUNTY,M,,,,,ADCOUNTY MEDIA INDIA LIMITED,89,99.43,89,92.67,93.6,92.75,,92.67,,,90400,8665664,91,F1,800,,,,,
10-09-2026,10-09-2026,CM,BSE,STK,544438,INF769K01PB6,INTERNET,B,,,,,Mirae Asset Mutual Fund,14.63,14.65,14.59,14.62,14.64,14.65,,14.59,,,2752,40223,25,F1,1,,,,,
10-09-2026,10-09-2026,CM,BSE,STK,544439,INE0S4R01014,CRIZAC,B,,,,,CRIZAC LIMITED,178.6,181,174.4,179.4,178.5,176,,179.68,,,18810,3332517,359,F1,1,,,,,
10-09-2026,10-09-2026,CM,BSE,STK,544440,INE0TL001013,CRYOGENIC,MT,,,,,CRYOGENIC OGS LIMITED,387.05,387.05,387.05,387.05,387.05,379.5,,387.05,,,3750,1451437,2,F1,750,,,,,
10-09-2026,10-09-2026,CM,BSE,STK,544441,INE162901016,METAINFO,M,,,,,META INFOTECH LIMITED,86,86,81,82.75,83.5,82.63,,82.75,,,17600,1456744,21,F1,800,,,,,
10-09-2026,10-09-2026,CM,BSE,STK,544442,INE0VWL01017,CHEMKART,M,,,,,Chemkart India Limited,169.1,174.6,169.1,171.55,171.55,178,,171.55,,,7200,1230990,12,F1,600,,,,,
10-09-2026,10-09-2026,CM,BSE,STK,544443,INE103V01028,TRAVELFOOD,B,,,,,TRAVEL FOOD SERVICES LIMITED,1298,1298,1279,1285.7,1285,1298.3,,1285.9,,,1081,1392402,140,F1,1,,,,,
10-09-2026,10-09-2026,CM,BSE,STK,544444,INE0UMC01019,GLEN,MT,,,,,Glen Industries Limited,130,131.9,126.4,127.2,127.2,126,,127.2,,,36000,4644540,27,F1,1200,,,,,
10-09-2026,10-09-2026,CM,BSE,STK,544445,INE0SJX01015,APL,MT,,,,,ASSTON PHARMACEUTICALS LIMITED,109,111.95,107,107,107,108.2,,107,,,9000,974250,9,F1,1000,,,,,
10-09-2026,10-09-2026,CM,BSE,STK,544446,INE28GN01010,ADVENTHTL,B,,,,,Advent Hotels International Li,130.5,132.55,129.1,131.9,131.5,130.5,,132.37,,,5825,759168,173,F1,1,,,,,
10-09-2026,10-09-2026,CM,BSE,STK,544447,INE0NAZ01010,SMARTWORKS,B,,,,,SMARTWORKS COWORKING SPACES LI,547.15,547.2,531.8,537.6,544.85,547,,535.56,,,1131,609889,99,F1,1,,,,,
10-09-2026,10-09-2026,CM,BSE,STK,544448,INE124Y01028,PASHUPATI,B,,,,,Pashupati Cotspin Limited,82.39,85.86,80.12,80.32,80.26,80.56,,80.25,,,19759,1628165,543,F1,1,,,,,
10-09-2026,10-09-2026,CM,BSE,STK,544449,INE0CZ201020,ANTHEM,A,,,,,Anthem Biosciences Limited,945,959,938.25,941.7,941.7,943.6,,942.24,,,253881,242321147,7091,F1,1,,,,,
10-09-2026,10-09-2026,CM,BSE,STK,544450,INE0TGX01019,CHEMBONDCH,T,,,,,CHEMBOND CHEMICALS  LIMITED,246.05,256.9,246.05,251.15,250,253.5,,250.31,,,1324,330953,28,F1,1,,,,,
10-09-2026,10-09-2026,CM,BSE,STK,544451,INE0LCG01010,MONIKA,M,,,,,MONIKA ALCOBEV LIMITED,150.25,152.6,150.2,152.6,152.6,153,,152.6,,,1600,242240,4,F1,400,,,,,
10-09-2026,10-09-2026,CM,BSE,STK,544452,INE0PTF01017,SWASTIKAAL,MT,,,,,Swastika Castal Limited,127.1,127.1,126.35,126.35,126.35,132.95,,126.35,,,8000,1012300,4,F1,2000,,,,,
10-09-2026,10-09-2026,CM,BSE,STK,544453,INE0V0L01028,MSECL,M,,,,,Monarch Surveyors and Engineer,301.6,307,295.5,300,300,301.6,,300,,,10800,3240060,14,F1,600,,,,,
10-09-2026,10-09-2026,CM,BSE,STK,544454,INE06ST01018,INDIQUBE,B,,,,,INDIQUBE SPACES LIMITED,205.05,205.5,200.35,203.85,203.75,205,,205.4,,,2266,458827,78,F1,1,,,,,
10-09-2026,10-09-2026,CM,BSE,STK,544455,INE18JU01028,EBGNG,B,,,,,GNG Electronics Limited,687.75,704.55,663.55,676.35,676.35,675.5,,677.94,,,66027,45258048,2115,F1,1,,,,,
10-09-2026,10-09-2026,CM,BSE,STK,544456,INE219Y01026,RMDRIP,T,,,,,R M DRIP AND SPRINKLERS SYSTEM,24.6,24.75,23,23.27,24,23.91,,23.32,,,62875,1501461,253,F1,1,,,,,
10-09-2026,10-09-2026,CM,BSE,STK,544457,INE03NU01014,BRIGHOTEL,B,,,,,Brigade Hotel Ventures Limited,56.31,56.87,55.91,56.29,56.55,56.39,,56.36,,,10783,606562,159,F1,1,,,,,
10-09-2026,10-09-2026,CM,BSE,STK,544458,INE0FMZ01045,SHREEREF,M,,,,,SHREE REFRIGERATIONS LIMITED,405.1,415,400,403.9,405,404.45,,403.9,,,231500,94354150,396,F1,500,,,,,
10-09-2026,10-09-2026,CM,BSE,STK,544459,INE06ZD01017,SHANTIGOLD,B,,,,,SHANTI GOLD INTERNATIONAL LIMI,261.5,264.05,255,257.2,258.1,261.2,,257.28,,,102194,26632284,938,F1,1,,,,,
10-09-2026,10-09-2026,CM,BSE,STK,544460,INE161701011,PATELCHEM,MT,,,,,PATEL CHEM SPECIALITIES LIMITE,107.55,110.25,107.05,108.5,108,110.75,,108.5,,,19200,2074400,12,F1,1600,,,,,
10-09-2026,10-09-2026,CM,BSE,STK,544461,INE505V01016,EUROBOND,B,,,,,Euro Panel Products Limited,145.3,148.05,145,145.6,145.6,150.25,,150,,,35,5146,9,F1,1,,,,,
10-09-2026,10-09-2026,CM,BSE,STK,544463,INE15WN01014,REPONO,MT,,,,,REPONO LIMITED,78,78.98,78,78.98,78.98,78,,78.98,,,3600,281976,3,F1,1200,,,,,
10-09-2026,10-09-2026,CM,BSE,STK,544464,INE1P1A01018,UML,M,,,,,Umiya Mobile Limited,58.01,58.01,49.99,57,57,59.99,,57,,,286000,15282240,74,F1,2000,,,,,
10-09-2026,10-09-2026,CM,BSE,STK,544465,INE06WU01026,LAXMIINDIA,B,,,,,LAXMI INDIA FINANCE LIMITED,132,134.4,127,128,128.25,132.35,,127.89,,,19115,2511398,305,F1,1,,,,,
10-09-2026,10-09-2026,CM,BSE,STK,544466,INE819V01029,CPPLUS,A,,,,,Aditya Infotech Limited,3698.5,3880,3663.7,3828.15,3828.15,3743.15,,3829.08,,,8131,30641777,1247,F1,1,,,,,
10-09-2026,10-09-2026,CM,BSE,STK,544467,INE301O01023,NSDL,A,,,,,National Securities Depository,809.9,810,804,805.65,805.65,810.2,,805.65,,,295698,238410486,18482,F1,1,,,,,
10-09-2026,10-09-2026,CM,BSE,STK,544468,INE1LJ801017,BDI,M,,,,,B. D. Industries (Pune) Limite,110,110,110,110,110,107,,110,,,1200,132000,1,F1,1200,,,,,
10-09-2026,10-09-2026,CM,BSE,STK,544469,INE0V9Q01010,LOTUSDEV,T,,,,,Sri Lotus Developers and Realt,196.8,207,192.25,207,207,197.15,,207.87,,,378343,78264177,456,F1,1,,,,,
10-09-2026,10-09-2026,CM,BSE,STK,544470,INE08N601015,MBEL,B,,,,,M & B ENGINEERING LIMITED,262.05,266.5,257.6,259.7,259.15,265.9,,259.35,,,7744,2022443,283,F1,1,,,,,
10-09-2026,10-09-2026,CM,BSE,STK,544471,INE14OX01013,TAKYON,M,,,,,TAKYON NETWORKS LIMITED,17.35,17.5,17.35,17.5,17.5,17.27,,17.5,,,4000,69700,2,F1,2000,,,,,
10-09-2026,10-09-2026,CM,BSE,STK,544473,INF666M01LM6,GROWWPOWER,B,,,,,Groww Mutual Fund,11.7,11.7,11.31,11.36,11.35,11.47,,11.36,,,82406,938340,266,F1,1,,,,,
10-09-2026,10-09-2026,CM,BSE,STK,544475,INE1IBY01019,ESSEX,M,,,,,ESSEX MARINE LIMITED,50,52.5,50,52,52.5,52.64,,52,,,12000,612000,6,F1,2000,,,,,
10-09-2026,10-09-2026,CM,BSE,STK,544476,INE0J5801029,JSLL,A,,,,,Jeena Sikho Lifecare Limited,509.9,535,505.6,517.85,520.05,505.9,,518.28,,,33852,17738829,897,F1,1,,,,,
10-09-2026,10-09-2026,CM,BSE,STK,544477,INE00RL01028,HILINFRA,B,,,,,Highway Infrastructure Limited,43.48,43.56,42.51,42.77,42.9,43.22,,42.6,,,4792,205544,116,F1,1,,,,,
10-09-2026,10-09-2026,CM,BSE,STK,544478,INF200KB1969,SBILIQETF,F,,,,,SBI Mutual Fund,1055.27,1055.27,1055.27,1055.27,1055.27,1055.04,,1055.27,,,9,9497,1,F1,1,,,,,
10-09-2026,10-09-2026,CM,BSE,STK,544479,INE0GV601021,ALLTIME,B,,,,,ALL TIME PLASTICS LIMITED,213.9,214.05,209.95,209.95,209.95,212.9,,210.15,,,1096,231290,39,F1,1,,,,,
10-09-2026,10-09-2026,CM,BSE,STK,544480,INE718I01012,JSWCEMENT,A,,,,,JSW CEMENT LIMITED,120.15,121.25,120.15,120.75,120.9,120.85,,120.77,,,75543,9123130,1020,F1,1,,,,,
10-09-2026,10-09-2026,CM,BSE,STK,544481,INE1JAR25012,KRT,IF,,,,,KNOWLEDGE REALTY TRUST,113.3,113.73,112.65,112.73,113.04,113.32,,112.63,,,16897,1910547,358,F1,1,,,,,
10-09-2026,10-09-2026,CM,BSE,STK,544482,INE0YG001013,STARIMAGIN,M,,,,,STAR IMAGING AND PATH LAB LIMI,82.1,83,79,81,81,82.24,,81,,,33000,2670960,26,F1,1000,,,,,
10-09-2026,10-09-2026,CM,BSE,STK,544483,INE111601014,ICODEX,M,,,,,ICODEX PUBLISHING SOLUTIONS LI,38.9,40,37.11,38.74,39.49,36.43,,38.74,,,34800,1352376,27,F1,1200,,,,,
10-09-2026,10-09-2026,CM,BSE,STK,544484,INE304W01038,BLUESTONE,A,,,,,BlueStone Jewellery and Lifest,876.05,876.05,850,854.95,854.95,872.05,,855.14,,,23078,19910658,651,F1,1,,,,,
10-09-2026,10-09-2026,CM,BSE,STK,544485,INE0MHO01029,REGAAL,B,,,,,REGAAL RESOURCES LIMITED,89,89,85.74,85.87,85.74,85.56,,85.74,,,10854,935100,205,F1,1,,,,,
10-09-2026,10-09-2026,CM,BSE,STK,544486,INF0R8F01133,LTGILTCASE,F,,,,,Zerodha Mutual Fund,30.43,30.45,30.39,30.39,30.45,30.45,,30.4,,,14020,426111,11,F1,1,,,,,
10-09-2026,10-09-2026,CM,BSE,STK,544487,INE0R8B01010,PATELRMART,B,,,,,PATEL RETAIL LIMITED,215.5,216.85,211.15,212.05,211.15,214.65,,211.91,,,2359,503776,113,F1,1,,,,,
10-09-2026,10-09-2026,CM,BSE,STK,544488,INE078V01014,VIKRAMSOLR,A,,,,,Vikram Solar Limited,167,168.3,165,165.5,165,166.6,,165.6,,,108484,18067932,1258,F1,1,,,,,
10-09-2026,10-09-2026,CM,BSE,STK,544489,INE191201016,LGT,M,,,,,LGT GLOBAL HOSPITALITY LIMITED,42.8,42.8,40.9,40.9,40.9,40,,40.9,,,4800,199740,4,F1,1200,,,,,
10-09-2026,10-09-2026,CM,BSE,STK,544490,INE1B6101010,SHREEJISPG,B,,,,,Shreeji Shipping Global Limite,728,728,705,712.55,712.1,712.65,,713.1,,,9193,6556421,302,F1,1,,,,,
10-09-2026,10-09-2026,CM,BSE,STK,544491,INE06XZ01023,GEMAROMA,B,,,,,Gem Aromatics Limited,165,173.1,164.2,166.2,166.2,164.7,,165.25,,,15803,2662209,310,F1,1,,,,,
10-09-2026,10-09-2026,CM,BSE,STK,544492,INE0PKD01011,MEIL,B,,,,,MANGAL ELECTRICAL INDUSTRIES L,282.65,285,279,280.25,279,284.05,,280.2,,,3107,874510,116,F1,1,,,,,
10-09-2026,10-09-2026,CM,BSE,STK,544493,INF204KC1GH6,MANUFGBEES,B,,,,,Nippon India Mutual Fund,165.98,165.98,160.81,162.85,162.85,164.95,,162.22,,,339,54954,19,F1,1,,,,,
10-09-2026,10-09-2026,CM,BSE,STK,544494,INE12P601017,GLOBTIER,MT,,,,,Globtier Infotech limited,16.7,16.7,16,16.15,16.15,16.5,,16.15,,,8000,129360,5,F1,1600,,,,,
10-09-2026,10-09-2026,CM,BSE,STK,544496,INE01R501028,VIKRAN,B,,,,,Vikran Engineering Limited,58.6,59.05,57.42,57.62,57.96,58.48,,57.64,,,63803,3707780,619,F1,1,,,,,
10-09-2026,10-09-2026,CM,BSE,STK,544497,INE0Y8W01025,AHCL,B,,,,,ANLON HEALTHCARE LIMITED,16.44,18,16.05,17.56,17.56,16.29,,17.54,,,1775071,30261833,2134,F1,1,,,,,
10-09-2026,10-09-2026,CM,BSE,STK,544498,INE0RTI01017,OVAL,M,,,,,OVAL PROJECTS ENGINEERING LIMI,49,49,48.55,48.55,48.55,48.9,,48.55,,,6400,312480,4,F1,1600,,,,,
10-09-2026,10-09-2026,CM,BSE,STK,544499,INE0P6P01016,CPEDU,B,,,,,Career Point Edutech Limited,190.05,190.05,176.45,176.45,176.45,190.05,,185.58,,,46,8619,31,F1,1,,,,,
10-09-2026,10-09-2026,CM,BSE,STK,544501,INE0XX801016,SUGSLLOYD,M,,,,,SUGS LLOYD LIMITED,246,275.8,241.3,269.8,273,235,,269.8,,,194000,50217950,184,F1,1000,,,,,
10-09-2026,10-09-2026,CM,BSE,STK,544502,INE084K01015,AMANTA,T,,,,,Amanta Healthcare Limited,205,205,202.55,202.55,202.55,206.65,,202.55,,,11801,2404823,62,F1,1,,,,,
10-09-2026,10-09-2026,CM,BSE,STK,544503,INE0ZN101029,RACHIT,M,,,,,Rachit Prints Limited,209,209,200,200,200,194.15,,200,,,5000,1009000,5,F1,1000,,,,,
10-09-2026,10-09-2026,CM,BSE,STK,544504,INE0ZOM01013,GOELCONS,MT,,,,,GOEL CONSTRUCTION COMPANY LIMI,418.05,440,398.25,399.4,398.4,419.1,,399.4,,,25200,10145580,22,F1,400,,,,,
10-09-2026,10-09-2026,CM,BSE,STK,544505,INE104201012,AUSTERE,M,,,,,AUSTERE SYSTEMS LIMITED,41.5,42,41,41.8,41.8,41.5,,41.8,,,10000,414600,5,F1,2000,,,,,
10-09-2026,10-09-2026,CM,BSE,STK,544506,INE0UJF01018,SHARVAYA,MT,,,,,SHARVAYA METALS LIMITED,151,151.5,144,146,146,145,,146,,,10200,1520550,16,F1,600,,,,,
10-09-2026,10-09-2026,CM,BSE,STK,544507,INF0R8F01141,SML100CASE,B,,,,,Zerodha Mutual Fund,11.64,11.64,11.25,11.35,11.53,11.43,,11.32,,,77824,886006,220,F1,1,,,,,
10-09-2026,10-09-2026,CM,BSE,STK,544509,INE0XZB01017,KRUPALU,M,,,,,Krupalu Metals Limited,30,30,29.8,29.9,29.8,30,,29.9,,,16000,479200,10,F1,1600,,,,,
10-09-2026,10-09-2026,CM,BSE,STK,544510,INE346R01013,NCML,M,,,,,NILACHAL CARBO METALICKS LIMIT,123.1,136,123.1,133.26,136,124.7,,133.26,,,22400,2912560,13,F1,1600,,,,,
10-09-2026,10-09-2026,CM,BSE,STK,544511,INE0V8A01016,KARBON,M,,,,,Karbonsteel Engineering Limite,102,111.9,102,109,109,102.5,,109,,,75200,8143840,68,F1,800,,,,,
10-09-2026,10-09-2026,CM,BSE,STK,544512,INE1B3L01017,SHRINGARMS,B,,,,,SHRINGAR HOUSE OF MANGALSUTRA,219.95,219.95,216.05,216.15,216.05,218.7,,216.79,,,5168,1126379,97,F1,1,,,,,
10-09-2026,10-09-2026,CM,BSE,STK,544513,INE0VOV01021,DEVX,B,,,,,Dev Accelerator Limited,33.14,33.8,33,33,33,33.45,,32.99,,,1628,53804,18,F1,1,,,,,
10-09-2026,10-09-2026,CM,BSE,STK,544514,INE1DRH01011,CITYSQUARE,MT,,,,,JAY AMBE SUPERMARKETS LIMITED,146.15,161.45,146.15,161.45,161.45,153.8,,161.45,,,5600,842040,7,F1,800,,,,,
10-09-2026,10-09-2026,CM,BSE,STK,544515,INE0CAZ01013,URBANCO,A,,,,,Urban Company Limited,171.7,172.9,163.65,164.5,164.5,171.55,,164.56,,,322467,54180595,2812,F1,1,,,,,
10-09-2026,10-09-2026,CM,BSE,STK,544516,INE0XBS01012,AIRFLOA,M,,,,,AIRFLOA RAIL TECHNOLOGY LIMITE,574.5,592.9,500,540.3,535.05,573.6,,540.3,,,155500,86196900,278,F1,500,,,,,
10-09-2026,10-09-2026,CM,BSE,STK,544517,INE24OJ01011,BUILDPRO,B,,,,,Shankara Buildpro Limited,1305,1359.9,1264.25,1270,1267.45,1300.4,,1272.15,,,3829,5009256,401,F1,1,,,,,
10-09-2026,10-09-2026,CM,BSE,STK,544518,INE0TJ801010,LTELEVATOR,MT,,,,,L. T. ELEVATOR LIMITED,380.4,380.4,368,371.45,372,362.3,,371.45,,,221600,83918520,155,F1,800,,,,,
10-09-2026,10-09-2026,CM,BSE,STK,544519,INE198501012,EUROPRATIK,B,,,,,EURO PRATIK SALES LIMITED,254.8,256.5,244.7,247.9,245.9,254.1,,247.75,,,3337,846820,108,F1,1,,,,,
10-09-2026,10-09-2026,CM,BSE,STK,544521,INE0SJA01013,VMSTMT,B,,,,,VMS TMT LIMITED,44.16,44.45,44,44.07,44.04,44.16,,44.09,,,1625,71765,34,F1,1,,,,,
10-09-2026,10-09-2026,CM,BSE,STK,544522,INE08PH01015,ABCOTS,B,,,,,A B Cotspin India Limited,220,220,199.95,205.9,205.9,207.7,,205.55,,,3441,703509,52,F1,1,,,,,
10-09-2026,10-09-2026,CM,BSE,STK,544523,INE056801025,IVALUE,B,,,,,IVALUE INFOSOLUTIONS LIMITED,235.95,236.1,226.2,226.65,227.95,233.3,,226.62,,,8831,2026511,398,F1,1,,,,,
10-09-2026,10-09-2026,CM,BSE,STK,544524,INE14VP01014,JDCABLES,M,,,,,JD CABLES LIMITED,205.5,206.85,199.5,200.35,199.5,198.65,,200.35,,,47200,9573440,59,F1,800,,,,,
10-09-2026,10-09-2026,CM,BSE,STK,544525,INE1AG301022,GKENERGY,B,,,,,GK ENERGY LIMITED,132.45,132.45,127.65,128.1,128.2,127.35,,128.02,,,40020,5164701,366,F1,1,,,,,
10-09-2026,10-09-2026,CM,BSE,STK,544526,INE13B501022,SAATVIKGL,B,,,,,Saatvik Green Energy Limited,417,417,400.15,401.95,401.3,415.55,,402.05,,,6883,2804593,326,F1,1,,,,,
10-09-2026,10-09-2026,CM,BSE,STK,544527,INE0Z4F01028,ATLANTAELE,B,,,,,Atlanta Electricals Limited,1843.05,1853.35,1800,1805.5,1805.6,1847.15,,1805.4,,,4428,8047686,431,F1,1,,,,,
10-09-2026,10-09-2026,CM,BSE,STK,544528,INE652V01016,GANESHCP,B,,,,,Ganesh Consumer Products Limit,168.85,169.8,166.25,167.75,166.95,167.75,,167.52,,,159390,26933923,314,F1,1,,,,,
10-09-2026,10-09-2026,CM,BSE,STK,544529,INE15XJ01010,APPL,MT,,,,,Aptus Pharma Limited,341.7,341.7,333.2,333.25,333.25,340,,333.25,,,21600,7251640,43,F1,400,,,,,
10-09-2026,10-09-2026,CM,BSE,STK,544530,INE549H01021,ARSSBL,B,,,,,ANAND RATHI SHARE AND STOCK BR,505.55,509.35,501,502.6,507.55,505.7,,502.07,,,6245,3150745,277,F1,1,,,,,
10-09-2026,10-09-2026,CM,BSE,STK,544531,INE1LDV01015,TRUECOLORS,M,,,,,TRUE COLORS LIMITED,150,150.7,149,150,150,150.75,,150,,,47400,7094760,24,F1,600,,,,,
10-09-2026,10-09-2026,CM,BSE,STK,544532,INE0TY101024,SOLARWORLD,B,,,,,Solarworld Energy Solutions Li,145.8,146,140.75,141.1,140.75,145.6,,140.99,,,19247,2726973,558,F1,1,,,,,
10-09-2026,10-09-2026,CM,BSE,STK,544533,INE04VU01023,STYL,B,,,,,Seshaasai Technologies Limited,394.95,394.95,382.85,385.65,383.3,388.55,,385.89,,,2861,1109013,262,F1,1,,,,,
10-09-2026,10-09-2026,CM,BSE,STK,544534,INE00YJ01010,JARO,B,,,,,Jaro Institute of Technology M,437,465.1,432.85,455.9,454.5,438.6,,456.24,,,13038,5776638,419,F1,1,,,,,
10-09-2026,10-09-2026,CM,BSE,STK,544535,INE0QMV01017,BHARATROHAN,M,,,,,BHARATROHAN AIRBORNE INNOVATIO,122,122,120,121,121,122,,121,,,6400,770920,8,F1,800,,,,,
10-09-2026,10-09-2026,CM,BSE,STK,544536,INE658T01017,WEALTH,B,,,,,Wealth First Portfolio Manager,852.45,852.45,830,835,835,854.95,,839.16,,,30,25331,7,F1,1,,,,,
10-09-2026,10-09-2026,CM,BSE,STK,544537,INE0YD401026,JAINREC,B,,,,,Jain Resource Recycling Limite,297.55,298.65,290,291.6,291.25,295.7,,291.45,,,27873,8193207,496,F1,1,,,,,
10-09-2026,10-09-2026,CM,BSE,STK,544538,INE0TI501017,PRARUH,MT,,,,,PRARUH TECHNOLOGIES LIMITED,128,131,124,125,125,130.5,,125,,,32000,4109000,12,F1,2000,,,,,
10-09-2026,10-09-2026,CM,BSE,STK,544540,INE0MLS01022,EPACKPEB,B,,,,,Epack Prefab Technologies Limi,249.75,249.75,238.25,238.95,239,248,,239.03,,,36104,8768867,614,F1,1,,,,,
10-09-2026,10-09-2026,CM,BSE,STK,544541,INE1KLZ01011,SYSTEMATIC,M,,,,,SYSTEMATIC INDUSTRIES LIMITED,279.1,296,275,277.15,280,276.35,,277.15,,,210000,59717640,299,F1,600,,,,,
10-09-2026,10-09-2026,CM,BSE,STK,544543,INE965W01036,BMWVENTLTD,B,,,,,BMW VENTURES LIMITED,55.49,55.49,54.21,54.6,54.48,54.14,,54.59,,,1174,64116,32,F1,1,,,,,
10-09-2026,10-09-2026,CM,BSE,STK,544544,INE0SRP01014,TELGE,MT,,,,,TELGE PROJECTS LIMITED,220,226.95,220,226.95,226.95,231.5,,226.95,,,12000,2648640,9,F1,1200,,,,,
10-09-2026,10-09-2026,CM,BSE,STK,544545,INE0MWH01014,TRUALT,B,,,,,TRUALT BIOENERGY LIMITED,425.05,425.05,414.15,418.7,418.65,420.5,,419.64,,,5099,2133489,119,F1,1,,,,,
10-09-2026,10-09-2026,CM,BSE,STK,544546,INE1B4801017,CHTR,M,,,,,Chatterbox Technologies Limite,38.9,39,38.9,39,39,39,,39,,,3600,140160,3,F1,1200,,,,,
10-09-2026,10-09-2026,CM,BSE,STK,544547,INE1FF001016,JKIPL,B,,,,,Jinkushal Industries Limited,92.4,92.6,89.9,90.55,90.55,94.6,,91.57,,,7136,657862,55,F1,1,,,,,
10-09-2026,10-09-2026,CM,BSE,STK,544548,INE0SIK01014,GPAPL,M,,,,,GUJARAT PEANUT AND AGRI PRODUC,74,74,74,74,74,76.2,,74,,,1600,118400,1,F1,1600,,,,,
10-09-2026,10-09-2026,CM,BSE,STK,544549,INE1A8F01035,EARKART,M,,,,,EARKART LIMITED,118,139,118,138,138,122.05,,138,,,7000,937350,7,F1,1000,,,,,
10-09-2026,10-09-2026,CM,BSE,STK,544550,INE0S3G01027,PACEDIGITK,B,,,,,Pace Digitek Limited,159.2,161.8,158.35,158.7,159.45,161.15,,158.97,,,38566,6156452,623,F1,1,,,,,
10-09-2026,10-09-2026,CM,BSE,STK,544551,INE18PB01017,BHAVIK,M,,,,,BHAVIK ENTERPRISES LIMITED,145,147,145,147,147,147,,147,,,2000,292000,2,F1,1000,,,,,
10-09-2026,10-09-2026,CM,BSE,STK,544553,INE1PJP01015,MPKSTEELS,M,,,,,M P K STEELS (I) LIMITED,97,97,95,95,95,95.2,,95,,,1600,153600,2,F1,800,,,,,
10-09-2026,10-09-2026,CM,BSE,STK,544554,INE163701019,KVSCASTING,MT,,,,,KVS Castings Limited,90,92.49,89.8,92,92,90.72,,92,,,60000,5499160,17,F1,2000,,,,,
10-09-2026,10-09-2026,CM,BSE,STK,544555,INE14QA01016,AMEENJI,MT,,,,,AMEENJI RUBBER LIMITED,212.55,223.8,212.5,214.15,214.15,216.95,,214.15,,,15600,3354720,12,F1,1200,,,,,
10-09-2026,10-09-2026,CM,BSE,STK,544556,INE0SPJ01011,DHILLON,M,,,,,Dhillon Freight Carrier Limite,31.6,33.25,31.6,33.25,33.25,29,,33.25,,,3200,103760,2,F1,1600,,,,,
10-09-2026,10-09-2026,CM,BSE,STK,544557,INE0TQE01026,GLOTTIS,B,,,,,Glottis Limited,59.49,60.44,58.35,58.42,58.35,59,,58.72,,,1583,94302,125,F1,1,,,,,
10-09-2026,10-09-2026,CM,BSE,STK,544558,INE0HF201011,FABTECH,B,,,,,Fabtech Technologies Limited,150.1,154.7,147,147.8,148.2,147.55,,147.44,,,16206,2435685,268,F1,1,,,,,
10-09-2026,10-09-2026,CM,BSE,STK,544559,INE0R8Q01018,OML,MT,,,,,OM METALLOGIC LIMITED,27.7,30.29,27.62,30.29,30.29,29.07,,30.29,,,6400,181296,4,F1,1600,,,,,
10-09-2026,10-09-2026,CM,BSE,STK,544560,INE0QU501030,SODHACAP,M,,,,,SODHANI CAPITAL LIMITED,71,71.25,70.05,70.05,70.05,69,,70.05,,,8000,567100,4,F1,2000,,,,,
10-09-2026,10-09-2026,CM,BSE,STK,544561,INE12P101018,CHIRAHARIT,M,,,,,Chiraharit Limited,10,10.64,9.2,10.03,9.2,10.05,,10.03,,,36000,360840,6,F1,6000,,,,,
10-09-2026,10-09-2026,CM,BSE,STK,544562,INE1B0W01010,ADVANCE,B,,,,,Advance Agrolife Limited,111.95,123,111.95,119.25,119.85,114.2,,119.03,,,24443,2924481,362,F1,1,,,,,
10-09-2026,10-09-2026,CM,BSE,STK,544563,INE1B3501014,ZELIO,MT,,,,,Zelio E Mobility Limited,812,834,812,829,829,827.35,,829,,,13000,10639700,22,F1,500,,,,,
10-09-2026,10-09-2026,CM,BSE,STK,544565,INE0QP701017,VALPLAST,M,,,,,Valplast Technologies Limited,37,37,37,37,37,36.5,,37,,,2000,74000,1,F1,2000,,,,,
10-09-2026,10-09-2026,CM,BSE,STK,544566,INE10CM01027,SUNSKY,M,,,,,Sunsky Logistics Limited,38.5,38.5,38.49,38.49,38.49,35,,38.49,,,3000,115485,2,F1,1500,,,,,
10-09-2026,10-09-2026,CM,BSE,STK,544567,INE16XA01017,INFINITY,M,,,,,Infinity Infoway Limited,534,539,534,539,539,530,,539,,,2400,1283620,6,F1,400,,,,,
10-09-2026,10-09-2026,CM,BSE,STK,544568,INE0SUM01015,ZAPPFRESH,M,,,,,DSM Fresh Foods Limited,63.5,63.89,62.9,63.57,63.65,63.89,,63.57,,,27600,1750512,21,F1,1200,,,,,
10-09-2026,10-09-2026,CM,BSE,STK,544569,INE1TAE01010,TMCV,B,,,,,Tata Motors Limited,444,445.15,437.2,439.45,440.2,444.75,,439.26,,,213018,94061557,4440,F1,1,,,,,
10-09-2026,10-09-2026,CM,BSE,STK,544570,INE085001019,WEWORK,B,,,,,WeWork India Management Limite,673.2,685.6,668.4,675.75,673.1,674.5,,676.94,,,5491,3720581,294,F1,1,,,,,
10-09-2026,10-09-2026,CM,BSE,STK,544571,INE0SLP01017,NSBBPO,M,,,,,NSB BPO Solutions Limited,59.2,59.2,59.2,59.2,59.2,59.4,,59.2,,,1000,59200,1,F1,1000,,,,,
10-09-2026,10-09-2026,CM,BSE,STK,544572,INE2J8701016,SKFINDUS,B,,,,,SKF INDIA (INDUSTRIAL) LIMITED,2978.05,3000,2903.35,2932.85,2955,2968.2,,2935.28,,,7967,23676444,1341,F1,1,,,,,
10-09-2026,10-09-2026,CM,BSE,STK,544574,INE976I01016,TATACAP,A,,,,,Tata Capital Limited,362.9,365.15,360.75,362.95,363.2,362.95,,363.15,,,29081,10557263,766,F1,1,,,,,
10-09-2026,10-09-2026,CM,BSE,STK,544575,INE833Q01012,MITTALSTL,M,,,,,Mittal Sections Limited,24.95,24.95,24.85,24.9,24.9,25.05,,24.9,,,3000,74700,3,F1,1000,,,,,
10-09-2026,10-09-2026,CM,BSE,STK,544576,INE324D01010,LGEINDIA,B,,,,,LG Electronics India Limited,1640.35,1653.65,1626.2,1650,1650,1647.85,,1650,,,33670,55356528,2549,F1,1,,,,,
10-09-2026,10-09-2026,CM,BSE,STK,544577,INE196Y01018,WORTHPERI,B,,,,,Worth Peripherals Limited,150,150,147.85,147.85,147.85,147.8,,149.96,,,2,297,2,F1,1,,,,,
10-09-2026,10-09-2026,CM,BSE,STK,544578,INE506V01022,RUBICON,B,,,,,RUBICON RESEARCH LIMITED,1818.05,1818.05,1779.3,1790.55,1799.05,1809.4,,1790.02,,,7278,13052254,683,F1,1,,,,,
10-09-2026,10-09-2026,CM,BSE,STK,544580,INE218I01013,CRAMC,B,,,,,Canara Robeco Asset Management,240.05,241.45,238.5,240.25,240,238.45,,240.06,,,11359,2724980,359,F1,1,,,,,
10-09-2026,10-09-2026,CM,BSE,STK,544581,INF740KA1WU9,FLEXIADD,B,,,,,DSP Nifty500 Flexicap Quality,10.1,10.18,9.78,10.09,10.14,10.13,,9.81,,,6579,65028,70,F1,1,,,,,
10-09-2026,10-09-2026,CM,BSE,STK,544582,INE1EUB01016,SHLOKKA,M,,,,,SHLOKKA DYES LIMITED,24,24,24,24,24,25,,24,,,1200,28800,1,F1,1200,,,,,
10-09-2026,10-09-2026,CM,BSE,STK,544583,INE01TY01017,CANHLIFE,B,,,,,Canara HSBC Life Insurance Com,149.2,153,148.5,151.85,151.85,149.55,,152.29,,,57209,8620934,724,F1,1,,,,,
10-09-2026,10-09-2026,CM,BSE,STK,544584,INE13YH01017,SKM,MT,,,,,SK Minerals & Additives Limite,494.4,502,494,500,500,494.4,,500,,,53000,26471150,29,F1,1000,,,,,
10-09-2026,10-09-2026,CM,BSE,STK,544585,INE0SFA01011,SIHORA,M,,,,,SIHORA INDUSTRIES LIMITED,58.58,58.58,58.51,58.51,58.51,62.99,,58.51,,,4000,234180,2,F1,2000,,,,,
10-09-2026,10-09-2026,CM,BSE,STK,544586,INF0R8F01166,NIFTYCASE,B,,,,,Zerodha Mutual Fund,9.46,9.49,9.41,9.44,9.44,9.46,,9.41,,,98814,931954,430,F1,1,,,,,
10-09-2026,10-09-2026,CM,BSE,STK,544587,INE0XAD01024,MIDWESTLTD,B,,,,,Midwest Limited,1070.4,1074.95,1049.05,1066.05,1068,1061.8,,1065.53,,,671,712520,100,F1,1,,,,,
10-09-2026,10-09-2026,CM,BSE,STK,544595,INE16NZ01023,ORKLAINDIA,B,,,,,Orkla India Limited,588,588.1,576.1,578.1,578.1,586.95,,578.45,,,4328,2516672,259,F1,1,,,,,
10-09-2026,10-09-2026,CM,BSE,STK,544596,INE0SVZ01015,SAFECURE,M,,,,,Safecure Services Limited,20.61,20.61,20.54,20.55,20.54,20.53,,20.55,,,4800,98772,4,F1,1200,,,,,
10-09-2026,10-09-2026,CM,BSE,STK,544597,INE202B01038,PIRAMALFIN,B,,,,,Piramal Finance Limited,2309.95,2314.75,2257.55,2286.4,2286.4,2311.65,,2294.78,,,16647,37992986,1287,F1,1,,,,,
10-09-2026,10-09-2026,CM,BSE,STK,544598,INE648Z01023,ACCURACY,T,,,,,Accuracy Shipping Limited,4.39,4.39,3.99,4.2,4.26,4.2,,4.2,,,25454,103805,31,F1,1,,,,,
10-09-2026,10-09-2026,CM,BSE,STK,544599,INE00Q601028,STUDDS,B,,,,,Studds Accessories Limited,414.1,420.55,414,418.45,417.75,415,,418.4,,,3142,1312851,191,F1,1,,,,,
10-09-2026,10-09-2026,CM,BSE,STK,544600,INE956O01016,LENSKART,B,,,,,Lenskart Solutions Limited,698.55,703.75,690.05,693.2,693.2,694.05,,693.3,,,133753,93167886,6292,F1,1,,,,,
10-09-2026,10-09-2026,CM,BSE,STK,544601,INF2KCX01012,CHOICEGOLD,E,,,,,Choice Mutual Fund,151.57,152.03,151.22,151.22,151.22,150.62,,151.84,,,16,2424,4,F1,1,,,,,
10-09-2026,10-09-2026,CM,BSE,STK,544602,INE1YPB01014,AGL,B,,,,,Allcargo Global Limited,15.84,16.11,15.19,15.46,15.46,15.55,,15.51,,,484154,7609264,771,F1,1,,,,,
10-09-2026,10-09-2026,CM,BSE,STK,544603,INE0HOQ01053,GROWW,B,,,,,Billionbrains Garage Ventures,193.4,197.85,193.4,195.95,195.95,194.6,,195.84,,,730637,143010921,4777,F1,1,,,,,
10-09-2026,10-09-2026,CM,BSE,STK,544604,INF769K01PR2,ENERGY,B,,,,,Mirae Asset Mutual Fund,39.13,39.13,38.39,38.47,38.5,38.67,,38.42,,,24536,945776,130,F1,1,,,,,
10-09-2026,10-09-2026,CM,BSE,STK,544605,INF769K01PQ4,SMALL250,B,,,,,Mirae Asset Mutual Fund,18.15,18.56,18.15,18.53,18.53,18.52,,18.51,,,14937,276436,88,F1,1,,,,,
10-09-2026,10-09-2026,CM,BSE,STK,544606,INE15B701018,PINELABS,B,,,,,Pine Labs Limited,175.1,176.5,172.25,173.1,173.1,175.1,,173.17,,,1263344,220202614,12326,F1,1,,,,,
10-09-2026,10-09-2026,CM,BSE,STK,544607,INE0D8001018,SHTL,M,,,,,SHINING TOOLS LIMITED,115,115.95,112,115.9,115.9,114,,115.9,,,8400,962232,7,F1,1200,,,,,
10-09-2026,10-09-2026,CM,BSE,STK,544608,INE1C6T01020,EMMVEE,B,,,,,Emmvee Photovoltaic Power Limi,328.55,344.65,328.55,342.75,342.75,329.2,,342.66,,,545422,184607033,14952,F1,1,,,,,
10-09-2026,10-09-2026,CM,BSE,STK,544609,INE0LP301011,PWL,B,,,,,Physicswallah Limited,125.55,130.55,125.55,126.75,126.75,125.4,,126.73,,,466980,59873806,3231,F1,1,,,,,
10-09-2026,10-09-2026,CM,BSE,STK,544610,INE1I1301016,WORKMATES,M,,,,,WORKMATES CORE2CLOUD SOLUTION,415,447.8,413.55,447.8,447.8,426.5,,447.8,,,96600,42869580,112,F1,600,,,,,
10-09-2026,10-09-2026,CM,BSE,STK,544611,INE0U9D01019,MAHALIFE,M,,,,,MAHAMAYA LIFESCIENCES LIMITED,194,194,182,183,183,185.45,,183,,,8400,1562040,7,F1,1200,,,,,
10-09-2026,10-09-2026,CM,BSE,STK,544612,INE19RI01016,TENNIND,B,,,,,Tenneco Clean Air India Limite,516.3,526,516.3,519.35,518.55,518.35,,519.25,,,22345,11658491,5608,F1,1,,,,,
10-09-2026,10-09-2026,CM,BSE,STK,544613,INE12UR01024,UTLSOLAR,B,,,,,Fujiyama Power Systems Limited,455.5,456.7,438.25,441.1,441.1,451.2,,441.24,,,22059,9787937,1923,F1,1,,,,,
10-09-2026,10-09-2026,CM,BSE,STK,544614,INE0ILV01024,CAPILLARY,B,,,,,Capillary Technologies India L,460,464,450,459,460.1,459.9,,459.88,,,5376,2464904,203,F1,1,,,,,
10-09-2026,10-09-2026,CM,BSE,STK,544615,INE1SPP01016,KSR,B,,,,,KSR Footwear Limited,41,41.19,39.21,41.17,41.19,39.27,,41,,,23984,980349,118,F1,1,,,,,
10-09-2026,10-09-2026,CM,BSE,STK,544616,INE0BUQ01012,GALLARD,M,,,,,Gallard Steel Limited,174.3,175,165.1,165.15,165.1,167,,165.15,,,25000,4245050,23,F1,1000,,,,,
10-09-2026,10-09-2026,CM,BSE,STK,544617,INE606N01019,EXCELSOFT,B,,,,,Excelsoft Technologies Limited,74.74,83.4,74.42,79.99,80.3,75.03,,80.08,,,503859,40135101,3348,F1,1,,,,,
10-09-2026,10-09-2026,CM,BSE,STK,544618,INF754K01VY8,ESENSEX,B,,,,,Edelweiss Mutual Fund,74.05,75.16,74.05,75.12,75.12,75.95,,75.37,,,53,3980,4,F1,1,,,,,
10-09-2026,10-09-2026,CM,BSE,STK,544619,INE0QPI01025,SUDEEPPHRM,B,,,,,Sudeep Pharma Limited,1229.9,1257.8,1212.2,1212.2,1212.2,1276,,1213.27,,,19978,24390685,906,F1,1,,,,,
10-09-2026,10-09-2026,CM,BSE,STK,544620,INF740KA1WV7,MSCIADD,B,,,,,DSP MSCI India ETF,29.08,29.08,29.08,29.08,29.08,29.19,,28.95,,,9,261,1,F1,1,,,,,
10-09-2026,10-09-2026,CM,BSE,STK,544621,INE1U2R01013,SSMD,M,,,,,SSMD AGROTECH INDIA LIMITED,57.61,58.26,57.61,58.26,58.26,62,,58.26,,,3000,173480,3,F1,1000,,,,,
10-09-2026,10-09-2026,CM,BSE,STK,544622,INE2KCE01013,KWIL,B,,,,,Kwality Walls (India) Limited,40.68,42.27,40.66,41.56,41.56,40.85,,41.53,,,884934,36597911,2997,F1,1,,,,,
10-09-2026,10-09-2026,CM,BSE,STK,544624,INE0EOJ01014,KKSILK,MT,,,,,K K SILK MILLS LIMITED,9.95,9.95,9.95,9.95,9.95,9.71,,9.95,,,3000,29850,1,F1,3000,,,,,
10-09-2026,10-09-2026,CM,BSE,STK,544625,INE1BA901016,LOGICIEL,M,,,,,Logiciel Solutions Limited,30,30,30,30,30,28,,30,,,600,18000,1,F1,600,,,,,
10-09-2026,10-09-2026,CM,BSE,STK,544626,INE1E4401010,EXATO,MT,,,,,EXATO TECHNOLOGIES LIMITED,770,779.8,765.1,770,770,765.05,,770,,,12500,9700775,23,F1,500,,,,,
10-09-2026,10-09-2026,CM,BSE,STK,544627,INE0VDK01019,PURPLEWAVE,MT,,,,,PURPLE WAVE INFOCOM LIMITED,407.85,428.2,404.5,428.2,428.2,407.85,,428.2,,,13000,5359400,12,F1,1000,,,,,
10-09-2026,10-09-2026,CM,BSE,STK,544628,INE0RUY01012,ASTRONMULT,M,,,,,Astron Multigrain Limited,16.65,17.49,15,16.77,16.77,16.66,,16.77,,,40000,655620,18,F1,2000,,,,,
10-09-2026,10-09-2026,CM,BSE,STK,544629,INE0W4D01018,RAVEL,M,,,,,Ravelcare Limited,105.25,105.25,105.25,105.25,105.25,105.25,,105.25,,,1000,105250,1,F1,1000,,,,,
10-09-2026,10-09-2026,CM,BSE,STK,544631,INE985W01018,CNL,B,,,,,CREATIVE NEWTECH LIMITED,1130.05,1132.15,1075.5,1077.15,1085.05,1136.65,,1085.93,,,4545,5009612,321,F1,1,,,,,
10-09-2026,10-09-2026,CM,BSE,STK,544632,INE0VDM01015,MEESHO,B,,,,,Meesho Limited,216.35,220.65,212.45,217.95,217.95,216.95,,217.91,,,2194685,473656343,14547,F1,1,,,,,
10-09-2026,10-09-2026,CM,BSE,STK,544633,INE14UN01029,VIDYAWIRES,B,,,,,VIDYA WIRES LIMITED,90.43,91.5,89.16,90.2,90.15,89.83,,90.21,,,102365,9207443,956,F1,1,,,,,
10-09-2026,10-09-2026,CM,BSE,STK,544634,INE947N01017,AEQUS,B,,,,,Aequs Limited,230.7,235.25,228.55,230.1,230.75,230.35,,229.97,,,112184,25991500,1710,F1,1,,,,,
10-09-2026,10-09-2026,CM,BSE,STK,544637,INE0QZR01017,METHODHUB,M,,,,,Methodhub Software Limited,64.25,64.9,58.8,60.11,59.67,65.3,,60.11,,,71400,4406970,85,F1,600,,,,,
10-09-2026,10-09-2026,CM,BSE,STK,544638,INF194KB1KJ7,GOLDBND,E,,,,,Bandhan Mutual Fund,154.8,155,151.05,153.06,153.2,152.76,,152.52,,,1196,182533,80,F1,1,,,,,
10-09-2026,10-09-2026,CM,BSE,STK,544639,INF194KB1KI9,SILVERBND,E,,,,,Bandhan Mutual Fund,233.66,236.51,231.66,234.17,234.17,234,,233.85,,,2026,474174,20,F1,1,,,,,
10-09-2026,10-09-2026,CM,BSE,STK,544640,INE1DKT01011,RDEL,M,,,,,Riddhi Display Equipments Limi,27.63,29.5,27.63,28.28,28.3,28.78,,28.28,,,10800,305652,9,F1,1200,,,,,
10-09-2026,10-09-2026,CM,BSE,STK,544641,INE1IE301018,KVTOYS,M,,,,,K. V. TOYS INDIA LIMITED,270.05,276.25,267.25,267.25,267.25,272.75,,267.25,,,4800,1305360,8,F1,600,,,,,
10-09-2026,10-09-2026,CM,BSE,STK,544642,INE0E7301029,WAKEFIT,B,,,,,Wakefit Innovations Limited,152.9,155.35,152,152.5,153,152.75,,152.44,,,75925,11651427,789,F1,1,,,,,
10-09-2026,10-09-2026,CM,BSE,STK,544643,INE10XK01019,PRODOCS,M,,,,,PRODOCS SOLUTIONS LIMITED,151.2,151.2,151.2,151.2,151.2,151.2,,151.2,,,1000,151200,1,F1,1000,,,,,
10-09-2026,10-09-2026,CM,BSE,STK,544644,INE02ZQ01018,CORONA,B,,,,,Corona Remedies Limited,2224.35,2224.35,2050,2200.15,2210,2189.3,,2200.63,,,2724568,5593295287,7932,F1,1,,,,,
10-09-2026,10-09-2026,CM,BSE,STK,544645,INE119201023,PARKHOSPS,B,,,,,PARK MEDI WORLD LIMITED,284,287.85,278,280.75,280.5,281.75,,280.8,,,25173,7163141,433,F1,1,,,,,
10-09-2026,10-09-2026,CM,BSE,STK,544646,INE0O9L01010,SHIPWAVES,M,,,,,Shipwaves Online Limited,3.7,3.85,3.68,3.85,3.85,3.58,,3.85,,,220000,822000,22,F1,10000,,,,,
10-09-2026,10-09-2026,CM,BSE,STK,544647,INE428V01029,NEPHROPLUS,B,,,,,Nephrocare Health Services Lim,740.55,751.1,731.05,747.35,749.9,733.15,,747.25,,,13785,10205021,709,F1,1,,,,,
10-09-2026,10-09-2026,CM,BSE,STK,544654,INF740KA1WX3,SMALLADD,B,,,,,DSP Nifty Smallcap 250 ETF,18.38,18.59,18.38,18.55,18.55,18.62,,18.51,,,1152,21328,10,F1,1,,,,,
10-09-2026,10-09-2026,CM,BSE,STK,544655,INF740KA1WW5,MIDCAPADD,B,,,,,DSP Nifty Midcap 150 ETF,23.1,23.1,22.74,23.08,22.74,23.16,,22.99,,,517,11881,9,F1,1,,,,,
10-09-2026,10-09-2026,CM,BSE,STK,544656,INE1E1V01017,HRS,M,,,,,HRS ALUGLAZE LIMITED,250.5,270.25,250.3,258.5,257,249.55,,258.5,,,201200,53256380,54,F1,400,,,,,
10-09-2026,10-09-2026,CM,BSE,STK,544657,INE14LM01012,PAJSON,M,,,,,Pajson Agro India Limited,215,220,215,215,215,214.8,,215,,,10800,2340000,9,F1,600,,,,,
10-09-2026,10-09-2026,CM,BSE,STK,544658,INE346A01027,ICICIAMC,A,,,,,ICICI Prudential Asset Managem,3007.75,3052.8,2990.75,3034.7,3030,3002.9,,3033.25,,,9582,29061236,1398,F1,1,,,,,
10-09-2026,10-09-2026,CM,BSE,STK,544660,INF769K01PZ5,TOP20,B,,,,,Mirae Asset Mutual Fund,8.68,8.68,8.65,8.65,8.65,8.68,,8.65,,,1959,16969,35,F1,1,,,,,
10-09-2026,10-09-2026,CM,BSE,STK,544661,INF769K01PY8,DIVIDEND,B,,,,,Mirae Asset Mutual Fund,35.04,35.27,35,35,35.03,35.08,,35,,,824,28873,30,F1,1,,,,,
10-09-2026,10-09-2026,CM,BSE,STK,544662,INE0VI201010,SIMANDHAR,X,,,,,SIMANDHAR IMPEX LIMITED,149.25,149.25,149.25,149.25,149.25,150,,149.25,,,10,1492,1,F1,1,,,,,
10-09-2026,10-09-2026,CM,BSE,STK,544664,INE987S01020,KSHINTL,B,,,,,KSH INTERNATIONAL LIMITED,1151.6,1184.4,1140.55,1173.8,1173.8,1152.95,,1174.26,,,24182,28179613,1678,F1,1,,,,,
10-09-2026,10-09-2026,CM,BSE,STK,544666,INE0V0W01025,GKSL,B,,,,,GUJARAT KIDNEY AND SUPER SPECI,175,176.95,172.5,173.3,174.45,176.75,,173.23,,,17456,3052010,354,F1,1,,,,,
10-09-2026,10-09-2026,CM,BSE,STK,544667,INE1F9M01018,DACHEPALLI,M,,,,,Dachepalli Publishers Limited,91,98,91,98,98,92,,98,,,25200,2394720,15,F1,1200,,,,,
10-09-2026,10-09-2026,CM,BSE,STK,544668,INE0YJA01011,NANTA,M,,,,,NANTA TECH LIMITED,331,357.35,331,357.35,357.35,340.35,,357.35,,,94800,33777240,47,F1,600,,,,,
10-09-2026,10-09-2026,CM,BSE,STK,544669,INE0XLO01010,ADMACH,MT,,,,,ADMACH SYSTEMS LIMITED,468.5,468.55,433,468.55,468.55,446.25,,468.55,,,12000,5509380,20,F1,600,,,,,
10-09-2026,10-09-2026,CM,BSE,STK,544670,INE1IJQ01026,BAIKAKAJI,MT,,,,,BAI-KAKAJI POLYMERS LIMITED,279,293,269.7,289.5,292.35,283.85,,289.5,,,50400,13927260,73,F1,600,,,,,
10-09-2026,10-09-2026,CM,BSE,STK,544671,INE0X4A01013,ATIL,M,,,,,APOLLO TECHNO INDUSTRIES LIMIT,98.9,100,92.4,92.45,92.4,101,,92.45,,,8000,780450,8,F1,1000,,,,,
10-09-2026,10-09-2026,CM,BSE,STK,544673,INE1HK501016,MDRC,M,,,,,MODERN DIAGNOSTIC & RESEARCH C,63.5,73,63.5,66.17,65,60.84,,66.17,,,168000,11605312,89,F1,1600,,,,,
10-09-2026,10-09-2026,CM,BSE,STK,544674,INF740KA1XU7,NEXT50ADD,B,,,,,DSP Nifty Next 50 ETF,73.19,73.19,73.15,73.15,73.15,73.3,,74.55,,,29,2122,3,F1,1,,,,,
10-09-2026,10-09-2026,CM,BSE,STK,544675,INE1H1501013,GTIL,MT,,,,,Gabion Technologies India Limi,143,149.1,140.3,147.3,147.6,142,,147.3,,,60800,8897040,37,F1,1600,,,,,
10-09-2026,10-09-2026,CM,BSE,STK,544676,INE0CNJ01010,YAJUR,MT,,,,,YAJUR FIBRES LIMITED,39.51,40,39,39,39,40.6,,39,,,13600,540976,13,F1,800,,,,,
10-09-2026,10-09-2026,CM,BSE,STK,544677,INE0ZE201010,DEFRAIL,M,,,,,Defrail Technologies Limited,72.5,72.5,72.5,72.5,72.5,72.5,,72.5,,,4800,348000,1,F1,1600,,,,,
10-09-2026,10-09-2026,CM,BSE,STK,544678,INE05XR01022,BHARATCOAL,B,,,,,BHARAT COKING COAL LIMITED,33.84,34.08,33.38,33.46,33.46,33.76,,33.42,,,220200,7416652,897,F1,1,,,,,
10-09-2026,10-09-2026,CM,BSE,STK,544679,INE121R01077,AMAGI,B,,,,,Amagi Media Labs Limited,583.75,583.8,568.75,573.4,569.8,583.4,,572.09,,,9500,5465618,367,F1,1,,,,,
10-09-2026,10-09-2026,CM,BSE,STK,544681,INE0WKY01013,INDOSMC,M,,,,,INDO SMC Limited,500.9,528,500,514.85,515,500.9,,514.85,,,76000,39054050,73,F1,1000,,,,,
10-09-2026,10-09-2026,CM,BSE,STK,544682,INE0U8P01015,GRERENEW,M,,,,,GRE Renew Enertech Limited,175,182.8,175,179.05,179.05,179.4,,179.05,,,18000,3216900,15,F1,1200,,,,,
10-09-2026,10-09-2026,CM,BSE,STK,544683,INE1D8001016,ARITAS,M,,,,,Aritas Vinyl Limited,13.07,13.07,12.45,12.97,12.97,13.61,,12.97,,,27000,343410,9,F1,3000,,,,,
10-09-2026,10-09-2026,CM,BSE,STK,544684,INE1OOT01028,DIGILOGIC,MT,,,,,DIGILOGIC SYSTEMS LIMITED,183.5,183.7,183.5,183.7,183.7,180.1,,183.7,,,43200,7932240,31,F1,1200,,,,,
10-09-2026,10-09-2026,CM,BSE,STK,544685,INE12UN01015,SHADOWFAX,B,,,,,SHADOWFAX TECHNOLOGIES LIMITED,250.9,255.85,246.95,255.05,255.5,251.35,,255.09,,,202503,51069068,3237,F1,1,,,,,
10-09-2026,10-09-2026,CM,BSE,STK,544687,INE0JVH01012,HANNAH,M,,,,,Hannah Joseph Hospital Limited,115,116.5,112.2,113.5,112.2,113.9,,113.5,,,16000,1827800,6,F1,2000,,,,,
10-09-2026,10-09-2026,CM,BSE,STK,544695,INE2B5L01011,MSAFE,MT,,,,,Msafe Equipments Limited,277,291,277,282,282,279.25,,282,,,49000,14028600,44,F1,1000,,,,,
10-09-2026,10-09-2026,CM,BSE,STK,544698,INE1N9E01015,PANHR,M,,,,,PAN HR SOLUTION LIMITED,48.2,48.2,48.2,48.2,48.2,49,,48.2,,,1600,77120,1,F1,1600,,,,,
10-09-2026,10-09-2026,CM,BSE,STK,544699,INE501X01029,AYE,B,,,,,Aye Finance Limited,178.1,182.7,175.25,177.9,177.9,178.85,,178.09,,,51023,9133504,827,F1,1,,,,,
10-09-2026,10-09-2026,CM,BSE,STK,544700,INE212S01015,FRACTAL,B,,,,,Fractal Analytics Limited,775.05,784.3,765,766.2,769,778.55,,766.62,,,25310,19575378,1511,F1,1,,,,,
10-09-2026,10-09-2026,CM,BSE,STK,544701,INF769K01QA6,HEALTHCARE,B,,,,,Mirae Asset Mutual Fund,21.75,21.82,21.69,21.69,21.71,21.85,,21.69,,,8952,194428,44,F1,1,,,,,
10-09-2026,10-09-2026,CM,BSE,STK,544702,INE0OU201013,DCMSIL,B,,,,,DCM SHRIRAM INTERNATIONAL LIMI,68.16,75.12,68.16,71.65,71.61,69.16,,72.32,,,19750,1420366,157,F1,1,,,,,
10-09-2026,10-09-2026,CM,BSE,STK,544703,INE0OFM01015,DSFCL,T,,,,,DCM SHRIRAM FINE CHEMICALS LIM,25.71,26.72,25.5,25.6,25.6,26.5,,25.5,,,8614,221641,52,F1,1,,,,,
10-09-2026,10-09-2026,CM,BSE,STK,544704,INF769K01QB4,INFRA,B,,,,,Mirae Asset Mutual Fund,12.02,12.04,11.96,11.96,11.96,12.01,,11.96,,,2650,31726,20,F1,1,,,,,
10-09-2026,10-09-2026,CM,BSE,STK,544705,INF769K01QC2,DEFENCE,B,,,,,Mirae Asset Mutual Fund,83.25,83.25,82.14,82.32,82.39,83.29,,82.35,,,14871,1229303,114,F1,1,,,,,
10-09-2026,10-09-2026,CM,BSE,STK,544706,INF209KC1662,ABSLMSCIN,B,,,,,Aditya Birla Sun Life Mutual F,29.15,29.15,29.15,29.15,29.15,29.6,,29.03,,,30,874,1,F1,1,,,,,
10-09-2026,10-09-2026,CM,BSE,STK,544707,INE1W3Q01011,FIL,M,,,,,Fractal Industries Limited,214.9,214.9,197.1,208.95,208.9,210.85,,208.95,,,3600,739740,6,F1,600,,,,,
10-09-2026,10-09-2026,CM,BSE,STK,544708,INE1O6P01016,YASHHTEJ,M,,,,,Yashhtej Industries (India) Li,51.5,51.51,51.25,51.26,51.26,52.8,,51.26,,,7200,369936,6,F1,1200,,,,,
10-09-2026,10-09-2026,CM,BSE,STK,544709,INE0P8B01020,GAUDIUMIVF,T,,,,,Gaudium IVF and Women Health L,116.5,118.5,114,114.5,114.3,115.95,,115.09,,,14902,1719783,91,F1,1,,,,,
10-09-2026,10-09-2026,CM,BSE,STK,544710,INE132201018,ACCORDTS,M,,,,,ACCORD TRANSFORMER & SWITCHGEA,69.9,69.93,64.5,65.6,65.6,70.03,,65.6,,,111000,7367190,29,F1,3000,,,,,
10-09-2026,10-09-2026,CM,BSE,STK,544711,INE1C3F01018,KIAASA,M,,,,,KIAASA RETAIL LIMITED,29.03,30,29.03,30,30,29,,30,,,19000,567940,8,F1,1000,,,,,
10-09-2026,10-09-2026,CM,BSE,STK,544716,INE19GK01015,SRTL,B,,,,,SHREE RAM TWISTEX LIMITED,37.5,37.8,37,37.25,37.25,36.51,,37.3,,,1129,42075,20,F1,1,,,,,
10-09-2026,10-09-2026,CM,BSE,STK,544717,INE647U01026,CLEANMAX,B,,,,,Clean Max Enviro Energy Soluti,1389.65,1408.85,1389.65,1398.2,1404.95,1397.7,,1398.93,,,14533,20320130,872,F1,1,,,,,
10-09-2026,10-09-2026,CM,BSE,STK,544718,INE1RDG01013,PNGSREVA,B,,,,,PNGS Reva Diamond Jewellery Li,519.2,519.45,503.2,504.55,504,519.15,,504.7,,,7053,3604934,257,F1,1,,,,,
10-09-2026,10-09-2026,CM,BSE,STK,544720,INE0UH301010,OMNI,B,,,,,Omnitech Engineering Limited,535.15,572.2,535,561.45,560,534.3,,563.27,,,53341,29697780,3375,F1,1,,,,,
10-09-2026,10-09-2026,CM,BSE,STK,544721,INF666M01OD9,GROWWHOSPI,B,,,,,Groww Mutual Fund,53.18,53.18,52.6,52.77,52.77,52.57,,52.65,,,4806,253358,61,F1,1,,,,,
10-09-2026,10-09-2026,CM,BSE,STK,544722,INF200KB1AJ0,SBIMIDMOM,B,,,,,SBI Mutual Fund,64.2,64.2,63.51,63.55,63.55,64.2,,63.53,,,1460,93210,16,F1,1,,,,,
10-09-2026,10-09-2026,CM,BSE,STK,544723,INE00XB01019,SEDEMAC,B,,,,,SEDEMAC MECHATRONICS LIMITED,2840,2936.85,2822.05,2922.75,2934.3,2849.95,,2916.14,,,97011,280501389,444,F1,1,,,,,
10-09-2026,10-09-2026,CM,BSE,STK,544724,INE1FEW01013,ELFIN,M,,,,,Elfin Agro India Limited,93.9,93.9,93.9,93.9,93.9,95,,93.9,,,3000,281700,1,F1,3000,,,,,
10-09-2026,10-09-2026,CM,BSE,STK,544725,INF740KA1YH2,BANK10ADD,B,,,,,DSP BSE Top 10 Banks ETF,16.46,16.68,16.46,16.5,16.62,16.63,,16.44,,,2585,42663,73,F1,1,,,,,
10-09-2026,10-09-2026,CM,BSE,STK,544726,INE0J0B01017,KOTYARK,T,,,,,Kotyark Industries Limited,31.46,31.95,31,31.06,31,30.92,,31.11,,,17829,561168,44,F1,1,,,,,
10-09-2026,10-09-2026,CM,BSE,STK,544731,INE313L01016,RSL,B,,,,,RAJPUTANA STAINLESS LIMITED,190.05,191.85,185.75,186.8,187.25,189.5,,186.7,,,11009,2073045,208,F1,1,,,,,
10-09-2026,10-09-2026,CM,BSE,STK,544732,INE0ADB01012,INNOVISION,B,,,,,Innovision Limited,276.75,276.75,265.5,267.7,270.9,279.85,,266.96,,,3374,909117,366,F1,1,,,,,
10-09-2026,10-09-2026,CM,BSE,STK,544733,INE713R01022,GSPCROP,B,,,,,GSP CROP SCIENCE LIMITED,494.8,494.8,470.05,472.05,470.4,491.2,,471.75,,,13322,6396921,357,F1,1,,,,,
10-09-2026,10-09-2026,CM,BSE,STK,544734,INE2PB023011,RIIT,IF,,,,,Raajmarg Infra Investment Trus,122.34,122.34,119.6,120.31,120.31,120.29,,119.96,,,34701,4181840,93,F1,1,,,,,
10-09-2026,10-09-2026,CM,BSE,STK,544735,INE1TFS01019,NOVUS,M,,,,,Novus Loyalty Limited,200.35,213.55,200.05,207.25,206.5,196.25,,207.25,,,92000,19232950,83,F1,1000,,,,,
10-09-2026,10-09-2026,CM,BSE,STK,544736,INF336L01RX2,HSBCGOLD,E,,,,,HSBC Mutual Fund,133.38,133.87,132.42,132.77,132.77,132.25,,132.82,,,889,118121,15,F1,1,,,,,
10-09-2026,10-09-2026,CM,BSE,STK,544737,INF769K01QV2,VALUE,B,,,,,Mirae Asset Mutual Fund,16.12,16.13,16.09,16.1,16.1,16.05,,16.04,,,253,4078,4,F1,1,,,,,
10-09-2026,10-09-2026,CM,BSE,STK,544738,INE0R0M01014,SPML,M,,,,,SPECIALITY MEDICINES LIMITED,154.9,159.1,154.9,158.35,159.1,154.9,,158.35,,,6000,939900,6,F1,1000,,,,,
10-09-2026,10-09-2026,CM,BSE,STK,544739,INE05HV01027,CMPDI,B,,,,,Central Mine Planning & Design,231.25,231.85,217.6,218.1,218.1,230.95,,218.49,,,1022893,224142367,4316,F1,1,,,,,
10-09-2026,10-09-2026,CM,BSE,STK,544740,INE1U6D01014,TIPCO,MT,,,,,Tipco Engineering India Limite,280.2,290,276.65,279.5,280,286,,279.5,,,76800,21573680,48,F1,1600,,,,,
10-09-2026,10-09-2026,CM,BSE,STK,544741,INE1KI801019,HIGHNESS,MT,,,,,Highness Microelectronics Limi,223.25,223.25,212.65,223.25,223.25,212.65,,223.25,,,45600,10081440,29,F1,1200,,,,,
10-09-2026,10-09-2026,CM,BSE,STK,544742,INE0H9F01037,SAIPARENT,B,,,,,Sai Parenteral's Limited,522.05,525,514.65,521.75,525,526.4,,522.52,,,3868,2006581,255,F1,1,,,,,
10-09-2026,10-09-2026,CM,BSE,STK,544743,INE05TO01019,AEROPLANE,B,,,,,Amir Chand Jagdish Kumar (Expo,200,208.65,200,206.6,207.05,198.75,,206.9,,,67141,13795667,1753,F1,1,,,,,
10-09-2026,10-09-2026,CM,BSE,STK,544744,INE921L01032,POWERICA,B,,,,,Powerica Ltd.,547.55,582.9,547.55,575.5,575.5,547.55,,575.83,,,105398,59820876,4574,F1,1,,,,,
10-09-2026,10-09-2026,CM,BSE,STK,544745,INF200KB1AK8,SBINMID150,B,,,,,SBI Mutual Fund,23.07,23.12,22.93,22.94,22.93,23.04,,22.95,,,1889,43344,23,F1,1,,,,,
10-09-2026,10-09-2026,CM,BSE,STK,544746,INE0UMH01018,SCDL,M,,,,,SAFETY CONTROLS & DEVICES LIMI,62,65,57.25,63.5,64,63,,63.5,,,52800,3254816,28,F1,1600,,,,,
10-09-2026,10-09-2026,CM,BSE,STK,544747,INE1OSW01015,EMIAC,M,,,,,EMIAC TECHNOLOGIES LIMITED,96,97.7,94.1,97.7,97.7,95.41,,97.7,,,106800,10215540,27,F1,1200,,,,,
10-09-2026,10-09-2026,CM,BSE,STK,544748,INE840Y01029,ONEPOINT,B,,,,,ONE POINT ONE SOLUTIONS LIMITE,58.28,59.45,57.6,57.66,57.93,58.04,,57.74,,,24382,1432145,165,F1,1,,,,,
10-09-2026,10-09-2026,CM,BSE,STK,544750,INE25E901019,OMPOWER,B,,,,,OM POWER TRANSMISSION LIMITED,168,171,166.6,167.45,167.15,168.9,,168.02,,,10303,1733078,169,F1,1,,,,,
10-09-2026,10-09-2026,CM,BSE,STK,544751,INE1K0V01011,MTL,M,,,,,MEHUL TELECOM LIMITED,105.3,108,105.3,108,108,105.3,,108,,,28800,3107160,13,F1,1200,,,,,
10-09-2026,10-09-2026,CM,BSE,STK,544752,INE19RO25039,PSCELESTIA,IF,,,,,PropShare Celestia,1005000,1005000,1004000,1004000,1004000,1000000,,1004000,,,2,2009000,2,F1,1,,,,,
10-09-2026,10-09-2026,CM,BSE,STK,544753,INE2Q7823014,CITIUSINVT,IF,,,,,Citius TransNet Investment Tru,115.06,117,115.06,116.66,116.66,116.05,,114.84,,,267,31084,8,F1,1,,,,,
10-09-2026,10-09-2026,CM,BSE,STK,544754,INE12F801023,KISSHT,B,,,,,OnEMI Technology Solutions Lim,322.05,337.7,321.5,333.3,334.3,322.3,,333.89,,,59855,19726252,1587,F1,1,,,,,
10-09-2026,10-09-2026,CM,BSE,STK,544755,INE2B6701015,RECODE,MT,,,,,RECODE STUDIOS LIMITED,345,363.3,345,363.3,363.3,346,,363.3,,,72800,26141760,48,F1,800,,,,,
10-09-2026,10-09-2026,CM,BSE,STK,544756,INE368U01029,UNITEDPOLY,B,,,,,United Polyfab Gujarat Limited,43,43.5,42.4,43.11,43.5,43,,43.07,,,9747,418277,217,F1,1,,,,,
10-09-2026,10-09-2026,CM,BSE,STK,544757,INE032Z01020,BSHSL,B,,,,,BOMBAY SUPER HYBRID SEEDS LIMI,87.96,88.5,87.76,87.88,87.76,91.28,,88.47,,,430,37811,24,F1,1,,,,,
10-09-2026,10-09-2026,CM,BSE,STK,544758,INE2OVN25015,BAGMANE,IF,,,,,Bagmane Prime Office REIT,107.23,107.99,107.18,107.77,107.8,107.11,,107.75,,,7570,814199,56,F1,1,,,,,
10-09-2026,10-09-2026,CM,BSE,STK,544759,INE1CLW01015,GLPL,M,,,,,GOLDLINE PHARMACEUTICAL LIMITE,36.2,36.76,36.01,36.75,36.75,38,,36.75,,,12000,437160,4,F1,3000,,,,,
10-09-2026,10-09-2026,CM,BSE,STK,544760,INF740KA1ZA4,FMCGADD,B,,,,,DSP Nifty FMCG ETF,45.87,46.04,45.18,45.18,45.18,45.67,,45.4,,,4953,224556,21,F1,1,,,,,
10-09-2026,10-09-2026,CM,BSE,STK,544762,INF200KB1AX1,SBIVALETF,B,,,,,SBI Mutual Fund,14.71,14.71,14.58,14.58,14.58,14.68,,14.61,,,113,1648,6,F1,1,,,,,
10-09-2026,10-09-2026,CM,BSE,STK,544763,INF200KB1AY9,SBISMLETF,B,,,,,SBI Mutual Fund,18.26,19.5,18.26,18.52,18.52,18.45,,18.46,,,12602,233050,29,F1,1,,,,,
10-09-2026,10-09-2026,CM,BSE,STK,544764,INE0JYY01029,MWL,B,,,,,Mangalam Worldwide Limited,37.73,43.81,37.26,39.6,39.2,38.16,,39.56,,,660059,27796457,3427,F1,1,,,,,
10-09-2026,10-09-2026,CM,BSE,STK,544765,INE1L3801017,VPAL,MT,,,,,Vegorama Punjabi Angithi Limit,218,220,218,220,220,218.5,,220,,,14400,3147200,9,F1,1600,,,,,
10-09-2026,10-09-2026,CM,BSE,STK,544766,INF579M01BP5,MSCI360,B,,,,,360 ONE Mutual Fund,9.96,9.96,9.94,9.94,9.94,9.98,,9.95,,,733,7288,5,F1,1,,,,,
10-09-2026,10-09-2026,CM,BSE,STK,544767,INE18HI01019,AFLTD,M,,,,,Autofurnish Limited,68,76.99,68,75.2,75.2,69.75,,75.2,,,81000,6016920,24,F1,3000,,,,,
10-09-2026,10-09-2026,CM,BSE,STK,544768,INE0YD301010,MANIVENI,M,,,,,M.R.MANIVENI FOODS LIMITED,25.75,25.75,23.35,25.35,25.35,25.5,,25.35,,,36000,874400,18,F1,2000,,,,,
10-09-2026,10-09-2026,CM,BSE,STK,544769,INE1UYW01010,HARIKANTA,M,,,,,HARIKANTA OVERSEAS LIMITED,67.01,67.01,67,67,67,67,,67,,,2400,160812,2,F1,1200,,,,,
10-09-2026,10-09-2026,CM,BSE,STK,544770,INE1T6L01010,YAASHVI,M,,,,,YAASHVI JEWELLERS LIMITED,79.5,81,77.1,80.95,81,80.67,,80.95,,,64000,5144192,25,F1,1600,,,,,
10-09-2026,10-09-2026,CM,BSE,STK,544771,INE1GM501015,RFIL,M,,,,,Rajnandini Fashion India Limit,29,29,26.7,28.2,28.2,29.3,,28.2,,,22000,619600,11,F1,2000,,,,,
10-09-2026,10-09-2026,CM,BSE,STK,544773,INE1RQS01010,MRTX,M,,,,,Merritronix Limited,325.5,382.95,325.2,365.25,365.25,324.25,,365.25,,,374000,134272500,352,F1,1000,,,,,
10-09-2026,10-09-2026,CM,BSE,STK,544774,INE11XK01017,SMR,M,,,,,SMR Jewels Limited,98,98,98,98,98,100,,98,,,2000,196000,2,F1,1000,,,,,
10-09-2026,10-09-2026,CM,BSE,STK,544777,INE00WV01027,CMRGREEN,B,,,,,CMR Green Technologies Limited,217.3,221.35,217.3,220.2,220.2,217.3,,220.4,,,69873,15384786,1166,F1,1,,,,,
10-09-2026,10-09-2026,CM,BSE,STK,544778,INE0H3U01013,VAHH,M,,,,,Vahh Chemicals Limited,50.01,51.99,50,51.94,51.88,52.2,,51.94,,,8000,407760,4,F1,2000,,,,,
10-09-2026,10-09-2026,CM,BSE,STK,544779,INE0YZ901011,UHMVL,M,,,,,UHM Vacation Limited,32.13,33.29,32.13,32.74,33,32.13,,32.74,,,6400,210240,8,F1,800,,,,,
10-09-2026,10-09-2026,CM,BSE,STK,544780,INE1CDF01017,VAML,B,,,,,Vedanta Aluminium Metal Limite,445.1,449.5,436,436.95,436.95,445.35,,437.05,,,180242,79584115,5081,F1,1,,,,,
10-09-2026,10-09-2026,CM,BSE,STK,544781,INE694L01019,VEDPOWER,B,,,,,Vedanta Power Limited,34.32,34.65,33,33.96,33.96,34.28,,33.96,,,857931,29166249,4536,F1,1,,,,,
10-09-2026,10-09-2026,CM,BSE,STK,544782,INE704J01044,VOGL,B,,,,,Vedanta Oil and Gas Limited,36.5,37.2,36.25,36.36,36.36,36.26,,36.37,,,1043252,38268994,2852,F1,1,,,,,
10-09-2026,10-09-2026,CM,BSE,STK,544783,INE255Z01027,E2E,T,,,,,E2E Networks Limited,600,619.35,586.2,605.6,605.6,607.05,,605.84,,,96270,58269812,2324,F1,1,,,,,
10-09-2026,10-09-2026,CM,BSE,STK,544784,INE1CLE01013,VISL,B,,,,,Vedanta Iron and Steel Limited,33.3,33.86,33.25,33.39,33.39,33.41,,33.37,,,2231846,74733859,6484,F1,1,,,,,
10-09-2026,10-09-2026,CM,BSE,STK,544785,INE0JUI01012,HEXAGON,T,,,,,Hexagon Nutrition Limited,69.99,70.19,67,68.38,68.55,67.41,,68.17,,,27749,1914765,161,F1,1,,,,,
10-09-2026,10-09-2026,CM,BSE,STK,544786,INE155D01018,SELECTRIC,B,,,,,Schneider Electric President S,1920.05,1920.05,1834,1888.55,1879,1919.25,,1888.55,,,3150,5906852,368,F1,1,,,,,
10-09-2026,10-09-2026,CM,BSE,STK,544793,INE2L0V01019,SUSAN,MT,,,,,Susan Electricals India Limite,332,340.8,316,331.5,325,329.35,,331.5,,,95000,31050500,90,F1,1000,,,,,
10-09-2026,10-09-2026,CM,BSE,STK,544794,INE1SEO01013,HORIZON,M,,,,,HORIZON RECLAIM (INDIA) LIMITE,111.5,122,111.05,120.65,121,110.95,,120.65,,,48000,5607720,34,F1,1200,,,,,
10-09-2026,10-09-2026,CM,BSE,STK,544795,INF109K1A476,SMALLIETF,B,,,,,ICICI Prudential Mutual Fund,18.49,19.1,18.23,18.59,18.23,18.67,,18.5,,,2610,48319,25,F1,1,,,,,
10-09-2026,10-09-2026,CM,BSE,STK,544796,INE0TKX01011,LIOTECH,M,,,,,LIOTECH INDUSTRIES LIMITED,88,88,86.99,88,88,86.51,,88,,,2400,209996,6,F1,400,,,,,
10-09-2026,10-09-2026,CM,BSE,STK,544799,INE0OC301013,TURTLEMINT,B,,,,,Turtlemint Fintech Solutions L,136.3,136.9,130.3,132,132,134.55,,131.85,,,61288,8160302,664,F1,1,,,,,
10-09-2026,10-09-2026,CM,BSE,STK,544800,INE1O7201010,ANUBHAV,M,,,,,ANUBHAV PLAST LIMITED,46,46,43.01,46,46,46,,46,,,12800,573056,8,F1,1600,,,,,
10-09-2026,10-09-2026,CM,BSE,STK,544802,INE0LZF01039,CORDELIA,B,,,,,Waterways Leisure Tourism Limi,106.35,109.65,104.2,109.5,109.65,104.45,,109.44,,,249082,27058568,1964,F1,1,,,,,
10-09-2026,10-09-2026,CM,BSE,STK,544803,INE1SJO01012,RAMBHAJO,B,,,,,Advit Jewels Limited,283.75,289,262.4,268.55,264,277.75,,267.59,,,51503,14260171,843,F1,1,,,,,
10-09-2026,10-09-2026,CM,BSE,STK,544806,INE0ZK601013,CSM,B,,,,,CSM TECHNOLOGIES LIMITED,92.75,97.5,92.08,95.9,96.2,93.45,,94.99,,,18126,1712815,206,F1,1,,,,,
10-09-2026,10-09-2026,CM,BSE,STK,544807,INE0RBX01014,CRAZY,M,,,,,CRAZY SNACKS LIMITED,59,59,59,59,59,59.94,,59,,,177000,10443000,11,F1,3000,,,,,
10-09-2026,10-09-2026,CM,BSE,STK,544808,INE2FMX01012,AASTHA,B,,,,,AASTHA SPINTEX LIMITED,81.99,81.99,78.76,79.51,79.29,81.6,,79.3,,,15155,1211900,376,F1,1,,,,,
10-09-2026,10-09-2026,CM,BSE,STK,544809,INE1SME01017,ADON,M,,,,,ADON AGRO COMMODITIES LIMITED,87.05,102.94,87.05,102.94,102.94,85.79,,102.94,,,402000,39156640,127,F1,2000,,,,,
10-09-2026,10-09-2026,CM,BSE,STK,544810,INE147701010,SILL,M,,,,,Sampark India Logistics Limite,93.8,98.1,93.8,95.15,95.15,93.98,,95.15,,,27200,2582768,13,F1,1600,,,,,
10-09-2026,10-09-2026,CM,BSE,STK,544811,INE1L0M01019,KRATIKAL,M,,,,,KRATIKAL TECH LIMITED,160,163.45,156.05,163.3,163.45,159.3,,163.3,,,9000,1437900,9,F1,1000,,,,,
10-09-2026,10-09-2026,CM,BSE,STK,544812,INE226801012,ATHARVA,M,,,,,Atharva Poly-Plast Limited,113.25,113.3,109.1,113.3,113.3,107.91,,113.3,,,100000,11300360,37,F1,2000,,,,,
10-09-2026,10-09-2026,CM,BSE,STK,544814,INE17QZ01016,KNACK,B,,,,,KNACK PACKAGING LIMITED,183.45,189.25,183.25,186.95,186.7,182.35,,186.96,,,84194,15777734,961,F1,1,,,,,
10-09-2026,10-09-2026,CM,BSE,STK,544821,INE0ISX01025,KUSUMGAR,B,,,,,Kusumgar Limited,564.55,572.35,561.15,567.4,564.75,564.55,,566.05,,,6784,3858195,345,F1,1,,,,,
10-09-2026,10-09-2026,CM,BSE,STK,544822,INE17IR01028,LASERPOWER,B,,,,,Laser Power & Infra Limited,296.7,299.15,289.7,290.55,290.65,296.7,,290.64,,,49985,14692189,1198,F1,1,,,,,
10-09-2026,10-09-2026,CM,BSE,STK,544823,INE2KRP01017,DEVSON,M,,,,,DEVSON CATALYST LIMITED,348,352.95,333.05,351,350,352.25,,351,,,66000,22574880,54,F1,1200,,,,,
10-09-2026,10-09-2026,CM,BSE,STK,544825,INE1JCQ01037,ALPINETEX,B,,,,,ALPINE TEXWORLD LIMITED,59.33,60.15,57.8,58.19,57.9,60.18,,58.22,,,32493,1901025,406,F1,1,,,,,
10-09-2026,10-09-2026,CM,BSE,STK,544826,INE1SRC01010,MILLWORKS,M,,,,,MILLWORKS TECHNOLOGIES LIMITED,1173.1,1175,1119.9,1125.05,1126,1170.2,,1125.05,,,98000,112794100,224,F1,400,,,,,
10-09-2026,10-09-2026,CM,BSE,STK,544827,INF0QA701CI0,BANK10BETF,B,,,,,Bajaj Finserv Mutual Fund,20.41,20.41,20.24,20.24,20.24,20.47,,20.28,,,554,11231,11,F1,1,,,,,
10-09-2026,10-09-2026,CM,BSE,STK,544829,INE640G01020,SBIFUNDS,A,,,,,SBI Funds Management Limited,551.75,555.8,550,550.8,550.8,551.95,,550.99,,,31840,17601390,1604,F1,1,,,,,
10-09-2026,10-09-2026,CM,BSE,STK,544830,INF769K01RC0,MOMMIDCAP,B,,,,,Mirae Asset Mutual Fund,13.1,13.1,12.98,13,13,13.12,,12.99,,,72478,945492,107,F1,1,,,,,
10-09-2026,10-09-2026,CM,BSE,STK,544831,INE208H01016,MEEIND,B,,,,,MEENAKSHI INDIA LIMITED,377.95,398.95,377.95,385.05,385,391.45,,385.05,,,4127,1587429,1796,F1,1,,,,,
10-09-2026,10-09-2026,CM,BSE,STK,544832,INE12Z301012,SOTEFIN,M,,,,,Sotefin Bharat Limited,309,313,279,300.4,304.95,299.95,,300.4,,,123600,36401550,176,F1,600,,,,,
10-09-2026,10-09-2026,CM,BSE,STK,544833,INE11XY01018,CMLL,B,,,,,CALIBER MINING AND LOGISTICS L,485.05,490,468,470.5,470.5,486.4,,470.77,,,39398,18700794,1134,F1,1,,,,,
10-09-2026,10-09-2026,CM,BSE,STK,544834,INE1WDC01012,GULFLLOYDS,M,,,,,GULF LLOYDS (INDIA) LIMITED,33,34.39,33,33.7,33.7,34.68,,33.7,,,21600,720780,15,F1,1200,,,,,
10-09-2026,10-09-2026,CM,BSE,STK,544835,INE1N3Y01016,MALA,M,,,,,Shree Balaji (Mala) Textiles L,53.5,57.95,53.5,54.56,54.56,58,,54.56,,,22000,1210400,10,F1,2000,,,,,
10-09-2026,10-09-2026,CM,BSE,STK,544837,INE084101034,INDOMIM,B,,,,,INDO-MIM Limited,998.9,1028.5,998.45,1005.45,1005.45,988.35,,1006.47,,,257202,260626340,13870,F1,1,,,,,
10-09-2026,10-09-2026,CM,BSE,STK,544838,INE0NG701011,XTRANET,B,,,,,XTRANET TECHNOLOGIES LIMITED,296.95,304.4,279.1,285.35,285.35,292.6,,285.58,,,334696,98212833,4071,F1,1,,,,,
10-09-2026,10-09-2026,CM,BSE,STK,544839,INE0QJW01029,LCL,B,,,,,Lohia Corp Limited,548,567,538.4,561.05,561,545.5,,561.25,,,34421,19081248,1444,F1,1,,,,,
10-09-2026,10-09-2026,CM,BSE,STK,544840,INE1EJ401023,SSPRL,M,,,,,SILVERSTORM PARKS AND RESORTS,117.7,125,113.1,123.8,122.05,114.95,,123.8,,,29000,3501400,26,F1,1000,,,,,
10-09-2026,10-09-2026,CM,BSE,STK,544841,INF769K01RJ5,HYBRIDETF,F,,,,,Mirae Asset Mutual Fund,9.94,10.11,9.94,10.09,10.09,10.14,,10.09,,,21045,212468,10,F1,1,,,,,
10-09-2026,10-09-2026,CM,BSE,STK,544842,INF179KC1KT4,HDFCNIMEG,B,,,,,HDFC Mutual Fund,134.66,134.66,134.66,134.66,134.66,133.39,,133.04,,,13,1750,1,F1,1,,,,,
10-09-2026,10-09-2026,CM,BSE,STK,544843,INE13ZJ01010,ADVANCETL,M,,,,,ADVANCE TECHNOFORGE LIMITED,67,67,64,64.1,64.1,64,,64.1,,,10800,697380,8,F1,1200,,,,,
10-09-2026,10-09-2026,CM,BSE,STK,544844,INE288301026,PPEL,M,,,,,POOJAA PRECISION ENGG. LIMITED,679,722.6,679,719.95,716.05,674.35,,719.95,,,150800,106899260,344,F1,400,,,,,
10-09-2026,10-09-2026,CM,BSE,STK,544845,INF109K1A567,INSUREIETF,B,,,,,ICICI Prudential Mutual Fund,14.67,14.78,14.58,14.76,14.76,14.75,,14.77,,,3799,55593,28,F1,1,,,,,
10-09-2026,10-09-2026,CM,BSE,STK,544846,INF754K01XI7,ELMDIV,B,,,,,Edelweiss Mutual Fund,35.94,35.99,35.85,35.97,35.97,35.94,,35.81,,,4366,156941,16,F1,1,,,,,
10-09-2026,10-09-2026,CM,BSE,STK,544847,INE459N01021,MANIPALHOS,B,,,,,Manipal Health Enterprises Lim,736.85,749.8,728.75,733.1,733.1,729.95,,733.22,,,51416,38151902,2721,F1,1,,,,,
10-09-2026,10-09-2026,CM,BSE,STK,544849,INF754K01XH9,EBANK10,B,,,,,Edelweiss Mutual Fund,16.47,16.47,16.28,16.28,16.28,16.47,,16.25,,,59,970,5,F1,1,,,,,
10-09-2026,10-09-2026,CM,BSE,STK,544850,INE754X01016,AARVI,B,,,,,Aarvi Encon Limited,142,143.6,142,143.35,143.55,142,,143.18,,,945,135161,16,F1,1,,,,,
10-09-2026,10-09-2026,CM,BSE,STK,544851,INE0OWZ01020,MVELECTRO,B,,,,,MV ELECTROSYSTEMS LIMITED,915.6,915.6,825.55,836.45,836.45,917.25,,835.49,,,402167,348323506,9863,F1,1,,,,,
10-09-2026,10-09-2026,CM,BSE,STK,544852,INE0UR501013,ONEINDIG,M,,,,,Oneindig Technologies Limited,140.35,140.35,139,139,139,140.35,,139,,,2400,335220,2,F1,1200,,,,,
10-09-2026,10-09-2026,CM,BSE,STK,544853,INE05C901015,JNPR,B,,,,,Juniper Green Energy Limited,262.65,263.05,257.5,258.8,258.7,261,,259.02,,,27981,7247067,519,F1,1,,,,,
10-09-2026,10-09-2026,CM,BSE,STK,544854,INE1HX301016,DHAVAL,M,,,,,Dhaval Packaging Limited,117.95,118.55,115.5,115.75,115.5,115.45,,115.75,,,10800,1263840,9,F1,1200,,,,,
10-09-2026,10-09-2026,CM,BSE,STK,544855,INE13LA01027,PRIMAINNO,X,,,,,Prima Innovation Limited,28.3,28.98,26.55,27.35,27.3,28.45,,27.35,,,20115,549405,116,F1,1,,,,,
10-09-2026,10-09-2026,CM,BSE,STK,544856,INE1LMA01010,KLASSROOM,M,,,,,FUSION KLASSROOM EDUTECH LIMIT,185.25,185.25,177.05,185,185,185.25,,185,,,6400,1168480,7,F1,800,,,,,
10-09-2026,10-09-2026,CM,BSE,STK,544857,INF740KA1ZH9,MIDBANKADD,B,,,,,DSP Mutual Fund,17.47,17.47,17.47,17.47,17.47,17.82,,17.4,,,10,174,1,F1,1,,,,,
10-09-2026,10-09-2026,CM,BSE,STK,544858,INE0WR901013,AEGEUS,M,,,,,AEGEUS TECHNOLOGIES LIMITED,129,147.6,127.9,145.15,147.6,123,,145.15,,,243600,34235100,172,F1,1200,,,,,
10-09-2026,10-09-2026,CM,BSE,STK,544859,INE1ZGR01024,GVELECTRIC,M,,,,,G V ELECTRICALS LTD,141,144,140,140.2,140,141.6,,140.2,,,26000,3690900,25,F1,1000,,,,,
10-09-2026,10-09-2026,CM,BSE,STK,544860,INE0XNF01022,ARDEE,B,,,,,Ardee Industries Limited,53.01,54.49,52.15,52.75,52.75,53.39,,52.63,,,520595,27795541,3107,F1,1,,,,,
10-09-2026,10-09-2026,CM,BSE,STK,544861,INE0GMR01016,SWARAJ,T,,,,,Swaraj Suiting Limited,358,359.5,352.75,353,353,355.7,,352.75,,,7489,2647059,101,F1,1,,,,,
10-09-2026,10-09-2026,CM,BSE,STK,544862,INE880Y01017,SOLEX,B,,,,,Solex Energy Limited,857.75,857.75,700,704.6,705,714.8,,705.2,,,3111,2224936,216,F1,1,,,,,
10-09-2026,10-09-2026,CM,BSE,STK,544863,INE0X9I01023,LAPL,M,,,,,LAPL AUTOMOTIVE LIMITED,118.1,135,118.1,127.1,126,117.05,,127.1,,,165600,20923740,126,F1,1200,,,,,
10-09-2026,10-09-2026,CM,BSE,STK,544864,INE1D0W01018,TECHNOCRAF,B,,,,,Technocraft Ventures Limited,413.95,452.9,411.4,439.75,439.75,409.7,,439.41,,,312807,136776690,6490,F1,1,,,,,
10-09-2026,10-09-2026,CM,BSE,STK,544865,INE00GO01025,LEAPIND,B,,,,,LEAP India Limited,145.1,145.45,140.15,140.95,140.95,145.4,,140.96,,,242012,34532133,5978,F1,1,,,,,
10-09-2026,10-09-2026,CM,BSE,STK,544866,INE869T01028,MOLBIO,B,,,,,MOLBIO DIAGNOSTICS LIMITED,1260.05,1509.7,1260.05,1509.7,1509.7,1258.1,,1509.51,,,1042068,1477102285,32576,F1,1,,,,,
10-09-2026,10-09-2026,CM,BSE,STK,544867,INE01NH01023,DHOOTTRANS,B,,,,,Dhoot Transmission Limited,1605.25,1610,1549.95,1570.35,1570.35,1597.6,,1571.5,,,118265,187058989,5360,F1,1,,,,,
10-09-2026,10-09-2026,CM,BSE,STK,544868,INE00IT01020,MILKYMIST,B,,,,,Milky Mist Dairy Food Limited,266.7,279.35,265.5,279.35,279.35,266.05,,279.05,,,1209461,332305238,15240,F1,1,,,,,
10-09-2026,10-09-2026,CM,BSE,STK,544869,INE0Z9N01013,SHAMFOAM,M,,,,,Sham Foam Limited,60.1,60.12,58.01,59,59,61.98,,59,,,38000,2250820,33,F1,1000,,,,,
10-09-2026,10-09-2026,CM,BSE,STK,544870,INE1EEM01017,BLEL,B,,,,,BEHARI LAL ENGINEERING LIMITED,458.1,461.1,436.85,443.65,443.65,457.55,,441.81,,,106095,47666649,2177,F1,1,,,,,
10-09-2026,10-09-2026,CM,BSE,STK,544871,INE0FOO01011,SHIPROCKET,B,,,,,Shiprocket Limited,132.4,133.65,128.5,129.35,129.35,132.6,,129.19,,,442718,57740337,3824,F1,1,,,,,
10-09-2026,10-09-2026,CM,BSE,STK,544872,INE13G401012,QTFOODS,M,,,,,Q&T FOODS LIMITED,41,41,41,41,41,43.15,,41,,,13200,541200,11,F1,1200,,,,,
10-09-2026,10-09-2026,CM,BSE,STK,544873,INF22M001184,NIFTYJBLK,B,,,,,Jio BlackRock Mutual Fund,12,12.12,11.9,12.03,12.04,12.12,,12,,,16543,199061,96,F1,1,,,,,
10-09-2026,10-09-2026,CM,BSE,STK,544876,INE23ER01017,ENS,M,,,,,ENS Enterprises Limited,102.6,102.6,102,102,102,101.5,,102,,,20400,2084040,15,F1,1200,,,,,
10-09-2026,10-09-2026,CM,BSE,STK,544877,INE19QK01022,TECHNOCRAT,MT,,,,,Technocrats Plasma Systems Lim,407.95,411,387.6,396.15,396.15,407.95,,396.15,,,89000,35526750,80,F1,1000,,,,,
10-09-2026,10-09-2026,CM,BSE,STK,544878,INF205KA1CA1,IVZSENSEX,B,,,,,INVESCO MUTUAL FUND,74.64,76.5,74.39,74.8,74.8,76.1,,74.64,,,138,10301,5,F1,1,,,,,
10-09-2026,10-09-2026,CM,BSE,STK,544879,INE0K9O01026,LALITHAA,B,,,,,Lalithaa Jewellery Mart Limite,340.1,344.45,328.75,337.5,338.9,334.7,,337.59,,,804307,270005115,12602,F1,1,,,,,
10-09-2026,10-09-2026,CM,BSE,STK,544880,INE685T01010,HORIZONIND,B,,,,,Horizon Industrial Parks Limit,55.42,56.21,55.01,55.59,55.59,55.65,,55.55,,,104229,5786329,660,F1,1,,,,,
10-09-2026,10-09-2026,CM,BSE,STK,544881,INE1B3O01011,SUNSHINE,B,,,,,Sunshine Pictures Limited,486.15,522,484.25,509.3,506,480.25,,509.69,,,67851,34270687,1991,F1,1,,,,,
10-09-2026,10-09-2026,CM,BSE,STK,544882,INE1WFC01025,SHANKESH,B,,,,,Shankesh Jewellers Limited,98.39,100.93,97.35,98.55,98.5,98.13,,98.42,,,386521,38256503,2205,F1,1,,,,,
10-09-2026,10-09-2026,CM,BSE,STK,544883,INE2F5H01015,MOPSHOP,M,,,,,MOPSHOP DISTRIBUTION LIMITED,66.6,66.6,66.6,66.6,66.6,74,,66.6,,,3000,199800,3,F1,1000,,,,,
10-09-2026,10-09-2026,CM,BSE,STK,544884,INE0VWO01011,DHANWEL,M,,,,,Dhanwel Hybrid Seeds Limited,44.27,54,44.27,44.27,44.27,55.33,,44.27,,,346800,15582456,191,F1,1200,,,,,
10-09-2026,10-09-2026,CM,BSE,STK,544885,INE18UN01038,GAJA,B,,,,,Gaja Alternative Asset Managem,160.35,163.75,153.05,155.35,155.75,158.25,,155.33,,,111390,17660878,1539,F1,1,,,,,
10-09-2026,10-09-2026,CM,BSE,STK,544886,INE1KZI01025,TEMPSENS,B,,,,,TEMPSENS INSTRUMENTS (INDIA) L,596.1,602.2,575.55,582,582,590.05,,581.35,,,207400,121880010,4614,F1,1,,,,,
10-09-2026,10-09-2026,CM,BSE,STK,544887,INF789F1AG76,NIF500BETA,B,,,,,UTI Mutual Fund,36.43,36.72,36.43,36.72,36.72,37.52,,36.94,,,265,9727,3,F1,1,,,,,
10-09-2026,10-09-2026,CM,BSE,STK,544888,INE16W401027,AUGMONT,B,,,,,Augmont Enterprises Limited,909,949.95,807.3,918.4,918.4,897,,917.53,,,203326,188494985,8211,F1,1,,,,,
10-09-2026,10-09-2026,CM,BSE,STK,544889,INE899I01028,SYMBIOTEC,B,,,,,SYMBIOTEC PHARMALAB LIMITED,1136.1,1193.9,1115,1138.05,1140,1134.4,,1138.89,,,206118,237850282,10233,F1,1,,,,,
10-09-2026,10-09-2026,CM,BSE,STK,544890,INE0PX301025,SKYWAYS,B,,,,,SKYWAYS AIR SERVICES LIMITED,114.15,114.85,109.4,110.75,110.75,113.55,,111.18,,,250534,28083927,1387,F1,1,,,,,
10-09-2026,10-09-2026,CM,BSE,STK,544891,INE0LEG01024,HTEL,T,,,,,Hy-Tech Engineers Limited,81.53,81.53,81.53,81.53,81.53,77.65,,81.53,,,53026,4323209,244,F1,1,,,,,
10-09-2026,10-09-2026,CM,BSE,STK,544892,INF846KA1598,ENERGYAXIS,B,,,,,Axis Mutual Fund,19.7,19.7,19.17,19.17,19.49,19.22,,19.17,,,1028,19856,12,F1,1,,,,,
10-09-2026,10-09-2026,CM,BSE,STK,544893,INE103001017,ANNU,T,,,,,Annu Projects Limited,57.28,63.3,57.28,61.56,61.56,60.29,,61.43,,,549091,32835009,4533,F1,1,,,,,
10-09-2026,10-09-2026,CM,BSE,STK,544894,INE185Q01025,LUMINO,B,,,,,LUMINO INDUSTRIES LIMITED,106.59,110.74,102.6,107.88,107.88,106.19,,107.93,,,1103456,116941128,10049,F1,1,,,,,
10-09-2026,10-09-2026,CM,BSE,STK,544895,INE1SFA01019,KWICK,MT,,,,,KWICK FORENSIC SOLUTIONS LIMIT,154,159,148,155.61,155.61,155.46,,155.61,,,307200,47246064,184,F1,1600,,,,,
10-09-2026,10-09-2026,CM,BSE,STK,544897,INE0LHB01010,PALUCK,MT,,,,,Paluck Technologies Limited,42.05,45.41,42,45.41,45.41,43.25,,45.41,,,246000,10911840,71,F1,3000,,,,,
10-09-2026,10-09-2026,CM,BSE,STK,544898,INE0DRI01029,ESDS,B,,,,,ESDS Software Solution Limited,1525,1560.35,1330,1560.35,1560.35,1418.5,,1582.18,,,1397207,2092819338,73051,F1,1,,,,,
10-09-2026,10-09-2026,CM,BSE,STK,544899,INE15EH01014,PRIORITY,T,,,,,Priority Jewels Limited,230,230.2,218.8,226.5,225.4,228.9,,226.9,,,23328,5216129,276,F1,1,,,,,
10-09-2026,10-09-2026,CM,BSE,STK,544900,INE2K6801014,CSML,MT,,,,,COMPLETE SPORTS AND MANAGEMENT,155,156.5,153,156,156,153.9,,156,,,90000,13929750,51,F1,1000,,,,,
10-09-2026,10-09-2026,CM,BSE,STK,544901,INE0I1B01016,PERNIASPOP,B,,,,,PURPLE STYLE LABS LIMITED,562.05,583.7,557,576.15,576.15,563.8,,575.57,,,54525,31329230,1868,F1,1,,,,,
10-09-2026,10-09-2026,CM,BSE,STK,544902,INE24YP01017,PHYCHEM,MT,,,,,Phychem Technologies Limited,50.42,54.45,50.42,51.96,51.55,53.07,,51.96,,,152000,7791740,54,F1,2000,,,,,
10-09-2026,10-09-2026,CM,BSE,STK,544903,INE1M2N01020,DEEPA,B,,,,,Deepa Jewellers Limited,202.85,205,191,195.15,195.15,201.4,,195.97,,,496405,99235713,8148,F1,1,,,,,
10-09-2026,10-09-2026,CM,BSE,STK,544904,INE2J7801015,FLYHI,MT,,,,,FLY-HI MARITIME TRAVELS LIMITE,70.05,70.05,70.05,70.05,70.05,73.7,,70.05,,,7200,504360,6,F1,1200,,,,,
10-09-2026,10-09-2026,CM,BSE,STK,544905,INE0W2E01010,FARMPEACE,MT,,,,,Farm Peace Limited,96.13,96.13,96.13,96.13,96.13,101.18,,96.13,,,2000,192260,1,F1,2000,,,,,
10-09-2026,10-09-2026,CM,BSE,STK,544906,INE1FCO01014,MOMSBELIEF,T,,,,,Rays of Belief Limited,223.1,227,220.4,220.4,220.4,231.95,,218.98,,,10361,2298018,402,F1,1,,,,,
10-09-2026,10-09-2026,CM,BSE,STK,555555,INF346A01034,SENSEXIETF,B,,,,,ICICI Prudential BSE Sensex ET,865.4,865.4,860,861.22,863.92,864.94,,860.63,,,530,456714,44,F1,1,,,,,
10-09-2026,10-09-2026,CM,BSE,STK,570002,IN9623B01058,FELDVR,Z,,,,,Future Enterprises Limited,2.01,2.01,2.01,2.01,2.01,2.02,,2.14,,,115,231,2,F1,1,,,,,
10-09-2026,10-09-2026,CM,BSE,STK,570004,IN9175A01010,JISLDVREQS,B,,,,,JAIN IRRIGATION SYSTEMS LTD.,21.86,21.87,20.56,20.75,20.75,21.57,,20.84,,,3891,81400,20,F1,1,,,,,
10-09-2026,10-09-2026,CM,BSE,STK,570005,INE224E01036,GATECHDVR,T,,,,,GACM Technologies Limited - DV,0.5,0.51,0.48,0.48,0.48,0.5,,0.48,,,195386,95045,64,F1,1,,,,,
10-09-2026,10-09-2026,CM,BSE,STK,590003,INE036D01028,KARURVYSYA,B,,,,,KARUR VYSYA BANK LTD.,338,339.9,334.7,335.4,338,340.45,,335.3,,,45529,15354652,2017,F1,1,,,,,
10-09-2026,10-09-2026,CM,BSE,STK,590005,INE484C01030,VEEDOL,B,,,,,VEEDOL CORPORATION LIMITED,1449,1449,1436.2,1437.25,1437.3,1443.25,,1437.66,,,474,682344,75,F1,1,,,,,
10-09-2026,10-09-2026,CM,BSE,STK,590006,INE098F01031,AMRUTANJAN,B,,,,,AMRUTANJAN HEALTH CARE LTD.,505.95,506.7,492,493.8,495.25,504.05,,493.27,,,3496,1734444,237,F1,1,,,,,
10-09-2026,10-09-2026,CM,BSE,STK,590013,INE445C01015,XPROINDIA,B,,,,,XPRO INDIA LTD.,1308,1308,1258.2,1265.35,1272.65,1300.85,,1265.5,,,1229,1581136,164,F1,1,,,,,
10-09-2026,10-09-2026,CM,BSE,STK,590018,INE598C01011,HISARMETAL,B,,,,,HISAR METAL INDUSTRIES LTD.,156,166.35,156,162.5,162.5,156.5,,155.28,,,62,9756,4,F1,1,,,,,
10-09-2026,10-09-2026,CM,BSE,STK,590021,INE838B01021,BHARATRAS,B,,,,,BHARAT RASAYAN LTD.,1168.2,1230,1160,1167.55,1180,1170.3,,1168.17,,,4337,5183367,481,F1,1,,,,,
10-09-2026,10-09-2026,CM,BSE,STK,590024,INE188A01015,FACT,B,,,,,FERTILIZERS & CHEMICALS TRAVAN,787.8,807.45,785.55,791.7,790.05,785.95,,790.12,,,14658,11618986,628,F1,1,,,,,
10-09-2026,10-09-2026,CM,BSE,STK,590025,INE424C01010,GINNIFILA,T,,,,,GINNI FILAMENTS LTD.,43.19,43.19,41.31,41.83,42,42.99,,41.34,,,3689,154876,24,F1,1,,,,,
10-09-2026,10-09-2026,CM,BSE,STK,590030,INE147A01011,SPIC,B,,,,,SOUTHERN PETROCHEMICALS LTD.,70,70.83,69,69.43,69,70.12,,69.3,,,14556,1016681,255,F1,1,,,,,
10-09-2026,10-09-2026,CM,BSE,STK,590031,INE244A01016,DENORA,B,,,,,DE NORA INDIA LTD.,803,810,803,808.25,808.25,803.55,,802.05,,,214,172606,13,F1,1,,,,,
10-09-2026,10-09-2026,CM,BSE,STK,590041,INE641C01019,KAVDEFENCE,B,,,,,Kavveri Defence &amp; Wireless,61.1,76.12,60.81,75.55,75.55,63.44,,74.88,,,430497,31876936,3680,F1,1,,,,,
10-09-2026,10-09-2026,CM,BSE,STK,590051,INE667G01023,SAKSOFT,B,,,,,SAKSOFT LTD.,152.2,152.2,145.75,146.95,148.1,151.05,,146.88,,,24692,3655275,268,F1,1,,,,,
10-09-2026,10-09-2026,CM,BSE,STK,590056,INE498E01010,SALONA,B,,,,,SALONA COTSPIN LTD.,259,262.95,256.05,262.95,262.95,273.95,,262.8,,,35,9028,6,F1,1,,,,,
10-09-2026,10-09-2026,CM,BSE,STK,590057,INE217G01035,EQUIPPP,T,,,,,EQUIPPP SOCIAL IMPACT TECHNOLO,23.52,24,23.23,23.98,23.98,24,,23.74,,,2071,49061,13,F1,1,,,,,
10-09-2026,10-09-2026,CM,BSE,STK,590062,INE715B01021,ANDHRSUGAR,B,,,,,ANDHRA SUGARS LTD.,98.29,98.57,96.21,96.55,96.22,97.71,,96.5,,,9051,880573,165,F1,1,,,,,
10-09-2026,10-09-2026,CM,BSE,STK,590065,INE547E01014,IMPAL,B,,,,,INDIA MOTOR PARTS & ACCESSORIE,1148.3,1148.3,1123.05,1126.95,1123.05,1127.25,,1127.63,,,252,284758,187,F1,1,,,,,
10-09-2026,10-09-2026,CM,BSE,STK,590066,INE805C01028,KCP,B,,,,,K.C.P.LTD.,162.1,163.4,161,162.3,162.35,161.55,,162.21,,,12591,2043017,59,F1,1,,,,,
10-09-2026,10-09-2026,CM,BSE,STK,590068,INE731C01018,KHAITANLTD,B,,,,,KHAITAN (INDIA) LTD.,163,163,159,159.1,159,163,,159.12,,,144,23125,15,F1,1,,,,,
10-09-2026,10-09-2026,CM,BSE,STK,590070,INE874F01027,RADAAN,B,,,,,RADAAN MEDIAWORKS (I) LTD.,3,3.05,2.85,3,3,3.09,,2.87,,,12160,36366,18,F1,1,,,,,
10-09-2026,10-09-2026,CM,BSE,STK,590071,INE660A01013,SUNDARMFIN,B,,,,,SUNDARAM FINANCE LTD.,4750,4750,4680,4702.35,4705,4724.3,,4702.99,,,20710,97398836,198,F1,1,,,,,
10-09-2026,10-09-2026,CM,BSE,STK,590072,INE073D01013,SUNDRMBRAK,T,,,,,SUNDARAM BRAKE LININGS LTD.,725,749.9,725,725,725,750,,725.1,,,12,8937,4,F1,1,,,,,
10-09-2026,10-09-2026,CM,BSE,STK,590073,INE715A01015,WHEELS,B,,,,,WHEELS INDIA LTD.,2450.05,2500,2170,2309.6,2309.6,2405.1,,2312.83,,,214879,519844629,8855,F1,1,,,,,
10-09-2026,10-09-2026,CM,BSE,STK,590075,INE112F01022,LAMBODHARA,B,,,,,LAMBODHARA TEXTILES LTD.,132.85,140,132.75,136.75,136.5,134.8,,137.19,,,835,114505,107,F1,1,,,,,
10-09-2026,10-09-2026,CM,BSE,STK,590078,INE683C01011,MAITHANALL,B,,,,,MAITHAN ALLOYS LTD.,1085.95,1091.2,1050.95,1055.1,1058.1,1076.65,,1055.59,,,6370,6844365,280,F1,1,,,,,
10-09-2026,10-09-2026,CM,BSE,STK,590086,INE725E01024,ORISSAMINE,B,,,,,ORISSA MINERALS DEVELOPMENT CO,4215,4220.35,4058.3,4072.85,4088.45,4145.25,,4074.48,,,202,836169,73,F1,1,,,,,
10-09-2026,10-09-2026,CM,BSE,STK,590095,INF204KB17I5,GOLDBEES,E,,,,,NIPPON INDIA ETF GOLD BEES,126.1,126.9,126.07,126.2,126.2,125.77,,126.2,,,656025,82964332,5494,F1,1,,,,,
10-09-2026,10-09-2026,CM,BSE,STK,590096,INF732E01037,LIQUIDBEES,F,,,,,NIPPON INDIA ETF LIQUID BEES,1000,1000,999.99,999.99,999.99,1000,,999.99,,,83969,83968602,413,F1,1,,,,,
10-09-2026,10-09-2026,CM,BSE,STK,590097,INF174KA1HJ8,GOLD1,E,,,,,KOTAK MAHINDRA MUTUAL FUND - K,128.04,128.12,127.21,127.48,127.54,126.91,,127.4,,,13046,1665668,681,F1,1,,,,,
10-09-2026,10-09-2026,CM,BSE,STK,590098,INF200KA16D8,SETFGOLD,E,,,,,SBI MUTUAL FUND - SBI GOLD EXC,130.49,130.87,130.02,130.2,130.16,129.75,,130.26,,,310691,40581239,1736,F1,1,,,,,
10-09-2026,10-09-2026,CM,BSE,STK,590099,INF082J01408,QGOLDHALF,E,,,,,Quantum Gold ETF,126,127.1,125.65,126.42,126.38,125.96,,126.42,,,10918,1383801,329,F1,1,,,,,
10-09-2026,10-09-2026,CM,BSE,STK,590101,INF789F1AUX7,GOLDBETA,E,,,,,UTI MUTUAL FUND - UTI GOLD EXC,129.28,129.28,128.29,128.61,128.61,128.13,,128.5,,,9104,1172026,417,F1,1,,,,,
10-09-2026,10-09-2026,CM,BSE,STK,590103,INF204KB14I2,NIFTYBEES,B,,,,,NIPPON INDIA ETF NIFTY BEES,260,268.99,260,267.15,267.15,268.15,,267.17,,,207663,55566356,3896,F1,1,,,,,
10-09-2026,10-09-2026,CM,BSE,STK,590104,INF732E01045,JUNIORBEES,B,,,,,NIPPON INDIA ETF JUNIOR BEES,769.9,792.5,769.9,786.07,788.06,789.65,,785.81,,,16421,12922359,822,F1,1,,,,,
10-09-2026,10-09-2026,CM,BSE,STK,590106,INF204KB15I9,BANKBEES,B,,,,,NIPPON INDIA ETF BANK BEES,585.4,591.35,582.59,583.46,583.21,585.4,,583.52,,,12266,7178905,727,F1,1,,,,,
10-09-2026,10-09-2026,CM,BSE,STK,590107,INF174KA1A86,PSUBANK,B,,,,,KOTAK MAHINDRA MUTUAL FUND - K,84.44,84.84,83.52,83.74,83.55,84.02,,84.03,,,4030,339136,129,F1,1,,,,,
10-09-2026,10-09-2026,CM,BSE,STK,590108,INF204KB16I7,PSUBNKBEES,B,,,,,NIPPON INDIA ETF PSU BANK BEES,92.58,94.59,92.58,93.67,93.75,93.55,,93.54,,,27638,2596991,319,F1,1,,,,,
10-09-2026,10-09-2026,CM,BSE,STK,590109,INF732E01128,SHARIABEES,B,,,,,NIPPON INDIA ETF SHARIAH BEES,441.96,441.96,437.45,438.43,441.58,440.09,,438.57,,,1061,466264,135,F1,1,,,,,
10-09-2026,10-09-2026,CM,BSE,STK,590110,INF082J01499,QNIFTY,B,,,,,Quantum Nifty 50 ETF,258.4,258.6,258,258.32,258.2,259,,258.26,,,472,121874,34,F1,1,,,,,
10-09-2026,10-09-2026,CM,BSE,STK,590113,INF204KB19I1,HNGSNGBEES,B,,,,,NIPPON INDIA ETF HANG SENG BEE,464,466.99,463.64,465.76,466.01,466.61,,465.98,,,12064,5615448,575,F1,1,,,,,
10-09-2026,10-09-2026,CM,BSE,STK,590115,INF247L01536,MOM50,B,,,,,MOTILAL OSWAL MUTUAL FUND,241.83,246.32,225.47,245.53,245.5,248.04,,245.5,,,440,107822,32,F1,1,,,,,
10-09-2026,10-09-2026,CM,BSE,STK,590134,INE414A01015,MADRASFERT,B,,,,,Madras Fertilizer Limited,63.5,63.5,62.25,62.27,62.25,63.13,,62.6,,,2502,157273,70,F1,1,,,,,
10-09-2026,10-09-2026,CM,BSE,STK,590136,INF174KA1ZB7,BANKNIFTY1,B,,,,,Kotak Mahindra Mutual Fund - P,58.17,58.84,58.17,58.47,58.45,58.7,,58.46,,,23712,1387581,185,F1,1,,,,,
10-09-2026,10-09-2026,CM,BSE,STK,590137,INF200KA1580,SETFNIFBK,B,,,,,SBI Mutual Fund-Permitted,582.27,582.27,579.48,579.5,579.48,581.01,,578.83,,,345,200280,27,F1,1,,,,,
10-09-2026,10-09-2026,CM,BSE,STK,590138,INF200KA1FS1,SETFNIF50,B,,,,,SBI Mutual Fund-Permitted,253,256.2,251.96,252.57,252.74,253.47,,252.61,,,21036,5319311,704,F1,1,,,,,
10-09-2026,10-09-2026,CM,BSE,STK,590139,INF174KA1LV5,LIQUID1,F,,,,,Kotak Mahindra Mutual Fund - P,1121.97,1121.98,1121.96,1121.98,1121.98,1121.85,,1121.97,,,811,909912,6,F1,1,,,,,
10-09-2026,10-09-2026,CM,BSE,STK,590140,INF277KA1976,TATAGOLD,E,,,,,Tata Mutual Fund - Permitted,14.83,14.93,14.82,14.83,14.83,14.79,,14.83,,,2499301,37137060,3480,F1,1,,,,,
10-09-2026,10-09-2026,CM,BSE,STK,590141,INF204KB15V2,ITBEES,B,,,,,Nippon India Mutual Fund - Per,32.79,32.79,31.8,32.06,32.14,32.15,,32.06,,,344187,11069066,1561,F1,1,,,,,
10-09-2026,10-09-2026,CM,BSE,STK,590142,INF204KC1089,PHARMABEES,B,,,,,Nippon India Mutual Fund - Per,26.82,27.8,26.82,27.24,27.24,27.51,,27.27,,,277294,7577201,1825,F1,1,,,,,
10-09-2026,10-09-2026,CM,BSE,STK,590143,INF204KB1882,LTGILTBEES,F,,,,,Nippon India Mutual Fund - Per,29.94,29.94,29.82,29.84,29.82,29.9,,29.84,,,30973,924996,25,F1,1,,,,,
10-09-2026,10-09-2026,CM,BSE,STK,590144,INF204KB1V68,MID150BEES,B,,,,,Nippon India Mutual Fund - Per,238.48,238.48,236.21,236.88,237.17,237.99,,236.63,,,11415,2703641,256,F1,1,,,,,
10-09-2026,10-09-2026,CM,BSE,STK,590145,INF204KC1402,SILVERBEES,E,,,,,Nippon India Mutual Fund - Per,225,226.35,223.31,223.64,223.76,222.57,,223.53,,,499589,112405942,4099,F1,1,,,,,
10-09-2026,10-09-2026,CM,BSE,STK,590146,INF247L01FY4,MOGOLD,E,,,,,Motilal Oswal Mutual Fund-Perm,151.49,152.85,150.59,152.85,152.85,149.77,,150.9,,,648,98544,38,F1,1,,,,,
10-09-2026,10-09-2026,CM,BSE,STK,590147,INF247L01FZ1,MOSILVER,E,,,,,Motilal Oswal Mutual Fund-Perm,233.35,233.35,233.03,233.03,233.03,229.22,,230.84,,,155020,36124313,7,F1,1,,,,,
10-09-2026,10-09-2026,CM,BSE,STK,590148,INF247L01CH6,MOSMALL250,B,,,,,Motilal Oswal Mutual Fund-Perm,18.57,18.6,18.45,18.54,18.5,18.51,,18.51,,,53026,983568,143,F1,1,,,,,
10-09-2026,10-09-2026,CM,BSE,STK,590149,INF247L01EV3,MOCAPITAL,B,,,,,Motilal Oswal Mutual Fund-Perm,53.81,53.99,53.49,53.58,53.96,54.03,,53.63,,,42494,2280404,453,F1,1,,,,,
10-09-2026,10-09-2026,CM,BSE,STK,590150,INF247L01CI4,MOREALTY,B,,,,,Motilal Oswal Mutual Fund-Perm,88.85,88.85,86.91,87.4,87.41,88.01,,87.52,,,41036,3588252,327,F1,1,,,,,
10-09-2026,10-09-2026,CM,BSE,STK,590151,INF247L01DK8,MOMENTUM50,B,,,,,Motilal Oswal Mutual Fund-Perm,54.46,54.99,54.46,54.64,54.5,55.01,,54.6,,,8208,449176,148,F1,1,,,,,
10-09-2026,10-09-2026,CM,BSE,STK,590152,INF247L01DJ0,MODEFENCE,B,,,,,Motilal Oswal Mutual Fund-Perm,109.24,109.24,107.35,107.56,107.88,108.8,,107.62,,,58699,6334187,433,F1,1,,,,,
10-09-2026,10-09-2026,CM,BSE,STK,590153,INF247L01BU1,MONIFTY500,B,,,,,Motilal Oswal Mutual Fund-Perm,23.56,23.66,23.47,23.55,23.55,23.56,,23.5,,,9174,215658,76,F1,1,,,,,
10-09-2026,10-09-2026,CM,BSE,STK,590154,INF174KA1IA5,ALPHA,B,,,,,Kotak Mahindra Mutual Fund - P,54.3,54.45,54.02,54.22,54.45,54.22,,54.27,,,20581,1118438,123,F1,1,,,,,
10-09-2026,10-09-2026,CM,BSE,STK,590155,INF666M01OF4,GROWWSLVR,E,,,,,GROWW MUTUAL FUND  PERMITTED,23.05,23.2,22.89,22.9,22.92,22.85,,22.92,,,52390,1208392,106,F1,1,,,,,
10-09-2026,10-09-2026,CM,BSE,STK,590156,INF666M01OE7,GROWWGOLD,E,,,,,GROWW MUTUAL FUND  PERMITTED,14.74,14.99,14.74,14.95,14.95,14.88,,14.91,,,48784,728167,402,F1,1,,,,,
10-09-2026,10-09-2026,CM,BSE,STK,590157,INF666M01IO8,GROWWDEFNC,B,,,,,GROWW MUTUAL FUND  PERMITTED,97.51,99.7,97.51,97.98,98.09,99.13,,97.96,,,49809,4883437,252,F1,1,,,,,
10-09-2026,10-09-2026,CM,BSE,STK,590158,INF666M01JJ6,GROWWRAIL,B,,,,,GROWW MUTUAL FUND  PERMITTED,27.79,28.05,27.62,27.66,27.76,27.79,,27.64,,,31941,886134,243,F1,1,,,,,
10-09-2026,10-09-2026,CM,BSE,STK,590159,INF666M01IP5,GROWWLIQID,F,,,,,GROWW MUTUAL FUND  PERMITTED,110.68,110.69,110.68,110.68,110.68,110.67,,110.68,,,5081,562385,9,F1,1,,,,,
10-09-2026,10-09-2026,CM,BSE,STK,590160,INF277K015R5,NETF,B,,,,,Tata Mutual Fund - Permitted,256.61,256.61,251.27,251.27,251.27,258.63,,255.92,,,147,37603,12,F1,1,,,,,
10-09-2026,10-09-2026,CM,BSE,STK,590161,INF277KA1984,TATSILV,E,,,,,Tata Mutual Fund - Permitted,22.6,22.98,22.6,22.67,22.67,22.6,,22.69,,,974729,22279373,1844,F1,1,,,,,
